# Cangjie dictionary (Unihan database, Unicode License V3)
# Format: code	hanzi	freq
a	日	906
a	曰	67
aa	昌	269
aa	昍	20
aaa	晶	68
aaaa	𣊫	20
aaaa	𣊭	20
aaah	曑	67
aaam	㬪	0
aaam	曡	0
aaav	曟	0
aabt	㬈	0
aabuu	覸	0
aaf	焸	0
aahaf	鷼	20
aahaf	𪂇	20
aahm	暒	68
aahml	㫀	0
aahu	𣈲	20
aaja	龧	20
aajv	暥	0
aam	㫜	0
aamg	𤦉	20
aamh	暘	68
aamj	晘	0
aamu	㫯	0
aaph	晹	20
aapv	暍	68
aate	曝	67
aavf	㬤	0
aayf	暻	67
ab	明	859
abac	暝	68
abbe	曖	67
abbq	𣊬	20
abbt	盟	268
abbuu	覵	0
abf	焽	0
abgr	晭	0
abha	㿢	0
abhaf	鷳	51
abhf	䳟	0
abik	猒	20
abjcm	曌	67
abjj	暈	68
abjj	暉	68
abkf	㬗	0
abkq	晕	68
abme	暖	80
abme	㬊	20
abmgi	琞	20
abmr	晍	20
abms	勗	77
abof	暩	20
abou	暚	20
abt	昷	0
abu	冒	518
abug	㬬	0
abuu	晛	20
abuu	㒻	0
abwi	㬭	0
aci	昖	0
acim	暡	68
acmbc	顕	20
acnh	晜	68
acsh	昐	20
acwa	㬝	0
ad	杲	67
add	晽	20
adhaf	鷴	20
adhl	晰	68
adi	时	984
adj	昩	0
admq	暐	20
adwf	暕	68
aedhe	㿺	20
aenl	鄤	54
aeor	㬁	0
af	炅	64
af	炚	20
afbf	曭	20
afbr	㫾	0
afd	㫧	0
afdq	暽	20
aff	晱	20
afhhh	影	604
afln	㔀	0
afmbc	顥	52
afmbc	顯	52
afmbo	颢	52
afmu	晃	80
afmu	晄	68
afno	歞	20
afq	㫠	20
afqu	㒽	0
afshr	㷖	80
afyrb	䯫	0
ag	圼	0
agbt	曀	67
agcc	㬨	0
agdi	時	984
agdi	㫭	0
agg	晆	0
aggu	曉	67
agi	㫢	0
aglc	㫱	0
agrr	暿	20
ahaj	暤	20
ahaj	暭	20
ahbn	㫼	0
ahbr	晌	68
ahbr	晑	68
ahbu	眉	674
ahe	昄	68
ahey	㫡	0
ahey	昸	0
ahf	𤋁	20
ahgf	曛	67
ahgr	晧	20
ahhaf	鶍	0
ahhd	𥟟	20
ahhl	昴	68
ahhni	䬗	0
ahi	㦹	0
ahkr	㬖	0
ahln	剔	77
ahml	昕	68
ahnr	㫟	0
ahog	暀	20
ahok	敭	20
ahoo	暰	20
ahor	晷	68
ahp	惖	0
ahqm	星	630
ahqo	昳	68
ahs	昨	339
ahs	昈	20
ahsk	曒	67
ahsl	㫹	0
aht	昇	68
ahud	暞	68
ahuj	曍	20
ahum	𣊊	20
ahvi	㫝	0
ahvl	昂	178
ahxu	晲	20
ahye	敡	0
ai	旷	205
aiav	㫰	80
aibi	㬍	0
aice	晙	68
aifq	㬕	0
aihs	晟	68
aii	昿	20
aijb	晡	68
aikf	㬙	20
aikp	昽	67
aimbc	䫀	0
aimu	𣇈	20
aimvu	既	397
aine	昹	20
airf	㬃	0
aisl	即	666
aislf	䳭	80
ait	昪	68
aitc	曠	205
aj	早	641
ajb	昁	0
ajbd	㫲	20
ajbj	暔	68
ajd	昧	68
ajhaf	䳚	0
ajii	暷	20
ajka	暑	68
ajkd	㫴	0
ajkf	曢	0
ajlo	㫸	0
ajmm	暄	68
ajmu	晥	68
ajnu	晼	20
ajtu	暁	20
ajv	晏	68
ajv	㫨	0
ajye	㪋	80
ak	旲	20
akcf	暸	68
akkb	晞	68
akll	昦	68
aklu	晻	20
akms	晇	20
akn	旯	68
akp	㦔	0
aks	㫑	0
al	曱	67
albk	映	68
albo	𣋡	20
alg	堲	74
alln	昲	20
almo	晁	68
almy	㫵	20
almy	暃	20
alnc	曊	20
alwu	㫣	0
alx	㬘	0
am	旦	418
amam	晅	68
ambb	曘	67
ambc	暊	20
ambe	𣌊	20
ambg	曤	20
ambi	曇	67
ambi	㬡	0
ambk	㬉	0
ambm	𣌟	20
ambuu	𧡰	20
amcw	晒	543
amd	旴	68
amdi	㝵	80
amg	旺	68
amgc	㬄	0
amhaf	鴠	51
amhqu	毾	66
ami	戥	70
amia	㬐	0
amig	晊	20
amj	旰	68
amj	旱	68
amk	昊	68
amks	昮	20
amlk	𣆳	20
ammi	昙	67
ammk	晸	20
ammp	曬	543
ammr	晤	68
ammv	晨	338
amne	㫤	0
amo	昃	68
amob	昞	68
amob	昺	68
amrb	㬏	0
amrxu	鼂	51
amsh	昜	68
amsl	昻	68
amtb	曞	20
amtc	㫫	0
amu	㫕	0
amwf	㬓	0
amwg	量	639
amwj	曋	20
amym	昰	20
amyo	是	998
an	門	801
ana	間	883
anaa	閶	53
anam	䦔	0
anan	闁	53
anapv	䦪	0
anasm	闒	53
anau	晚	653
anau	冕	78
anav	䦘	0
anayk	閺	53
anb	閒	53
anbbe	閿	53
anbck	闝	0
anbk	㬇	0
anbuc	閴	0
anbue	闅	20
anbue	䦩	0
anbuk	闃	53
anc	䦦	0
ancr	曕	0
ancru	閱	53
and	閑	53
and	㫗	0
andd	䦥	0
andh	閉	53
andk	䦑	0
andmq	闈	53
andw	䦨	0
andwf	闌	53
ane	閖	20
aneee	䦤	0
anefh	閯	0
anegi	䦢	0
anehr	闊	200
anemg	䦞	0
anf	焛	20
anf	𨳒	20
anfbg	闛	20
anfbw	闣	20
anfqu	闂	0
ang	䦌	0
angdi	䦙	0
angg	閨	53
angit	闔	53
anglc	䦝	0
angr	䦖	0
anh	閁	0
anhae	闎	0
anhbt	䦗	0
anhda	䦭	0
anhe	昅	20
anher	閣	443
anhjr	䦚	0
anhni	闏	0
anhpa	閽	53
anhqu	閐	20
anhud	闑	20
anhx	閰	20
anhxh	𨉖	20
anhxu	䦧	20
aniav	閬	53
anibp	𨶙	20
anikf	䦱	0
aniq	曻	67
anir	㫥	0
anirk	闙	0
anirm	閾	53
anit	閞	20
anjbc	闐	53
anjka	闍	53
anjrr	䦡	20
anjwj	閳	53
ankf	㬠	0
anki	閎	53
anklu	閹	53
ankn	𨳊	20
anlmc	闠	53
anlmi	閩	53
anm	閂	229
anmcw	閪	20
anmfb	䦵	0
anmfj	閛	53
anmg	閏	53
anmgi	閠	20
anmgk	䦯	0
anmj	閈	53
anmjk	闞	53
anmlm	閸	0
anmmm	閆	53
anmmr	䦜	0
anmmu	䦎	0
anmn	閅	20
anmnr	閜	20
anmr	䦒	0
anmso	䦠	0
anmt	開	666
anmti	闘	20
anmvh	閕	0
anmwg	闉	20
anmwv	闄	0
anmy	閇	53
anncr	䦲	0
annhx	閻	53
annkg	閮	20
annok	闋	53
annsd	䦛	0
annwu	䦰	0
ano	閃	459
ano	欥	20
anog	閵	20
anoi	閥	362
anoii	閝	0
anok	暌	68
anoll	䦏	0
anomc	𨴴	20
anomm	闟	53
anomr	閤	20
anon	䦍	0
anoog	䦟	0
anooo	閦	53
anp	悶	70
anp	𨳍	20
anph	閟	53
anq	䦐	0
anqhk	䦬	0
anqka	䦮	0
anqou	闚	20
anr	問	858
anrhr	閭	53
anrrj	闡	396
anrrr	闆	20
ansh	旸	68
ansj	聞	59
ansqf	闖	53
ansrj	闢	20
antc	閧	20
antcu	闀	20
antk	関	53
antlk	䦫	0
antt	䦕	80
antuo	闕	53
antwt	闦	0
anu	閊	20
anumt	闓	53
anus	𣈳	20
anvff	𨶹	20
anvhl	䦳	0
anvif	闗	53
anvit	關	753
anwd	閫	53
anwl	閘	196
anwlj	䦴	0
anwlv	闤	53
anygq	闥	53
anygv	闧	0
anyhn	閌	53
anyhs	閍	20
anyj	閗	53
anyk	閔	53
anylb	閙	20
anymr	誾	56
anyr	䦓	0
anysy	閼	53
anyt	閚	0
anyta	闇	20
anytr	䦣	0
anyvo	閡	53
aodmq	韙	52
aofh	尟	20
aog	㫿	0
aohaf	鶗	51
aohh	昣	68
aoii	昤	68
aoin	昑	68
aoir	晗	68
aoj	旿	20
aoln	㓳	0
aomb	㫻	20
aombc	題	662
aombo	题	662
aomn	𣈥	20
aomn	𣈯	20
aomvn	㼵	0
aon	㫓	0
aond	暣	20
aonk	㬋	0
aop	匙	360
aopj	晔	67
aoqs	韪	52
aorm	㬛	0
aowy	晦	68
ap	㫐	0
apa	㫬	0
aphaf	鵾	51
aphh	昒	68
aphh	易	68
aphu	晓	67
api	旳	20
apim	昀	68
apmm	暅	20
app	昆	284
appym	鹍	51
apr	昫	68
apu	旽	68
apvo	曷	67
aqhl	晣	20
aqjm	暳	20
aqjp	㬩	0
aqka	暙	20
aqmb	晴	68
aqo	㫙	0
arf	照	573
arf	煦	64
arhu	㫛	0
armd	冔	78
arpa	㬆	0
arrj	暺	20
arrk	曮	20
arye	暇	206
asei	曯	0
asf	煝	64
ash	旫	0
ashr	昭	113
asje	最	914
asjs	朂	20
askr	𣇉	20
asmb	㫶	0
asmg	曜	67
asmh	㬔	0
asp	昵	68
ass	昛	0
astr	暱	20
at	㫒	0
ata	𣈏	20
atak	暯	20
atbc	晪	68
atbo	曚	67
atc	显	52
atcd	曗	0
atce	暴	68
atcr	謈	20
atgi	㬢	20
atgi	㬣	0
atgs	曦	208
atgs	𣌀	20
atit	㬒	0
atlb	暪	68
atlc	曂	0
atlf	曣	20
atlk	暎	20
atlo	暵	68
atmj	曄	67
atnk	𣋒	20
atoe	㬦	0
atog	㬮	0
atqm	暛	0
atrk	曔	0
atw	𣈴	20
atys	𣇷	20
au	巴	624
au	旵	68
auam	暨	68
auav	㬞	0
aub	䐴	0
aubt	䀈	0
aud	槩	20
aud	㮣	0
aue	㫞	20
aufd	䊠	0
aug	塈	74
auhaf	鶥	51
auhqu	毷	66
auks	勖	77
aumt	暟	20
aunl	郿	54
aunwf	鱀	20
aupym	鹛	51
aurp	巼	0
auu	岊	72
auu	昢	20
auu	𣅽	20
auud	㬥	0
auuf	㬧	0
auuj	曓	67
auye	㪞	0
auyt	䇒	0
av	艮	58
av	妟	20
avg	垦	74
avhaf	鶡	51
avhaf	鷃	51
avhaf	鷐	20
avhaf	䳛	0
avhl	曏	836
avhqu	毼	20
avif	㬎	80
avii	𣊉	20
avks	㔠	0
avln	㓭	0
avmbc	䫘	0
avne	㫽	0
avno	歇	387
avog	䨃	0
avp	恳	70
avpym	鹖	51
awla	曙	207
awlb	㬂	0
awle	曼	67
awlg	曪	0
awlj	曎	20
awls	㬅	0
ayaf	㬌	0
ayaj	晫	68
aybg	㒿	0
aybk	㬚	20
aybp	曨	67
ayc	昗	0
ayck	晈	20
aydk	暾	67
aydl	㬑	0
ayfd	𣉢	20
ayhs	昉	68
ayhs	昘	20
ayk	旻	68
ayk	旼	68
ayle	曃	0
aym	㫔	0
aynq	㬯	0
ayoj	晬	68
aypt	曥	0
ayrb	暠	68
ayrd	㬀	0
ayrf	晾	168
ayrf	景	68
ayrv	曩	67
aysd	暆	68
aysd	㒾	0
ayso	暶	68
ayt	昱	68
ayta	暗	68
aytg	曈	67
aytj	暲	68
ayvi	昡	68
ayvi	𣆂	20
ayvo	晐	20
ayx	𣋠	20
b	月	839
ba	㸓	0
babt	腽	59
bahm	腥	59
bail	䐚	0
bakb	幂	77
bam	胆	656
bamh	腸	654
bamj	䏷	0
bamo	䐎	0
bang	膶	20
banw	䑌	0
bapp	䐊	0
bate	𦢊	20
bau	肥	59
bayc	冥	80
bb	朋	619
bbaph	䯜	0
bbavf	䯥	0
bbb	骨	51
bbbb	朤	0
bbbbr	䯞	0
bbbr	腡	59
bbbuu	覶	20
bbbv	骽	20
bbcv	䑍	0
bbd	䐆	0
bbdhe	骳	20
bbdi	脟	20
bbdm	骵	0
bbe	受	798
bbfdv	髅	51
bbfmu	䯑	0
bbgg	䯓	0
bbggu	髐	20
bbhaf	鶻	51
bbher	骼	51
bbhf	鵬	51
bbhhj	髀	51
bbhjr	䯏	0
bbhmr	骺	51
bbhne	骰	51
bbhni	骪	0
bbhon	䯒	0
bbhpm	骶	51
bbhu	觅	57
bbiav	䯖	0
bbibi	髆	51
bbijb	䯙	0
bbijc	髍	51
bbikk	䯋	0
bbip	骮	0
bbjhp	䯔	0
bbjhr	髂	51
bbjj	腪	0
bbjmc	髕	51
bbjmu	䯘	0
bbjnu	䯛	0
bbjoc	髌	51
bbjr	骷	51
bbjti	髖	51
bbjtu	髋	51
bbke	爱	890
bbkmb	䯝	80
bbkms	骻	20
bbkn	骩	0
bbkni	骫	51
bbks	䯇	0
bblmc	䯣	0
bbln	剮	77
bblws	𩩍	20
bblwv	髏	51
bbm	册	78
bbm	䏣	0
bbmbc	顝	20
bbmbc	䫚	0
bbmd	骬	0
bbme	䐘	0
bbmj	骭	51
bbmlk	骾	20
bbmmu	䯈	0
bbmnr	䯊	0
bbmr	胴	59
bbmvu	旤	0
bbnd	脬	59
bbnkg	䯕	0
bbno	㽰	0
bbno	䯉	0
bbno	歄	0
bbnq	舜	58
bbobg	髉	0
bbobo	䯐	0
bboii	䯍	0
bboll	骱	51
bboma	䯤	0
bbomj	䯎	0
bbpe	愛	890
bbpm	鹏	51
bbpp	𩨨	20
bbppg	䯗	0
bbpru	骲	20
bbpym	鹘	51
bbr	咼	75
bbsd	㬹	20
bbskn	䯌	0
bbsmh	髎	51
bbtmt	髒	188
bbtpo	䯟	0
bbtqm	髊	20
bbtwi	䯦	0
bbtwt	體	807
bbtxc	䯡	0
bbu	亂	424
bbu	䯆	0
bbug	臞	59
bbul	鼏	51
bbuu	覓	57
bbuu	䏹	0
bbv	脮	0
bbvib	䯚	0
bbvk	膎	0
bbwd	髁	51
bbwlb	髃	20
bbwli	髑	51
bbwot	䯠	0
bbybs	髈	51
bbyck	骹	51
bbyhn	骯	51
bbykb	髓	51
bbymp	骴	51
bbypt	髗	20
bbyrb	髇	51
bbytj	辭	55
bbyvo	骸	51
bc	㓁	20
bc	𦉪	20
bcabu	賵	56
bcamh	𧶽	20
bcaph	賜	381
bcbcc	贔	56
bcbcd	賝	56
bcbcf	䴍	0
bcbgr	賙	56
bcbjj	賱	20
bcbsd	𧶄	20
bcbuc	賏	56
bcbuu	覭	20
bcc	鑍	20
bccim	𧷜	20
bccw	䐉	0
bccwa	贈	380
bcd	罙	0
bcdh	財	56
bcdhe	貱	0
bcfbc	贘	20
bcfbc	䞆	0
bcff	賧	56
bcfmu	𧵦	20
bcfqc	䞉	0
bcgdi	䝰	0
bcgwc	贖	56
bchaf	鵙	51
bchaf	鸎	20
bchbt	賉	0
bche	販	56
bcher	賂	56
bchio	貶	56
bchjr	𧵳	20
bchpm	貾	20
bchqm	貹	20
bchqu	㲘	0
bchuc	𧹏	20
bci	戝	70
bcibi	賻	56
bcice	賐	0
bcig	賍	20
bcigi	賘	0
bcii	賤	201
bciih	贂	20
bcij	賊	692
bcijb	䝵	0
bcije	賕	56
bcikf	䞈	0
bcikk	贆	20
bcim	䐥	20
bcims	贓	20
bcip	䐋	0
bciq	賎	20
bcir	貽	56
bcj	肸	59
bcjir	賳	20
bcjka	賭	56
bcjmf	賩	20
bcjmn	貯	56
bcjnu	䝹	0
bckb	賄	143
bcll	賗	20
bcllp	贃	20
bclmt	贐	56
bcln	則	643
bcmbc	䫤	20
bcmbk	䞂	0
bcmgg	䝽	0
bcmgk	䞃	0
bcmj	罕	60
bcmmu	貦	0
bcmmv	賑	56
bcmpm	賦	385
bcms	肹	59
bcmvn	甖	20
bcmvr	䞅	0
bcmwj	贉	56
bcnau	䒌	0
bcncr	贍	56
bcnd	𧴯	20
bcnh	䏲	20
bcnl	鄍	54
bcnl	郥	20
bcnyo	䝪	0
bcohh	䝩	0
bcoir	賶	0
bcoju	罌	63
bcok	敗	68
bcomd	賖	20
bcomf	賒	56
bconk	䞀	0
bcopd	䝯	0
bcos	䝫	0
bcpad	賯	0
bcpd	貤	56
bcpmm	䝧	0
bcpr	䝭	0
bcqka	賰	20
bcqmb	䝼	20
bcr	冏	78
bcrhu	貺	56
bcrl	腳	360
bcru	脫	59
bcru	脱	59
bcrxu	鼆	20
bcsav	䞁	0
bcsh	朌	20
bcshr	𧵓	20
bcsjr	䝻	0
bcsmh	賿	0
bcsmv	賬	20
bcsoy	䝲	0
bctbc	賟	20
bctco	贌	20
bctct	賹	20
bctis	贜	20
bctje	䝸	0
bctt	賆	0
bcttb	購	56
bctwb	贎	0
bctxc	賺	360
bcv	嬰	73
bcyaj	𦋐	20
bcybp	贚	0
bcyck	賋	0
bcydu	䞋	0
bcyg	䝬	0
bcyhn	貥	20
bcymr	譻	20
bcyoj	賥	56
bcypu	䞊	0
bcyr	貼	56
bcyrf	䝶	0
bcytr	賠	381
bcyvi	䝮	0
bcyvo	賅	56
bd	采	69
bdd	冧	77
bddf	𦡞	20
bdhaf	䳕	0
bdhe	䏢	0
bdher	嗠	0
bdhhh	彩	71
bdhqu	㲗	0
bdi	肘	667
bdk	䏐	0
bdks	㔜	0
bdl	脨	59
bdnl	郛	54
bdoe	膝	661
bdu	乳	355
bdw	腖	59
beee	腏	20
beee	𠖎	20
behaf	鶢	20
behaf	䳮	0
bei	肞	0
benl	䣤	0
beytj	辤	0
bf	炙	64
bfb	䏴	0
bfbc	䐝	0
bfbg	膛	166
bfcb	膌	59
bfd	冞	78
bfd	脒	59
bfdq	膦	59
bff	腅	0
bffs	朥	20
bfh	䏚	0
bfhaf	䳿	0
bfhdw	㸋	0
bfhvf	縣	60
bfkcf	爒	0
bfmu	胱	1
bfp	懸	251
bfq	胖	360
bfqb	㬺	0
bfqb	幐	0
bfqc	賸	20
bfqd	榺	0
bfqe	滕	64
bfqf	騰	187
bfqf	縢	60
bfqf	黱	51
bfqg	塍	74
bfqi	螣	57
bfqm	腾	187
bfqm	䲢	20
bfqr	謄	56
bfqs	勝	459
bfqu	腃	20
bfqv	媵	73
bfu	乿	79
bfuk	脳	20
bg	肚	59
bgb	爯	63
bgb	䏥	0
bgg	胿	0
bggu	膮	20
bghaf	鸜	51
bghqu	氍	66
bgi	胠	59
bgil	脚	360
bgit	䐦	0
bgp	㦟	0
bgp	䏯	0
bgr	周	599
bgrt	䐍	0
bgte	臌	59
bgth	膨	59
bha	胉	20
bhae	腺	59
bhamj	貋	0
bhap	冟	0
bhav	貇	0
bhawe	䝢	0
bhbk	䐿	0
bhbue	貜	56
bhbv	脓	158
bhbvk	貕	20
bhd	䝗	0
bhdf	䐐	0
bhdh	豺	56
bhdhe	䝛	0
bhdn	脷	59
bhdv	腇	20
bhdw	膰	59
bhej	䏺	0
bheq	胮	0
bher	胳	665
bhesd	䝣	0
bhfn	爳	0
bhfr	噕	0
bhg	㸒	0
bhgf	臐	59
bhha	貃	0
bhhau	貌	56
bhhby	貈	0
bhher	貉	56
bhhh	肜	59
bhhhj	貏	20
bhhj	脾	655
bhhlo	䝖	0
bhhne	䝘	0
bhhuj	䝥	0
bhhv	脈	360
bhhwp	貔	56
bhhxu	貎	20
bhi	𦞙	20
bhice	䝜	0
bhjc	貁	20
bhjd	䏭	20
bhje	腶	59
bhjg	腫	650
bhjm	腄	59
bhjr	䏦	0
bhju	腯	59
bhkcf	䝤	0
bhkmr	䝝	0
bhlc	䑇	0
bhlq	貄	20
bhlwv	貗	20
bhma	貊	56
bhmam	貆	56
bhmbc	䫉	0
bhmfm	豾	0
bhmhf	䝠	0
bhmj	豻	56
bhml	肵	59
bhmo	㭀	0
bhn	肌	651
bhn	冗	78
bhne	股	59
bhnf	爲	981
bhni	䏎	0
bhob	豽	20
bhod	貅	56
bhomn	貐	20
bhon	胻	59
bhoo	䐫	0
bhpi	豹	349
bhpm	胝	59
bhpp	豼	20
bhpr	豿	0
bhqhk	䝟	0
bhqm	胜	459
bhqo	胅	20
bhqr	㬶	0
bhrr	䏨	0
bhrrj	貚	20
bhrye	貑	20
bhs	胙	59
bhshr	貂	56
bhsk	䝙	56
bhsp	䝚	0
bhsrr	貙	56
bhtak	貘	56
bhtct	貖	0
bhtlb	䝡	0
bhtrg	貛	20
bhtw	貓	194
bhuc	臢	59
bhul	䑄	0
bhumb	貒	20
bhuo	臜	59
bhuu	膬	59
bhuu	貀	20
bhvo	胍	59
bhwg	貍	20
bhwlo	䝦	0
bhwp	膍	20
bhx	舀	58
bhxc	䑂	0
bhxe	膄	20
bhxf	冩	20
bhxo	腴	59
bhxu	腉	0
bhypu	䝞	0
biav	朖	20
bibi	膊	645
bice	朘	67
bice	脧	59
big	脏	188
bihq	䏬	0
bihqu	㲕	0
bii	䏼	0
bijb	脯	360
bije	脙	20
bik	肰	59
bikf	𤔡	20
bikk	胈	20
bikp	胧	67
biku	肬	59
bilr	膅	0
bimbc	頱	0
bine	脉	360
bioi	腑	645
bip	悬	251
bipc	膩	252
bipf	臕	20
bipo	腻	252
bipp	脦	0
bir	胎	652
bisb	䐔	0
bitc	臁	59
biuh	䏵	0
bixp	膔	59
biypu	虢	57
bjb	肺	658
bjbc	䐜	0
bjbd	脖	668
bjbj	腩	59
bjbm	䐈	0
bjcg	膣	59
bjcm	腔	167
bjcr	𦞳	20
bjcu	𦡆	20
bjd	䏞	0
bjdhe	皸	62
bje	肢	59
bjhaf	鶤	51
bjii	膞	59
bjka	䐗	0
bjkp	𦚱	20
bjlmi	蠈	20
bjlo	脻	0
bjmbc	顐	20
bjmc	臏	59
bjmf	腙	59
bjmg	腟	20
bjmo	腚	59
bjmu	脘	59
bjnl	鄆	54
bjnu	腕	667
bjoc	膑	59
bjrj	䐻	0
bjtc	膹	20
bjti	臗	20
bjv	胺	59
bjwj	軍	742
bk	冈	72
bk	罓	60
bkcf	膫	59
bkcor	谿	20
bkcu	𦞴	20
bkd	胨	59
bkf	然	948
bkf	𤉷	20
bkhaf	鷄	63
bkhaf	鶪	51
bki	肱	59
bki	肽	59
bkic	脎	20
bkirm	䍞	0
bkk	网	60
bkkb	脪	20
bkln	刚	77
bklu	腌	549
bkmbc	䫣	0
bkmj	䍑	0
bkmlw	羀	60
bkmr	䐀	0
bkms	胯	660
bkn	胰	653
bkni	肒	20
bknl	郹	54
bknn	䐒	0
bkno	㰿	0
bkog	雞	63
bkoo	脥	20
bkpb	䐭	20
bkpym	䴗	51
bkq	军	742
bks	肋	1
bksc	胁	59
bksj	䐛	0
bkso	䏮	0
bkss	脇	20
bl	肿	650
blbk	胦	59
blbu	䏙	20
blgm	䐸	0
bll	𦉫	20
blll	䏒	0
blln	胇	59
blmc	膭	0
blmo	朓	67
blmo	脁	20
blmy	腓	59
bln	刖	77
bloo	㒳	80
blqjs	䵻	0
blu	见	860
blwl	胂	59
blwv	膢	20
blx	䐹	0
blxh	胏	59
bm	且	618
bm	囗	75
bm	肛	62
bmbb	臑	59
bmbc	䐓	20
bmbg	臛	59
bmbk	腝	0
bmbl	胹	59
bmbs	膤	20
bmbu	脜	0
bmcw	𦚵	20
bmd	䏏	0
bmf	肧	20
bmfb	𦢈	20
bmfj	胓	0
bmfm	胚	59
bmfr	脴	20
bmg	䏕	0
bmhaf	鴡	20
bmi	县	60
bmig	胵	20
bmj	肝	657
bmke	爰	63
bmks	助	77
bmlb	脼	0
bmlm	𦜖	20
bmln	刞	77
bmm	冄	0
bmmbc	䪶	0
bmmc	具	548
bmmf	䏡	20
bmmo	冢	169
bmmo	冡	78
bmmr	䏸	0
bmms	肟	59
bmmu	朊	67
bmmu	䏓	0
bmmv	脤	59
bmnl	䢸	0
bmnr	胢	0
bmog	雎	53
bmr	同	907
bmrb	膈	59
bmrt	脰	59
bmrw	冨	20
bmrw	腷	20
bmso	豚	56
bmso	䐁	20
bmsp	㥯	0
bmua	䐶	0
bmue	冦	20
bmui	冠	387
bmuv	㓂	0
bmvm	脛	59
bmwf	膘	59
bmwj	䐺	0
bmwl	腼	52
bmwv	腰	165
bn	肊	59
bn	㐍	0
bnau	脃	20
bnau	脕	20
bnb	冎	0
bncr	膽	656
bnd	孚	73
bng	䏔	0
bnhd	腬	59
bnhe	䏜	0
bnhx	䐄	0
bnii	膙	59
bnin	䏧	0
bnkg	脡	59
bnkq	腱	59
bnkv	脠	0
bnl	䏖	0
bnlii	蠫	20
bnmm	䐞	0
bnmu	脆	486
bnmvi	䢆	0
bno	肷	59
bnom	胫	59
bnot	膯	0
bnsh	肠	654
bnui	冤	78
bnwf	䐳	0
bo	贝	56
boaa	䞎	0
boabu	赗	56
boae	腹	168
boah	膓	20
boaph	赐	381
bob	肭	59
bobgr	赒	56
bobo	朒	20
bobo	䏑	0
boboo	赑	56
bobr	𦛚	20
bocwa	赠	380
bod	䏫	0
bodh	财	56
bodi	胕	20
boff	赕	56
bog	脽	20
bogf	膲	59
bogs	臇	59
bogs	䐪	0
bohaf	鶏	20
bohe	贩	56
boher	赂	56
bohh	胗	59
bohio	贬	56
bohjr	䞌	0
boibi	赙	56
boig	赃	56
boii	朎	20
boij	贼	692
boije	赇	56
boim	䑎	0
boin	肣	20
boip	腍	59
boir	贻	56
boj	㬳	0
bojka	赌	56
bojm	贮	56
bojnk	赎	56
boju	䍃	80
bokb	贿	143
bolb	䐰	0
boln	则	643
boma	膾	59
bomb	腀	0
bomc	𦛼	20
bomc	㒷	0
bomi	脍	59
bomm	脸	59
bommf	祭	61
bommv	赈	56
bomn	腧	59
bomn	䏗	0
bomo	臉	59
bompm	赋	385
bomr	䏩	0
bomrt	豋	56
bon	肐	20
boncr	赡	56
boog	脞	59
booju	罂	63
book	败	68
boomf	赊	56
bopd	胣	20
bopi	购	56
bopo	账	382
boq	脌	20
boqka	䞐	0
boqmb	䞍	0
borhu	贶	56
bosoy	赆	56
botf	膴	59
botxc	赚	360
bov	婴	73
bowp	䞏	0
bowy	脢	59
boymr	詧	20
boyr	贴	56
boytr	赔	381
boyvo	赅	56
bpa	脂	59
bpd	肔	0
bph	䏟	20
bpha	䐇	0
bphh	肳	0
bphr	脗	20
bpi	肑	0
bpmm	䏛	0
bpo	胀	59
bpp	肶	20
bppg	䏶	0
bpr	朐	67
bpr	胊	59
bpru	胞	652
bpt	朑	0
bptd	䐑	0
bpu	肫	59
bpuk	胸	658
bpuu	䐢	0
bq	用	929
bqdhe	皲	62
bqhaf	䴄	0
bqhag	䑟	0
bqhf	䐼	0
bqhl	䏳	0
bqj	肨	0
bqka	䐏	0
bqkk	腠	59
bqkq	䏾	0
bqmb	腈	59
bqmf	膆	59
bqmv	脿	59
bqni	䏝	59
bqnl	郓	54
bqo	肤	650
bqu	甩	63
br	冋	78
brbc	䐣	0
brc	胑	59
brhaf	鵰	20
brhg	脭	20
brhhh	彫	20
brhvf	𦅚	20
brhvf	䌛	0
bri	戙	20
brip	㢥	0
brln	㓮	0
brmk	脵	0
brnl	郮	0
brob	脶	59
brog	雕	560
brrd	臊	59
brrj	䐷	0
brrp	㖯	0
brrs	腭	220
brrs	㬽	0
brse	腵	0
brsj	䐕	0
brsmm	翢	20
bru	囘	75
bsc	䏘	0
bsd	爭	63
bse	脲	59
bsec	臔	0
bsef	鵩	51
bsf	㷡	0
bsfd	䐖	0
bshh	豸	56
bshi	肕	59
bsip	䏰	20
bsj	䏪	0
bsje	冣	78
bsjr	腒	59
bsle	服	67
bsma	䐲	0
bsmg	腛	20
bsmh	膠	71
bsmj	臎	0
bsmr	䏤	0
bsmv	脹	59
bsok	䐅	0
bsp	胒	0
bsrj	䑀	0
bsrr	膒	0
bss	凸	479
bssr	䏱	0
bstv	𦟌	20
bt	冊	78
bt	皿	62
bt	䍏	0
bta	腊	59
btab	冪	77
btak	膜	59
btav	臈	20
btbc	腆	59
btbo	朦	67
btbo	䑃	0
btbs	𦛨	20
btc	㬴	0
btca	𦡮	20
btct	膉	20
btgr	膳	59
btis	臟	188
btis	臓	20
btk	朕	67
btlb	䐽	0
btlf	臙	20
btlj	䐙	0
btlk	朠	67
btln	删	77
btln	刪	77
btmbc	頯	52
btmbc	𩓚	20
btmc	𦝁	20
btmc	䐵	0
btmd	腜	59
btmj	𦠜	20
btoe	臒	20
btop	㬸	0
btov	㒺	0
btov	䑆	0
btq	羘	0
btqm	䐤	0
btrg	䑏	0
btt	肼	59
btt	胼	59
bttb	䐟	0
btu	岡	72
btwa	䐬	0
btwn	䑅	0
btwv	膿	158
btxc	膁	0
btyj	膵	59
btyu	㬻	0
btyu	䐠	0
btyv	罔	80
bu	目	704
bu	冚	20
buafu	䁜	0
buahm	睲	20
buahu	睸	20
buajv	䁙	0
buamh	䁑	0
buamj	睅	62
buamo	睼	20
buana	瞷	62
buanb	瞯	20
buang	瞤	0
buank	矙	20
buano	䁡	0
buaph	睗	0
buav	眼	809
bub	眀	0
bubac	瞑	62
bubbe	瞹	62
bubbq	瞬	62
bubd	睬	183
bubgr	睭	20
bubhf	鷪	0
bubjj	睴	0
bubme	䁔	0
bubmr	眮	0
bubou	䁘	0
bubsd	睜	125
bubu	䀠	0
bubue	䂄	0
bubug	䂂	0
bubuk	瞁	20
bubuu	睍	20
bubuu	覞	20
bubvk	𥉐	20
bubwi	䂃	0
buc	貝	56
buce	朡	20
bucim	瞈	62
bucms	盻	62
bucnh	睇	62
bucor	䀰	0
bucsh	盼	249
bucwa	䁬	0
budhl	𥇦	20
budi	䙷	0
budi	䙸	0
budj	眜	0
budk	䀗	0
budl	䀳	0
budmf	𥈡	20
budoo	睞	62
budt	睐	62
buei	䀑	0
bueiu	䁊	0
buf	煛	0
bufb	睄	62
bufbf	矘	20
bufbg	瞠	62
bufbq	𥋇	20
bufd	眯	62
bufdq	瞵	62
bufdv	䁖	62
buff	睒	62
bufh	眇	62
bufq	眫	20
bufqu	睠	20
bugce	睖	62
bugcg	睦	452
bugg	眭	62
buggu	䁱	20
bugis	䀷	0
bugit	瞌	62
bugrr	瞦	0
bugtj	䁄	0
buhaf	鷂	51
buhaf	瞗	20
buhas	矈	0
buhce	𥊙	20
buhdf	瞅	216
buhe	眅	62
buhej	䀱	0
buher	䀩	0
buhfb	𥋘	20
buhfp	矁	0
buhgf	矄	20
buhhh	䀐	0
buhhj	睥	62
buhhv	眽	62
buhio	眨	218
buhj	䀒	0
buhjm	睡	217
buhjr	䀨	0
buhju	瞃	20
buhml	盺	20
buhni	颻	52
buhnk	飖	52
buhok	覹	20
buhok	矀	0
buhon	䀪	0
buhoo	瞛	20
buhpa	睧	20
buhqi	睋	20
buhqo	眣	62
buhqu	眊	62
buhsk	睙	62
buhsk	䁶	0
buhu	見	860
buhui	䁛	0
buhus	矏	20
buhvd	䀥	0
buhvf	繇	60
buhvi	眡	0
buhvl	䀚	0
buhvp	眂	62
buhxe	瞍	62
buhxu	睨	62
buiav	䀶	0
buice	睃	62
buig	𥅾	20
buihq	眸	62
buihr	䁍	0
buijb	䀯	0
buik	狊	20
buikk	䁭	0
buikp	眬	62
builr	瞊	0
buine	眿	0
buiok	䀵	0
buir	眙	62
buitc	矌	20
buiv	眓	20
bujbc	瞋	62
bujcm	瞾	20
bujd	眛	62
bujii	䁣	0
bujir	睵	0
bujjl	䁪	20
bujka	睹	62
bujlo	睫	673
bujmc	矉	62
bujmc	瞚	20
bujmm	睻	20
bujmn	眝	20
bujmu	睆	62
bujnu	睕	20
bujpn	矃	20
bujqr	瞎	62
bujr	䀦	0
bukcf	瞭	62
bukd	㮂	0
bukgg	睳	0
bukjj	䡞	0
bukk	覐	57
bukkb	睎	62
buklu	䁆	0
bukmf	𥇧	20
bukn	眱	20
bukni	䀓	0
bukoo	䀹	20
bukoo	鿃	0
bukvf	䋰	0
bulbk	眏	20
bulbu	眈	62
bulln	䀟	0
bullp	瞣	20
bulmc	瞶	20
bulmi	蜰	20
bulmo	眺	62
buln	剛	77
bulwl	眒	20
bulws	䀻	0
bulwv	瞜	62
bumb	腨	20
bumbb	𥌎	20
bumbg	矐	20
bumd	盱	62
bumgg	睚	62
bumig	眰	62
bumj	盰	20
bumjk	瞰	62
bumk	䀖	0
bumls	眄	62
bummc	䁰	0
bummf	眎	20
bummi	眃	20
bummp	矖	0
bummu	盶	0
bummv	䀼	0
bumn	盯	62
bumob	眪	0
bumt	䀘	0
bumt	䐩	0
bumtb	矋	20
bumua	䁮	0
bumvm	䀴	0
bumvs	䀎	0
bumwf	瞟	62
bumwj	瞫	62
bumwv	䁏	0
bumym	眐	20
bun	㐠	0
bunau	睌	20
bunbe	矎	20
buncr	瞻	62
bund	覎	57
bundt	䁅	20
bunhb	瞲	20
bunhe	𥄫	20
bunin	眵	62
bunir	眳	62
bunkm	䀽	0
bunkq	睷	20
bunl	䀕	0
bunok	睽	62
bunot	瞪	219
bunri	䂁	0
bunsd	睁	125
bunwf	䁩	0
buog	睢	62
buog	瞿	62
buog	膗	59
buoge	矍	62
buogf	瞧	62
buohh	眕	62
buok	䀢	0
buoma	瞺	20
buomb	睔	20
buomg	䀬	0
buomm	睑	62
buomm	䁯	20
buomn	睮	20
buomo	瞼	62
buomr	䀫	0
buon	盵	62
buonk	睺	62
buoog	睉	0
buoq	𢆡	20
buotf	瞴	20
buowy	䀲	0
bup	㦝	0
bup	愳	0
bupa	眴	62
buph	䀣	0
buphh	䀛	0
bupim	盷	20
bupp	䀝	20
bupr	眗	0
bupsh	䀙	0
buptd	䁋	0
bupu	盹	62
bupym	鹞	51
buqhl	䀿	0
buqhl	䁀	0
buqj	盽	0
buqka	睶	0
buqmb	睛	62
buqmc	瞔	0
buqmv	䁃	0
buqou	瞡	20
burb	睊	62
burbc	䁚	0
burhu	眖	0
burmg	睈	0
burpa	䁕	0
burrd	矂	20
burse	睱	0
bursj	䁒	0
burvp	眠	62
bushb	瞩	62
bushi	䀔	0
bushr	眧	20
busj	眲	20
busk	眍	62
busmg	眶	672
busmg	矅	20
busp	眤	20
busrj	䁹	0
busrr	瞘	62
bustr	䁥	20
busuu	𥇣	20
busyi	矚	62
butak	瞙	20
butbc	睓	62
butbo	矇	370
butc	䀧	0
butco	瞨	20
butgs	䂀	0
butit	䁳	0
butk	眹	62
butkr	睰	0
butlb	瞞	62
butlk	䁐	0
butlo	䁧	0
butmb	瞒	62
butmj	瞱	20
butoe	矆	0
butpd	瞸	0
butq	眻	20
butqm	䁟	0
butrg	矔	62
butw	瞄	218
butwi	䁾	0
butwu	矒	0
butwv	䁸	0
butxc	䁠	0
buu	朏	67
buu	胐	20
buuce	䁓	20
buumt	䁗	20
buvf	県	20
buvfb	矊	20
buvfi	䂅	0
buvid	䁻	0
buvis	眑	62
buvml	鼎	51
buvne	睩	20
buvvv	䁽	0
buwb	䁌	0
buwd	睏	493
buwfg	䁼	0
buwgf	䁫	0
buwla	𥌓	20
buwlc	䁲	0
buwlj	䁺	0
buwlv	䁵	0
buwml	睤	0
buyaj	𥇍	20
buybk	瞮	0
buybp	矓	62
buybu	𥌑	20
buycb	䁤	0
buydl	䁨	0
buyfd	瞇	364
buyhs	眆	0
buyhv	褜	0
buyj	䀞	0
buyk	盿	0
buymp	眦	62
buyoj	睟	62
buypm	䁦	0
buypt	矑	0
buyr	䀡	0
buyrf	䁁	0
buyrl	瞓	62
buyrn	䁎	0
buyso	䁢	20
buyt	𥅈	20
buytg	瞳	673
buytj	瞕	62
buyub	瞝	20
buyv	盳	20
buyvi	眩	62
buyvo	䀭	0
buyvu	䀮	0
buywm	䁴	0
bv	妥	399
bvg	墾	74
bvhaf	鸚	51
bvhaf	鵎	20
bvhl	膷	59
bvhvo	㼏	0
bvid	䑈	0
bvik	奚	73
bvne	䐂	20
bvnl	郻	20
bvno	腞	20
bvog	䨉	0
bvp	懇	70
bvpym	鹦	51
bvvv	臘	59
bvvw	腦	59
bwd	腂	20
bwd	㬷	0
bwg	䤚	0
bwgg	𦢓	20
bwhd	䐃	20
bwim	膕	59
bwk	胭	59
bwl	胛	59
bwlb	腢	20
bwlg	𦣇	20
bwli	爵	63
bwli	臅	20
bwlj	䐾	0
bwmi	腘	59
bwmv	腲	20
bwot	膃	59
bwp	腮	669
bwvf	䐯	0
bwyi	胟	0
bxff	𦦨	20
by	丹	401
by	円	78
by	㓀	0
byav	腿	662
bybb	膼	20
bybp	朧	67
bybp	𠖥	20
bybr	膪	59
bybs	膀	1
bycb	䐱	0
bycip	㥖	0
byck	胶	71
byck	㬵	0
bydk	㬿	0
byhaf	鴅	20
byhhh	彤	71
byhj	膖	0
byhn	肮	51
byhr	膇	59
byhs	肪	59
byia	膱	20
byij	膟	59
byjj	腁	0
bykb	膸	20
bykl	脐	59
bykm	䐮	0
bylc	䑊	0
byln	刐	20
bymr	䚻	20
bymy	胩	59
bynl	䢷	0
bynv	䑉	0
byoj	脺	20
byok	腋	666
bypo	臄	59
bypt	臚	59
byr	胋	0
byrb	䐧	0
byrd	朜	0
byrn	脝	59
byrp	㓃	0
byrv	䑋	0
bys	胪	59
bysm	写	784
byt	䏠	0
byta	腤	20
bytg	朣	67
bytg	膧	20
bytmc	䵊	0
bytoe	雘	53
bytp	臆	59
bytr	䏽	0
byuk	脑	59
byvg	臃	59
byvi	胘	20
byvo	胲	59
bywm	膻	59
byx	臍	59
c	金	724
ca	鈤	54
caa	錩	54
cab	𨧹	20
cabt	鎾	0
cafu	鎤	54
cagu	䥵	0
cahhh	㣒	0
cahm	鍟	20
cahu	鎇	54
cam	鉭	54
camh	鍚	54
cami	鍀	54
camj	銲	20
camo	鍉	54
camvn	甑	63
can	鍆	54
cana	鐧	54
canau	䒏	20
canb	鐗	54
cand	䥜	0
canl	鄫	54
canr	䥨	0
cant	鐦	54
canw	鑭	53
caop	𨫞	20
caph	錫	323
caphh	朆	67
capp	鋼	54
capv	鍻	20
casm	鎉	54
casmm	䎖	20
cate	鑤	20
cau	鈀	54
cav	銀	54
cavf	䥪	20
cawe	鏝	54
cayf	鐛	20
cayt	𨩄	20
cb	鈅	20
cb	䏌	0
cbb	錋	20
cbbe	鑀	53
cbbr	鍋	341
cbcd	𨨥	20
cbcn	鍘	54
cbcv	𨰃	20
cbdi	鋝	54
cbgr	錭	20
cbhn	䤟	0
cbhx	䤾	20
cbjj	鍕	20
cbm	鉏	54
cbme	鍰	54
cbmo	䥂	0
cbmr	銅	324
cbmr	𥖹	20
cbms	鋤	286
cbnd	鋢	0
cbo	钡	54
cbon	铡	54
cbou	鎐	20
cbsd	錚	54
cbt	銏	20
cbtv	龬	20
cbu	鉬	54
cbuc	鋇	54
cbue	钁	53
cbug	鑺	0
cbul	鐤	20
cbuu	鋧	20
cbv	鋖	0
cbwi	𨰜	20
cc	釟	20
cc	鍂	20
ccc	鑫	53
cccc	𨰻	20
cchaf	𪄇	20
cci	鈆	54
ccim	鎓	0
ccnh	銻	54
ccor	鋊	54
ccr	鉛	54
ccru	銳	240
ccsh	鈖	20
ccwa	鏳	20
cd	鈢	0
cdb	𨦉	20
cddo	𨭣	20
cddq	鑻	20
cdf	錰	20
cdg	𨧀	20
cdh	釮	20
cdhe	鈹	54
cdk	鈌	54
cdl	鋉	20
cdlo	鏉	0
cdm	鉢	153
cdmq	鍏	54
cdoo	錸	54
cdt	铼	54
cdw	錬	20
cdwf	鍊	20
ce	淾	20
cea	錔	54
ceah	鐋	20
cede	𨨏	20
cee	𨥖	20
ceed	鎟	20
ceee	錣	20
cefh	䤬	0
cegi	鍅	54
cehv	鎃	20
cei	釵	54
ceid	𨫟	20
cenh	铴	20
ceq	铎	53
cesd	𨬡	20
cetc	𨩅	20
cf	鈥	54
cf	釥	20
cfb	銷	228
cfbb	鏛	20
cfbc	鎖	447
cfbd	鏿	20
cfbf	钂	54
cfbg	鏜	54
cfbk	䥕	0
cfbo	锁	447
cfbq	鐣	0
cfbr	鋿	20
cfbu	鎲	54
cfbw	鐺	53
cfd	銤	54
cfdq	鏻	20
cfdv	镂	164
cff	錟	54
cffd	鑅	53
cffg	𨯗	20
cffs	鐒	54
cfh	鈔	54
cfmu	銧	54
cfog	𨫠	20
cfq	鉡	20
cfqu	錈	54
cfsm	铛	53
cg	釷	54
cgb	䤡	0
cgbn	𨧣	20
cgce	錂	20
cgcg	錴	54
cgfo	䥗	0
cgg	銈	20
cggu	鐃	54
cgi	鉣	20
cgit	鎑	20
cglc	䤲	0
cgni	鑄	53
cgov	𨬓	20
cgp	鋕	54
cgr	銡	20
cgrf	𨯨	20
cgrr	𨭎	20
cgrv	鎱	20
cgsk	𨫼	20
cgth	𨭌	20
cgtj	﨨	0
cgwc	鑟	0
cha	鉑	54
cha	㒶	0
chaa	𨰝	20
chab	錦	121
chae	䤼	20
chaf	鵭	20
chag	鍠	54
chbe	鎫	0
chbk	鐭	20
chbr	銄	20
chd	鉌	54
chdb	鏼	20
chdf	鍬	54
chdh	銹	194
chdl	𨧺	20
chdn	鋓	20
chdp	鏭	0
chdu	鋵	0
chdv	錗	0
chdw	鐇	20
che	鈑	54
chej	鋒	296
cher	鉻	54
chey	鉖	20
chfd	䤣	0
chg	鈓	20
chgf	鑂	20
chgi	銩	54
chgr	鋯	54
chgu	銑	54
chhaf	鳻	51
chhaf	鵜	51
chhe	鑗	20
chhh	釤	54
chhj	錍	54
chhl	鉚	428
chhul	䶏	0
chhv	䤨	0
chhw	鎦	54
chixp	麄	51
chj	釺	54
chjd	銖	54
chje	鍛	54
chjg	鍾	53
chjm	錘	429
chjo	锧	53
chjr	銛	54
chju	鍎	20
chjx	鍤	54
chkb	鐈	20
chlc	鑕	53
chlmi	蚠	20
chln	剃	77
chlo	鍁	54
chlo	釽	20
chmbc	頒	52
chmbo	颁	52
chml	釿	20
chmr	銗	20
chn	𡯂	20
chn	釠	0
chnb	𨦨	20
chnd	䤪	20
chnd	鏫	0
chne	鈠	0
chni	釩	54
chni	𩗩	20
chnl	邠	54
chok	攽	68
chok	䥩	0
chol	䥏	0
choo	鏦	54
chp	𢚖	20
chpa	錉	20
chpr	銽	0
chpym	鹈	51
chq	鈝	0
chqi	鋨	54
chqm	鉎	20
chqo	鉄	54
chrf	鎢	54
chs	鈼	20
chsk	䥞	0
chtl	𨰉	20
chtn	䥷	0
chu	尣	20
chua	𨯩	20
chua	鑙	0
chuc	鑽	452
chud	鎳	54
chup	鎴	54
chvd	铄	53
chvl	䤝	0
chvo	鈲	20
chwp	鎞	54
chwp	鏓	20
chxc	𨯵	20
chxe	鎪	54
chxh	銵	54
ci	公	849
ciav	鋃	54
cibi	鎛	54
cice	鋑	54
cid	枀	0
cifm	鎺	0
cih	龯	20
cihaf	䲲	0
cihf	鏚	54
cihm	銊	20
cihq	鉾	20
cihr	鍼	20
cihs	鋮	54
cihu	鈗	20
cihv	𨩆	20
cii	錢	681
ciih	鏒	20
ciil	鎯	20
cij	钱	681
cijb	鋪	406
cijc	鉥	20
cije	銶	20
cijj	龲	20
cikk	鈸	54
ciku	䤞	20
cilb	鏞	54
cile	鏮	20
cill	銂	20
cilr	鎕	20
cimbc	頌	205
cimbo	颂	205
cimn	瓮	154
cimr	𥗛	20
cine	銢	20
cing	𨫆	20
cip	釴	20
cip	忩	0
cipf	鑣	53
cipm	鉽	20
cipp	鋱	54
cipp	䥝	0
ciq	銭	20
cir	鈶	20
cis	鈩	20
cisb	鍽	20
cisk	錑	0
cism	翁	264
cism	䥇	0
citc	鐮	286
citc	鑛	20
cite	鍍	54
citf	鏣	20
civ	鉞	54
cixe	𨯙	20
cixp	鏕	20
cixq	𨭤	20
cj	針	54
cjbc	鎮	455
cjbd	鋍	54
cjbf	鎍	54
cjbf	鑔	53
cjbj	𨩇	20
cjcl	镩	53
cjcr	鎔	54
cjcv	鑹	53
cje	鈘	20
cjfe	䤹	0
cjhf	䥱	0
cjhp	䤩	0
cjig	鐵	509
cjig	䥫	0
cjii	鏄	20
cjip	鏸	54
cjit	鐡	54
cjjj	𨪚	20
cjjl	鏩	0
cjjm	𨯪	20
cjju	錷	0
cjka	鍺	54
cjkd	﨧	0
cjki	鋐	20
cjkp	銠	54
cjks	銬	54
cjmc	鑌	53
cjmc	鏔	20
cjmc	𨰦	20
cjmc	𨰰	20
cjmf	錝	20
cjmm	鍹	54
cjmo	錠	54
cjmo	鎵	54
cjmu	鋎	20
cjmw	𨬬	20
cjni	䥉	0
cjnl	郸	54
cjnu	鋺	54
cjoa	鏥	20
cjoc	镔	53
cjon	䥑	80
cjp	鉈	54
cjpn	鑏	20
cjpu	铙	54
cjqr	鎋	54
cjr	鈷	54
cjrb	鍸	20
cjrr	錧	20
cjru	鋴	20
cjstv	冁	75
cjtc	鐼	20
cjti	鑧	20
cjto	鑳	53
cjv	銨	54
ck	父	761
ck	釱	54
ckau	爸	602
ckb	銪	54
ckbm	㸖	0
ckbmr	㸗	0
ckce	鎩	54
ckcf	鐐	54
ckd	铩	54
ckgg	鍷	20
ckhml	斧	68
cki	鈦	54
cki	鈜	20
ckjka	㸙	0
ckjt	錛	54
ckkb	䤭	20
ckkk	鏯	0
cklb	鈽	54
ckld	銌	20
cklu	䤶	0
ckmb	䤻	0
ckmf	錼	54
ckmgc	釜	54
ckmr	錡	54
ckms	銙	20
ckn	銕	54
ckn	釚	20
ckni	釻	0
cknin	爹	63
ckoo	鋏	54
cks	釛	20
cksjl	爺	223
cksl	爷	223
cksr	鉫	20
ckt	铗	54
ckwln	㸘	0
cl	丫	80
cl	鈡	20
clbk	鉠	54
clbu	鈂	20
cleg	铿	54
clk	鉂	0
cll	鋛	20
clld	䥡	0
clll	釧	54
clln	鉘	20
clmc	鐀	20
clmi	鉵	0
clmo	銚	54
clmp	鉳	54
clmy	䤵	20
cln	釗	54
clnc	鐨	54
clno	镄	54
clp	𨨩	20
clpb	𨩈	20
clq	銉	20
cls	钔	54
clsa	锏	54
clst	锎	54
clsw	镧	53
clw	鈾	54
clwl	鉮	20
clwv	鏤	164
clx	鏽	194
cm	釭	54
cm	䒑	20
cma	銆	20
cmbb	鑐	53
cmbc	顉	20
cmbc	𨫋	20
cmbe	䥳	0
cmbu	䥤	0
cmbv	𨯂	20
cmbw	鐳	54
cmd	釪	54
cme	銾	54
cmf	鈈	54
cmfb	鑈	54
cmfe	鋄	20
cmfj	銔	20
cmfj	𨥾	20
cmfm	鉟	20
cmgg	錱	20
cmgi	鈺	54
cmgr	鑩	20
cmhaf	鶲	51
cmhf	𨪛	20
cmhl	鋣	54
cmhm	䥶	0
cmia	𨫌	20
cmig	銍	54
cmii	𨫎	20
cmj	釬	20
cmjj	銒	0
cmks	勜	0
cmlm	錏	54
cmlw	鐂	0
cmmp	鐚	20
cmmp	𨰣	20
cmmr	鋙	54
cmms	釫	20
cmmu	鈨	20
cmmv	鋠	20
cmn	釘	114
cmnr	鈳	54
cmob	鈵	20
cmp	憌	20
cmpm	錻	20
cmpym	鹟	51
cmr	鉐	20
cmrb	鎘	54
cmrl	䤺	0
cmrr	鎶	54
cmrt	鋀	20
cmrw	鍢	20
cmso	𨧧	20
cmst	㿽	0
cmsu	鈪	20
cmt	鈃	54
cmta	䥄	0
cmtb	𨯅	20
cmtc	铔	54
cmth	䤯	20
cmtn	鉶	54
cmto	鐝	54
cmua	鐕	20
cmvb	䥎	0
cmvh	釾	20
cmvi	鎒	54
cmvm	鋞	20
cmvs	兮	78
cmwd	䥔	0
cmwf	鏢	54
cmwj	鐔	54
cmwl	䥮	0
cmwv	𨪁	20
cmym	鉦	54
cmys	鈣	327
cn	釔	54
cnao	鐌	20
cnau	銫	54
cnau	鋔	20
cnbk	𨩉	20
cnd	釨	20
cndt	錳	54
cnf	鉨	54
cng	鈕	407
cnhb	鐍	20
cnhd	鍒	20
cnhe	鈒	54
cnhs	釢	54
cnhx	錎	20
cni	釸	54
cnib	銿	20
cnih	𨥨	20
cnii	鏹	54
cnin	鉹	20
cnin	𨥤	20
cnir	銘	54
cniw	䥁	0
cnkg	鋌	54
cnkl	𨧞	20
cnkm	鋋	20
cnkq	鍵	136
cnl	弚	20
cnl	鈏	20
cnlh	弟	520
cnlh	鐊	20
cnlo	䥙	0
cnlr	錒	54
cnme	録	71
cnmu	䤥	20
cnn	釕	54
cno	欽	66
cnoe	鏺	20
cnok	鍨	20
cnot	鐙	54
cnri	鑱	53
cnsh	钖	54
cnst	𨩙	20
cnwa	鑥	53
cnyi	𨧻	20
co	釞	0
coae	鍑	20
cob	鈉	325
cobg	䥃	0
cod	銝	20
codi	鉜	0
cof	鉩	0
cog	錐	54
cogd	鏶	20
cogf	鐎	20
cogj	鎨	20
cogs	鎸	54
cogs	鐫	20
cohg	銋	20
cohh	鉁	20
cohl	𨦪	20
coi	䤦	0
coii	鈴	425
coim	鑯	53
coin	鈐	54
coip	錜	0
coir	鋡	54
coir	鎗	20
cok	鉃	0
colb	鉓	20
colb	鏅	0
colh	鎀	20
colmi	螸	20
comb	鑰	360
comb	錀	20
comc	鋲	20
comg	銓	54
coml	𨨶	20
comn	鍮	20
como	鐱	54
comq	鎿	54
comr	鉿	54
con	釳	20
cond	鎎	20
conk	鍭	20
conq	𨫡	20
cooa	䥘	0
coog	銼	77
cop	慾	20
copd	鉇	0
copj	铧	54
cor	谷	15
cord	𨩚	20
cowy	鋂	54
cp	鈊	20
cpa	銁	20
cpbc	鎭	54
cpd	釶	20
cph	鉍	54
cphp	鍃	54
cpi	鈎	97
cpi	釣	54
cpim	鈞	54
cpkp	鍯	0
cpou	鋾	20
cpp	鈚	20
cppa	鍇	54
cpr	鉤	332
cpru	鉋	54
cpt	鉪	0
cptd	鍱	54
cpu	鈍	156
cpvm	钨	54
cpyr	鍧	20
cqav	䥟	0
cqd	銇	20
cqgi	𨨲	20
cqhf	䥛	0
cqhk	鍥	54
cqhq	䤿	0
cqhu	䥹	0
cqjl	𨧜	20
cqjm	鏏	20
cqjp	𨯚	20
cqki	鋳	20
cqmb	錆	54
cqmc	䥊	0
cqmv	錶	20
cqo	鈇	20
cqoa	鐟	0
cqoc	鑚	20
cqu	䤜	0
cr	釦	20
cr	㕣	0
crawe	䜱	0
crb	鋗	20
crbvk	豀	0
crc	鉙	0
crgwc	豄	0
crhaf	鵒	51
crhaj	䜰	0
crhg	鋥	54
crhr	鋁	54
crhu	兌	78
criku	㞃	0
crjcm	谾	20
crjhq	䜮	0
crki	谹	20
crkn	䜪	0
crks	䤢	0
crlb	銱	54
crlr	鈻	0
crlw	䜬	0
crm	䜫	0
crmjk	豃	20
crmr	鏴	20
crmvh	谺	20
crnl	郤	54
crno	欲	70
crnq	谻	20
crob	锅	341
croir	谽	56
crp	总	920
crp	懖	20
crp	𢤹	20
crpa	鍲	0
crpfd	䜯	0
crpym	鹆	51
crrd	鐰	20
crrj	𨭐	20
crrk	𨰫	20
crrs	鍔	54
crsj	鍓	0
crsl	卻	806
crsmh	豂	20
crtc	谼	20
cru	釲	0
cruc	鐉	20
crvk	鋘	54
crvp	鈱	20
crvvv	䜲	0
crybp	豅	56
crye	鍜	20
cryo	鋜	0
csav	䤷	0
csec	鑦	0
cseg	鏗	54
csh	分	891
csh	釖	20
cshc	貧	56
cshf	炃	20
cshg	坌	74
cshi	釰	0
cshn	瓫	0
csho	贫	56
cshp	忿	190
cshr	鉊	20
csht	盆	418
csht	弅	20
cshu	岔	641
csic	𨯿	20
csit	鑑	20
csiu	鑬	20
csj	鉺	54
csje	鋷	20
csjj	鑷	53
csjl	鎁	20
csjr	鋸	430
csju	銸	0
csk	釼	20
cskr	𨧡	20
csl	兯	0
cslb	鉔	20
cslc	鑎	0
csme	鋟	54
csmg	鑃	20
csmh	鏐	54
csmi	鐞	0
csmm	𨦫	20
csmr	鉰	20
csmv	鋹	20
csn	㐥	0
csnau	䒊	0
cso	鈬	54
csp	鈮	54
csqf	鎷	20
csr	鉕	54
csrj	鐴	0
csro	䥲	20
csrr	鏂	20
css	鉅	54
cssr	鋦	54
cstv	𨫀	20
csu	𨥈	20
cswc	𨰹	20
csyi	钃	53
csyq	𨬯	20
cta	錯	54
ctak	鏌	54
ctaw	钄	0
ctbc	錪	20
ctbk	鏾	54
ctbn	鎆	20
ctbs	铹	54
ctc	鉷	20
ctca	鐠	54
ctcd	𨭥	20
ctcg	䥓	20
ctch	𨧼	20
ctcl	鐁	20
ctco	鏷	54
ctct	鎰	54
ctcu	𨬭	20
ctcw	𨩊	20
ctei	鑮	20
ctgi	鑆	20
ctgk	鎂	54
ctgo	𨬢	20
ctgr	鐥	20
ctgt	鑉	20
ctgu	錓	20
ctii	䥬	0
ctir	䥠	0
ctis	鑶	53
ctit	䥈	0
ctja	鐯	20
ctk	銰	54
ctkr	鍩	54
ctlb	鏋	20
ctlf	𨯧	20
ctlk	鍈	54
ctlo	𨫪	20
ctm	鉗	54
ctmc	錤	20
ctmc	鐄	20
ctmj	鏵	54
ctmv	鍖	20
ctob	𨧨	20
ctoe	鑊	53
ctop	錵	54
ctor	鎝	20
ctpd	鐷	20
ctpo	𨪂	20
ctqm	鎈	20
ctrg	鑵	20
ctrs	𨯫	20
ctsr	鍣	20
ctt	鉼	54
ctub	鎙	20
ctvi	鎡	54
ctw	錨	54
ctwa	鏪	0
ctwb	𨭬	20
ctwi	鐏	20
ctwk	䥖	0
ctxc	鎌	20
ctyj	鑝	20
ctys	錺	20
ctyv	鋩	54
cu	釓	54
cu	𨥉	20
cuap	𨬌	20
cubb	鏰	54
cuce	鍐	54
cuhj	鎽	20
cuhl	䤱	0
cuhni	䬇	0
cuhqu	毤	20
culb	銟	0
cumb	鍴	54
cumbc	䫄	0
cumg	尩	72
cumj	錌	20
cumso	䝇	0
cumt	鎧	54
cune	䤴	0
cuob	鑴	53
cuog	鏙	20
cuok	敓	20
cuon	䤫	0
cuos	䥴	0
cupi	尦	0
cusu	铠	54
cutn	𨬫	20
cuu	鈯	0
cv	釹	54
cvfr	鐑	20
cvid	鑠	53
cvif	銯	0
cvii	鐖	20
cvio	鉯	20
cvl	䤛	0
cvmi	鏘	54
cvmw	鍿	0
cvne	錄	71
cvno	䤸	0
cvr	銣	54
cvvc	鎻	20
cvvd	鏁	54
cvvv	鑞	53
cvvw	錙	54
cw	鈿	54
cwa	曾	676
cwb	𨩋	20
cwd	錁	54
cwg	鋰	54
cwgf	𨭆	20
cwj	单	75
cwjc	鏆	20
cwjr	錮	54
cwk	銦	54
cwkp	𨪜	20
cwl	鉀	326
cwlb	鍝	0
cwlf	䤽	0
cwlg	鑼	427
cwli	鐲	54
cwlj	鐸	53
cwlm	鎠	20
cwln	锣	427
cwlp	䥯	0
cwlv	鐶	53
cwmr	兽	148
cwmv	鍡	20
cwol	鎅	20
cwp	鍶	54
cwr	䤧	0
cwrc	𨭦	20
cwtc	兾	0
cwtj	鏎	20
cwvf	鏍	20
cwwg	鑸	20
cwwv	𨯬	20
cwww	鑘	20
cwyi	鉧	20
cy	釙	54
cyaj	鋽	20
cybb	鍗	20
cybb	鐹	20
cybc	鍞	20
cybk	钀	20
cybp	鑨	20
cybs	鎊	54
cycb	鏑	54
cycb	𨫢	20
cyck	鉸	54
cydk	鐓	54
cye	鈙	20
cyed	𨮏	20
cyg	鉒	20
cygq	鐽	20
cyhc	䥥	20
cyhj	鏠	54
cyhm	鏟	430
cyhn	鈧	54
cyhr	鎚	20
cyhs	鈁	54
cyhu	䥧	0
cyhv	銥	54
cyib	錥	20
cyiu	銃	54
cyiu	鋶	20
cyj	鈄	54
cyjj	鏈	446
cyk	鈫	20
cykb	䥦	0
cykq	链	446
cylb	鈰	54
cylh	䤮	0
cylm	䤠	0
cylr	鑓	20
cymb	錹	20
cymh	鐬	20
cymr	𨦼	20
cymu	鑡	0
cymy	鉲	54
cyoj	錊	0
cyok	䤳	0
cypd	鏬	20
cypo	鐻	53
cypp	鑢	53
cypq	鎼	0
cyps	鐪	20
cypt	鑪	20
cypu	錿	0
cyr	鉆	20
cyrb	鎬	54
cyrd	錞	20
cyrf	鍄	20
cyrf	䥋	0
cyrn	𨧤	20
cyrn	𨪃	20
cyro	𨮙	20
cyru	𨦸	20
cyrv	鎄	54
cyrv	鑲	53
cysd	鍦	20
cysk	鏃	54
cyso	鏇	54
cyt	鉝	20
cytg	鐘	478
cyth	铲	430
cytj	鋅	325
cytj	鏱	20
cytk	鎹	20
cyto	鐩	20
cytp	鐿	53
cytr	錇	54
cytu	鏡	54
cyv	釯	0
cyvi	鉉	54
cyvi	䥰	0
cyvo	䤤	0
cyvq	鏲	0
cywi	鏀	20
cyx	鑇	20
d	木	67
da	杳	67
daa	椙	20
daaa	橸	20
dabt	榅	66
dafu	榥	66
dagi	榯	20
dahl	㭿	0
dahu	楣	66
dail	楖	20
daiu	概	66
dam	查	67
dam	柦	67
damh	楊	393
dami	棏	0
damj	桿	245
damo	㮛	0
dan	椚	20
dana	橺	20
danb	橌	20
dand	㯗	20
dang	橍	20
danr	櫚	66
danr	櫊	20
danw	欄	66
danx	櫩	0
dapp	棍	67
dapv	楬	66
dase	樶	66
dasm	榻	66
dau	杷	67
daum	櫭	0
dav	根	578
dawe	槾	66
db	朿	67
dbac	榠	66
dbb	棚	367
dbbb	榾	66
dbbm	栅	360
dbbq	橓	20
dbbr	楇	0
dbbu	㯒	0
dbcd	棎	20
dbci	㰄	0
dbcv	櫻	66
dbd	棌	20
dbdb	棘	607
dbdb	棗	582
dbdi	㭩	0
dbfs	橳	0
dbgr	椆	67
dbhu	枧	67
dbhx	槄	20
dbjj	楎	66
dbk	㭎	20
dbkf	橪	20
dbln	刺	546
dbm	柤	67
dbm	査	20
dbmc	椇	20
dbme	楥	20
dbmm	枏	20
dbmm	𣏵	20
dbmp	檼	0
dbmr	桐	590
dbnd	桴	67
dbo	僰	78
dbok	敇	68
dbou	榣	20
dbov	樱	66
dbsd	棦	20
dbse	棴	20
dbt	柵	360
dbt	㭗	0
dbtk	㮳	0
dbtu	棡	20
dbtv	棢	0
dbu	相	844
dbuc	梖	20
dbue	欔	0
dbuf	櫾	0
dbug	欋	20
dbul	檙	20
dbuu	梘	67
dbv	桵	20
dbvk	榽	20
dby	枣	582
dby	枬	20
dc	朳	67
dcav	檭	20
dchd	椕	20
dci	松	481
dcim	㮬	0
dcip	棇	20
dcms	枍	20
dcnh	梯	67
dcor	㭲	20
dcr	柗	20
dcrl	㮝	0
dcru	梲	67
dcsh	枌	67
dcwa	橧	66
dcwj	椫	66
dd	林	656
ddam	楂	66
ddb	栜	20
ddbai	欎	66
ddbhn	棾	0
ddbuh	鬱	66
ddc	鐢	0
ddcsh	棼	67
ddd	森	422
dddf	㯲	20
dddo	檚	20
ddec	櫇	20
ddf	焚	542
ddf	㷊	0
ddg	埜	20
ddh	材	67
ddhe	柀	20
ddhh	彬	71
ddhmu	㯄	20
ddhni	梵	67
ddhni	檒	20
ddi	村	67
ddino	椘	20
ddixp	麓	51
ddj	枺	20
ddk	樊	66
ddk	㭈	0
ddkli	蠜	57
ddkmr	礬	61
ddkn	㭝	0
ddkq	攀	243
ddkyv	䙪	0
ddl	梀	20
ddlc	櫴	0
ddlk	𣙙	20
ddln	楋	66
ddlo	樕	66
ddmc	䫐	0
ddmf	㮏	0
ddmmf	禁	61
ddmmv	辳	20
ddmq	椲	20
ddmrt	𧯴	20
ddmwg	𨤳	20
ddmy	梺	20
ddni	梦	74
ddnkq	㯬	20
ddnl	郴	54
ddnyo	楚	66
ddoe	㯃	0
ddoin	棽	20
ddoo	棶	67
ddp	懋	70
ddp	𢡟	20
ddryo	䠂	0
ddsje	樷	0
ddt	梾	67
ddv	婪	73
ddvne	㯟	0
ddw	棟	67
ddw	瑍	20
ddwf	楝	66
ddwli	欝	20
ddye	㪔	0
ddyjj	㰈	0
de	权	66
dea	㭼	20
deau	㿬	0
deawe	㿸	0
debjj	皹	20
dedi	树	66
deed	槡	20
deee	棳	67
deem	𣜖	20
defh	桫	67
deg	柽	66
dei	杈	67
deid	樑	20
deii	㮻	0
dekni	㿪	0
deln	㓟	20
deln	㓼	0
dembc	頗	52
dembk	㿵	0
dembo	颇	52
demj	皯	20
denl	䣛	0
depru	皰	62
depru	㯡	0
desl	厀	0
deu	㟚	0
devvw	㿳	0
deygq	㿹	20
df	杰	166
df	㭂	20
df	𣏹	20
dfb	梢	67
dfbb	𣙟	20
dfbd	橖	20
dfbf	欓	20
dfbg	樘	66
dfbh	橕	66
dfbq	𣛟	20
dfbr	㭻	20
dfbw	檔	66
dfcq	榉	66
dfcq	﨔	0
dfdq	橉	20
dfdv	楼	66
dff	棪	67
dffd	𣞁	20
dffd	𣟕	20
dffe	㰔	0
dffn	橩	20
dffr	櫿	0
dffs	橯	20
dfh	杪	67
dfhqu	㲡	0
dfhs	㭞	0
dfhu	㮐	0
dfle	隸	256
dfmbc	䫴	0
dfmu	桄	67
dfno	㱈	0
dfno	歀	0
dfq	柈	67
dfqs	椦	20
dfqu	棬	67
dfsm	档	66
dfv	桜	20
dg	杜	378
dgb	柟	20
dgbm	㯛	0
dgce	棱	67
dgcw	樯	66
dgdi	㭙	0
dgfo	㯘	0
dgg	桂	210
dggf	㰊	0
dggi	槸	20
dggu	橈	66
dgi	㭕	20
dgit	榼	66
dgji	𣙀	20
dgni	檮	66
dgor	㯧	0
dgov	樾	66
dgow	檣	66
dgp	梽	20
dgr	桔	67
dgrg	檯	616
dgrr	橲	20
dgrv	榬	20
dgti	樹	66
dgwc	櫝	66
dgwg	榸	0
dh	才	817
dha	柏	360
dhab	棉	67
dhae	楾	20
dhaf	樢	20
dhag	楻	66
dhaj	槔	66
dhaj	槹	66
dhal	櫛	66
dhap	梎	0
dhau	槝	20
dhbd	㰒	0
dhbf	㰃	0
dhbt	桖	20
dhbul	鼒	51
dhcq	櫸	66
dhcq	欅	20
dhd	柇	0
dhda	楿	0
dhdf	楸	66
dhdl	棅	20
dhdn	梸	67
dhdv	㮃	0
dhdw	橎	66
dhe	板	67
dhe	皮	62
dhec	㯯	0
dhej	桻	20
dheq	栙	0
dher	格	708
dhey	柊	67
dhfd	㭔	0
dhge	檓	20
dhgf	櫄	0
dhgr	梏	67
dhgu	㭠	20
dhhaf	鸉	20
dhhc	橮	0
dhhe	㰀	20
dhhh	杉	581
dhhi	榭	66
dhhj	椑	67
dhhl	柳	589
dhhv	㭛	0
dhhw	榴	594
dhi	槐	591
dhij	櫆	66
dhio	柉	20
dhj	杄	20
dhja	櫡	66
dhjd	株	67
dhje	椴	66
dhjg	㮔	0
dhjm	棰	67
dhjr	栝	67
dhju	楯	66
dhjx	㮑	0
dhk	枖	0
dhkb	橋	379
dhkl	桥	379
dhlb	楀	66
dhlc	櫍	20
dhlo	𣔙	20
dhlo	枛	0
dhml	析	67
dhms	栃	67
dhmu	栀	67
dhmu	梔	67
dhmy	柝	67
dhn	机	829
dhnb	𣑲	20
dhne	杸	67
dhni	楓	593
dhni	杋	20
dhnk	枫	593
dhon	桁	67
dhon	椼	20
dhoo	樅	66
dhoo	𣠺	20
dhor	㯚	0
dhp	杔	0
dhpa	橁	66
dhpa	棔	20
dhpfd	龾	0
dhpm	柢	67
dhpr	桰	0
dhpu	槪	66
dhq	㭌	0
dhqm	栍	20
dhqo	柣	67
dhqu	枆	20
dhrf	㮧	0
dhrr	桘	0
dhs	柞	67
dhsb	楄	20
dhsk	檄	66
dhsu	槴	20
dht	枡	20
dhtc	檱	20
dhtn	櫤	0
dhuc	欑	66
dhuj	橰	0
dhup	㮩	0
dhus	櫋	20
dhuu	橇	66
dhvd	栎	66
dhvl	枊	67
dhvo	柧	20
dhwk	㭡	0
dhwp	樬	20
dhwp	㮰	0
dhx	桕	67
dhxe	㮴	0
dhxo	楰	66
dhxu	棿	0
dhyb	㰏	0
dhye	㮽	0
dhyg	樦	20
dhyu	榹	20
di	寸	72
di	𣏾	20
di	㝳	0
diav	桹	67
dibi	榑	20
dice	梭	67
didr	𣟖	20
difl	榊	20
dig	桩	77
digi	櫥	291
dihf	槭	66
dihi	㭽	0
dihj	㯅	0
diho	㰗	0
dihq	桙	20
dihr	椷	20
dihu	㭇	0
dihv	楲	20
dii	棧	368
diib	樃	20
diih	槮	66
diil	榔	66
dij	栈	368
dij	㭜	0
dijb	㭪	0
dije	梂	20
dik	枤	20
dikh	椮	66
dikj	桳	0
dikk	柭	20
dikp	栊	66
diku	𣏞	20
dikw	㮥	0
dilb	槦	20
dile	槺	66
dill	栦	20
diln	刌	77
dilo	椩	0
dilr	榶	20
dime	栤	0
dimo	栨	20
dine	栐	67
dine	櫠	66
ding	榳	20
diod	檪	66
dioi	椨	20
dior	㮞	0
dip	杙	67
dipc	樲	66
dipm	栻	67
diq	桟	20
dir	枱	67
dirm	棫	67
dis	枦	20
dism	㮼	20
diss	椖	0
dist	𣛮	20
dit	械	411
dit	㭓	0
ditc	櫎	0
ditf	樜	20
diua	㮷	0
diva	槠	66
dixe	櫦	0
dixp	樚	20
dj	末	67
djac	㯽	0
djb	杮	20
djbc	槙	20
djbd	桲	67
djbf	檫	66
djbf	㮦	0
djbj	楠	306
djbm	植	67
djbm	椬	20
djbv	欜	0
djc	柼	20
djcm	椌	67
djcr	榕	588
djcs	榨	69
djd	㭑	0
dje	枝	229
djhp	㭦	0
djhr	楁	20
djhw	㰂	0
djii	槫	20
djim	㰇	0
djip	橞	20
djji	橶	20
djjj	檊	66
djk	杖	67
djka	楮	66
djkd	㭳	0
djkp	栳	67
djkr	槣	0
djks	栲	67
djlv	棲	67
djmc	檳	66
djmf	棕	589
djmg	榁	20
djmm	楦	66
djmn	柠	66
djmo	椗	20
djmo	榢	20
djmu	梡	67
djnk	椟	66
djnu	椀	20
djoa	樎	66
djoc	槟	66
djp	柁	67
djpa	榰	66
djpb	橣	20
djpi	櫁	20
djpn	檸	66
djpu	樒	20
djqp	櫶	20
djqr	㮫	0
djr	枯	183
djrb	楜	20
djrj	橭	20
djrp	唜	20
djrr	棺	67
djt	枿	20
djtc	橨	20
djti	𣟂	20
djv	桉	67
djwp	㯖	0
djyj	榟	20
dk	夬	74
dk	杕	67
dkb	栯	20
dkbl	㮋	0
dkce	樧	66
dkcf	橑	20
dkd	栋	67
dkde	榝	0
dkg	㙬	0
dkgg	楏	20
dkhaf	鴂	51
dkhaf	鷘	20
dkhf	梑	20
dkkb	桸	20
dkkb	㮁	0
dkkd	棥	0
dkkk	樉	20
dklb	柨	0
dkld	栫	67
dkln	刔	20
dklu	㭺	0
dkmb	楕	20
dkmbc	䫶	0
dkmf	㮈	0
dkmr	椅	67
dkms	桍	20
dkmym	整	576
dkn	桋	67
dkn	朹	20
dknj	枠	20
dkok	槉	20
dkoo	梜	20
dkp	憖	70
dkp	憗	0
dkpb	㯂	20
dkrb	槗	0
dkrd	𣕧	20
dks	朸	20
dkso	槬	20
dksr	枷	67
dksr	檶	20
dkss	栛	20
dl	束	448
dla	晳	68
dlbk	柍	20
dlbu	枕	294
dld	梊	67
dld	椞	0
dle	棣	67
dleg	㭴	0
dlhaf	鵣	0
dlii	螙	57
dlit	槛	66
dliu	榄	66
dlje	㩽	0
dlks	勅	20
dlksf	鶒	20
dll	梙	0
dlll	㭊	0
dlll	杊	0
dllmi	蜤	20
dlln	剌	77
dlln	柫	20
dllp	槵	66
dlmbc	頼	20
dlmc	樻	66
dlmo	桃	586
dlmo	𣑯	20
dlmt	㯸	0
dlmy	棑	67
dlnbo	赖	383
dlno	欶	66
dlok	敕	77
dlp	惁	20
dlpn	橷	0
dlr	𠵍	20
dlshc	賴	383
dlsr	榈	66
dlsr	㭣	0
dlvk	櫢	0
dlw	柚	20
dlwl	柛	20
dlwp	栧	0
dlws	梬	20
dlwv	樓	66
dlx	橚	66
dlxh	柹	20
dlxl	棩	67
dlyg	㯇	0
dlytj	辢	0
dm	本	850
dm	杠	67
dm	杢	20
dma	栢	20
dmam	桓	67
dmbb	檽	20
dmbc	槓	20
dmbe	櫌	66
dmbg	㰌	0
dmbi	橒	20
dmbi	㯪	0
dmbk	㮕	20
dmbl	栭	67
dmbm	欞	66
dmbr	櫺	20
dmbs	樗	66
dmbw	檑	66
dmcw	栖	67
dmcw	梄	20
dmd	杅	67
dmdhe	皶	0
dmdm	櫪	66
dmem	極	583
dmf	杯	481
dmfb	檷	20
dmfi	㯹	0
dmfj	枰	67
dmfm	柸	67
dmfn	檦	20
dmfr	桮	20
dmft	㮎	80
dmg	枉	67
dmgd	㰉	0
dmgi	櫉	20
dmgk	㮹	0
dmgn	椡	20
dmgr	櫮	20
dmgt	梇	20
dmhf	榞	20
dmhl	㭨	0
dmia	榗	20
dmig	桎	67
dmj	杆	245
dmjk	橄	66
dmkp	㮇	0
dmks	枥	66
dmlk	梗	67
dmlm	椏	67
dmls	桺	0
dmlw	橊	66
dmme	柡	0
dmmf	标	479
dmmf	柰	67
dmmi	橱	291
dmmi	枟	67
dmmm	㭅	0
dmmp	欐	66
dmmr	梧	67
dmms	杇	67
dmms	㮄	0
dmmu	杬	20
dmmv	桭	67
dmn	朾	67
dmnd	㮪	0
dmnl	桏	20
dmnn	栵	67
dmnr	柯	67
dmob	柄	220
dmr	柘	67
dmrb	槅	0
dmrd	㮟	0
dmrq	韋	52
dmrr	㰁	0
dmrrr	㮺	0
dmrt	梪	20
dmrw	楅	66
dms	杤	20
dmsmm	翉	20
dmso	椓	67
dmso	㭬	0
dmsu	枙	67
dmt	枅	20
dmtb	櫔	20
dmtc	桠	67
dmti	𣗳	20
dmtn	㭢	0
dmto	橛	66
dmu	杌	67
dmua	橬	0
dmue	榎	66
dmvh	枒	67
dmvi	槈	0
dmvm	枑	20
dmvm	桱	20
dmvs	朽	67
dmvvq	舝	58
dmwc	檟	66
dmwd	㯨	0
dmwf	標	479
dmwf	槱	66
dmwg	㮒	0
dmwj	橝	20
dmwl	㮌	0
dmwm	橿	66
dmwo	槚	66
dmwv	楆	20
dmyf	㯊	0
dmym	柾	20
dn	杛	0
dnai	㭸	0
dnao	橡	66
dnau	栬	0
dnbg	桷	67
dnbj	槲	66
dnbo	㭥	0
dnbq	檞	20
dncr	檐	440
dnd	李	67
dnd	杍	20
dndf	槂	20
dndu	𣏺	20
dnfd	櫯	20
dng	杻	67
dngg	橻	0
dnhb	橘	585
dnhd	楙	66
dnhd	楺	20
dnhe	极	583
dnhk	㮘	0
dnhs	㭁	0
dnib	桶	419
dnih	柕	0
dnii	𣚦	20
dnil	栁	20
dnil	桞	0
dnin	杼	67
dnin	栘	67
dniq	桝	20
dniw	㮭	0
dnj	㭄	0
dnkg	梃	67
dnkm	梴	67
dnkq	楗	66
dnl	䢶	0
dnlb	橢	66
dnlb	㰐	0
dnlr	㯁	0
dnlw	樄	20
dnmm	榒	0
dnmu	桅	67
dnnd	㮊	0
dnno	櫲	0
dnnwf	䱫	0
dno	杴	67
dnob	楈	20
dnoe	橃	66
dnok	楑	20
dnon	櫈	20
dnoo	榌	0
dnot	橙	405
dnq	揧	20
dnqd	榤	66
dnri	欃	66
dnsd	桗	0
dnsh	杨	393
dnst	楹	66
dnsv	㯑	0
dnue	㮀	20
dnvm	杩	66
dnwa	櫓	80
dnxu	櫷	0
dnyi	㭹	0
do	朲	0
doae	椱	0
doau	𠌊	20
dob	枘	67
dobg	榷	66
dobuc	賚	56
dobuu	䚅	0
doby	栴	67
dodi	柎	67
dodoo	㯤	0
doe	桼	20
dog	椎	67
dog	㮅	0
doge	欆	0
dogf	樵	66
dogj	榫	66
dogs	檇	66
dohaf	鶆	20
dohg	栣	0
dohv	㭚	0
doi	栰	0
doii	柃	67
doik	猌	20
doik	栿	0
doim	櫼	20
doin	枔	20
doip	棯	67
doip	㭖	0
doir	槍	449
doir	梒	20
doj	杵	67
dok	枚	67
dokg	権	66
dokr	椥	67
doks	勑	20
doksf	䳵	0
dokt	㮉	0
dolb	樇	20
dold	樤	0
dolh	𣘀	20
doln	梻	0
doma	檜	66
domb	棆	20
dombc	顂	0
domc	梹	67
domd	梌	20
domg	栓	228
domi	桧	66
domk	楩	66
doml	椧	20
domm	检	66
domm	𣏴	20
domn	榆	592
domo	檢	66
domr	㭘	20
domv	楡	20
don	杚	20
donk	㮢	0
donl	郲	54
doo	來	986
doog	桽	20
doog	㭫	0
dop	杹	20
dopd	柂	67
dopj	桦	592
dord	椺	0
dorm	㯓	0
dosu	枪	449
dotc	𣗍	20
dotf	橅	20
doto	㯷	0
dotq	㮆	0
dowy	梅	583
doyb	檎	66
dp	朼	20
dp	杺	20
dpa	栒	67
dpa	栺	20
dpbc	槇	20
dpcc	㰜	0
dpd	杝	67
dpfd	椈	67
dph	柲	67
dpht	榓	20
dpi	构	69
dpi	杓	67
dpim	枃	20
dpkp	楤	20
dpmm	㮓	0
dpo	枨	67
dpp	枇	23
dppa	楷	66
dppd	㰑	20
dppg	梐	67
dpr	枸	67
dpru	枹	67
dpt	枻	67
dptd	楪	66
dpu	杶	67
dpuu	㮲	0
dpw	㭵	0
dpym	㭤	0
dq	杽	67
dqamo	䪘	0
dqasm	䪚	0
dqbhx	韜	257
dqbjj	韗	20
dqdj	韎	52
dqfb	韒	20
dqgwc	韥	20
dqhaj	韟	20
dqhdw	䪛	0
dqhk	楔	66
dqhq	㮮	0
dqibi	䪙	0
dqijb	䪔	0
dqikk	韍	52
dqj	㭋	0
dqjip	韢	0
dqjl	梆	67
dqjm	槥	66
dqjp	櫘	20
dqjp	䪑	0
dqka	椿	66
dqkd	榛	66
dqki	梼	66
dqkk	楱	20
dqkq	棒	67
dqkx	樁	77
dqll	枾	20
dqmb	棈	20
dqmc	樍	20
dqmf	榡	66
dqncr	䪜	0
dqnhd	韖	52
dqnl	郼	20
dqo	枎	20
dqoae	䪖	20
dqob	䪏	0
dqoc	櫕	0
dqomr	韐	20
dqou	槻	66
dqpfd	䪕	0
dqph	䪐	0
dqptd	韘	52
dqrse	䪗	0
dqs	㭏	0
dqshi	韌	52
dqsmv	韔	52
dqthb	韛	52
dqtlj	韚	0
dqtmj	韡	52
dqtoe	䪝	0
dqttb	韝	52
dqtwi	韤	0
dqwli	韣	52
dqwot	韞	52
dqwtj	韠	20
dqyg	䪒	0
dqyr	䪓	0
dqyrd	韕	20
dr	杏	587
drb	梋	20
drc	枳	67
drhg	桯	67
drhr	梠	67
drhs	柺	20
drhu	柷	67
drji	檝	20
drlb	𣑐	20
drlr	㭒	0
drmr	㯝	20
drms	枵	67
drrd	橾	66
drrj	樿	66
drrk	欕	0
drrr	榀	66
drrs	㮙	20
drsh	枴	20
drsj	楫	66
drsn	㭭	0
dru	𣏌	20
druc	㯢	0
drye	椵	66
dsav	椻	20
dseg	樫	20
dsfb	榍	20
dsg	堏	0
dsh	朷	20
dshi	杒	0
dshr	柖	20
dshu	梶	20
dsic	㰓	0
dsip	梕	0
dsit	檻	66
dsiu	㰖	0
dsj	栮	20
dsje	棷	20
dsjj	欇	0
dsjl	椰	66
dsjr	椐	67
dsju	㭯	0
dsk	枢	66
dskr	桾	20
dslc	櫃	291
dsll	栕	0
dsly	榧	66
dsma	槢	66
dsme	梫	20
dsmf	棂	66
dsmg	框	67
dsmg	楃	20
dsmg	櫂	20
dsmh	樛	66
dsmi	樳	20
dsmj	𣝦	20
dsmm	栩	67
dsmr	柌	20
dsms	榋	0
dsmv	棖	67
dsnd	樼	20
dsno	柩	67
dsp	柅	67
dsqf	榪	66
dsql	梛	20
dsrg	檉	66
dsrj	檘	0
dsrr	樞	66
dss	柜	291
dssr	梮	20
dstt	𣖕	20
dstv	榐	20
dsu	杞	67
dsuf	𣜠	20
dsup	梞	0
dsuu	㭾	0
dsvg	㮜	0
dswl	㭱	20
dswu	欖	66
dsyi	欘	20
dsyq	樨	66
dt	来	986
dta	棤	67
dtab	橗	20
dtak	模	360
dtaw	欗	20
dtbc	椣	20
dtbd	㮠	0
dtbf	𣜭	20
dtbf	櫒	0
dtbk	橵	0
dtbn	椾	20
dtbo	檬	66
dtc	栱	67
dtcd	檏	20
dtcd	㯣	0
dtcd	㯦	0
dtce	欉	20
dtcf	櫀	0
dtcg	樭	20
dtcj	檋	0
dtcl	㯕	0
dtco	樸	360
dtct	榏	0
dtcw	楢	66
dtei	欂	66
dtge	樣	927
dtgf	榚	20
dtgi	檥	66
dtgk	𣖙	20
dtgo	檨	66
dtgr	橏	20
dtgs	㰕	20
dtgt	㯼	0
dtgu	欟	20
dthg	㯵	0
dthj	樥	20
dthu	㮱	0
dtif	𣞢	20
dtih	𣕚	20
dtio	𣔰	20
dtis	欌	20
dtit	𣙷	20
dtjm	𣜯	20
dtjr	楛	66
dtjr	㯴	20
dtk	栚	20
dtkr	楉	20
dtlb	樠	66
dtlc	横	66
dtlj	㮖	20
dtlk	楧	20
dtlm	槿	66
dtlx	櫹	66
dtm	柑	584
dtmc	棋	67
dtmc	橫	66
dtmd	楳	20
dtmj	樺	592
dtmm	栏	66
dtmv	椹	66
dtoe	檴	66
dtof	櫵	0
dtog	𣗎	20
dtog	㰙	0
dtoi	﨓	0
dtop	椛	20
dtor	榙	20
dtov	𣞼	20
dtox	欍	0
dtpa	槆	20
dtpd	𣚭	20
dtpd	𣜿	20
dtpp	檧	20
dtq	样	927
dtqm	槎	66
dtrg	權	66
dtrk	㯳	80
dtsj	榵	20
dtsl	栉	66
dtsr	櫙	20
dtt	栟	67
dttb	構	69
dttc	椪	67
dtub	㮶	0
dtvd	㰛	0
dtvd	欁	0
dtwa	槽	66
dtwf	𣜃	20
dtwi	樽	66
dtwk	橂	0
dtwv	檂	20
dtxc	槏	20
dtyj	㯜	0
dtys	㭶	0
du	札	77
duce	椶	20
duce	㯶	0
duch	梤	20
duhj	𣗏	20
dulmi	蚻	57
dumb	椯	20
dumt	榿	66
duob	欈	20
duog	槯	0
duon	梣	67
duos	㰎	0
dup	想	925
dusu	桤	66
duu	柮	67
duvif	紮	20
dvfb	㯞	0
dvfb	檰	0
dvfo	櫞	66
dvi	㭃	0
dvid	櫟	66
dvii	機	829
dvis	柪	20
dvl	朻	20
dvmg	梉	20
dvmi	㯍	0
dvmo	橼	66
dvmt	㰘	20
dvmt	𣟗	20
dvne	椂	20
dvno	椽	66
dvoi	欚	20
dvvd	樔	20
dvvi	檵	66
dvvn	桚	67
dvvn	㭮	0
dvvv	㯿	0
dvvw	椔	20
dw	東	767
dwb	𣖜	20
dwc	柶	67
dwce	㮨	0
dwd	梱	67
dwd	棵	67
dwdw	㯥	0
dwf	柬	67
dwg	梩	67
dwhaf	鶇	51
dwhaf	鶫	20
dwhd	棞	20
dwhui	䰤	0
dwhvo	㼑	0
dwim	槶	20
dwjc	樌	20
dwji	檲	20
dwjr	棝	20
dwk	栶	20
dwks	㭷	0
dwl	柙	67
dwlg	欏	66
dwli	㯮	0
dwlj	檡	20
dwln	椤	66
dwls	楞	66
dwlv	㯰	0
dwlv	檈	0
dwly	檌	20
dwmi	椢	20
dwmo	㮯	0
dwmv	椳	66
dwmvn	㼯	0
dwol	楐	0
dwot	榲	66
dwp	楒	20
dwtj	㮿	0
dwvf	樏	66
dww	榃	66
dwwf	欙	66
dwww	櫑	20
dwye	㪝	0
dwyi	栂	20
dy	朴	360
dyad	槕	20
dyaj	棹	67
dybb	楴	20
dybb	檛	20
dybc	楨	66
dybg	㰚	0
dybk	㯙	0
dybo	桢	66
dybp	櫳	66
dybs	榜	66
dycb	樀	20
dyck	校	360
dydk	橔	20
dydl	槨	66
dydl	㯈	0
dydu	櫬	66
dyfe	椒	2
dyg	柱	439
dygq	橽	20
dyhc	㰋	0
dyhh	楌	20
dyhj	槰	0
dyhn	杭	67
dyhr	槌	66
dyhs	枋	67
dyhv	𣐿	20
dyia	樴	66
dyib	棛	0
dyij	𣘚	20
dyiu	梳	67
dyj	枓	67
dyjj	槤	66
dyk	𣐀	20
dykm	㯆	0
dykq	梿	66
dylb	柿	67
dylm	杫	20
dymh	檅	20
dymo	㯌	0
dymu	櫏	20
dymy	桛	0
dynb	樋	20
dynv	橠	20
dyoj	椊	67
dyok	棭	0
dypd	㯉	0
dypf	橴	20
dypk	榩	20
dypm	樝	20
dypo	㯫	0
dypp	櫖	0
dyps	㯭	0
dypt	櫨	66
dypu	椃	20
dyr	枮	20
dyra	櫧	66
dyrb	槁	66
dyrd	椁	66
dyrd	㯎	0
dyrf	椋	67
dyrn	梈	20
dyrn	楟	20
dyro	檺	20
dyrv	欀	66
dys	栌	66
dysd	椸	66
dyso	㯀	0
dysr	檹	20
dysy	棜	67
dysy	㮵	0
dyt	柆	20
dyta	㯾	0
dytd	榇	66
dytg	橦	20
dytj	樟	307
dytj	梓	67
dytk	㮸	80
dyto	檖	66
dytp	檍	66
dytr	棓	20
dytu	樈	20
dytu	檤	20
dytv	椄	67
dyub	樆	66
dyut	橀	20
dyv	杧	67
dyvo	核	67
dyvq	㯠	0
dyvw	槒	0
dywd	檁	66
dywf	檩	66
dywi	樐	0
dywm	檀	306
dywv	榱	66
dywv	櫰	20
dyx	櫅	20
dyyb	㰅	0
e	水	811
ea	汨	65
ea	汩	65
ea	沓	65
eaa	淐	20
eabt	温	64
eabu	㴘	0
eafc	灝	64
eafc	灦	20
eafo	灏	64
eafu	滉	64
eag	涅	65
eagi	溾	64
eahm	湦	20
eahr	㵆	20
eahu	湄	64
eaiu	溉	617
eaja	濐	0
eam	泹	20
eam	𣵀	20
eamh	湯	421
eami	淂	65
eamj	涆	20
eamk	淏	65
eamo	湜	64
eana	澗	619
eanb	㵎	20
eand	澖	20
eane	灁	20
eanf	㶒	0
eang	潤	375
eanj	灛	20
eank	潣	20
eano	灍	20
eano	㴸	0
eanp	㵍	0
eanr	濶	20
eanw	瀾	631
eanx	㶄	0
eapp	混	65
eapv	渴	494
ease	㵊	0
easm	溻	64
easr	𣸬	20
eatc	湿	64
eate	瀑	64
eav	艰	58
eav	泿	20
eavf	濕	64
eavo	㵣	0
eawe	漫	64
eaws	澷	0
eayf	澋	20
eayk	渂	20
eayt	𣸭	20
eayv	㶞	0
eb	㳉	0
ebac	溟	64
ebau	淝	65
ebb	淜	65
ebbb	滑	64
ebbe	涭	0
ebbr	渦	65
ebbu	漞	20
ebcd	深	698
ebch	瀃	20
ebci	濺	629
ebcj	浫	0
ebcn	測	65
ebcr	浻	20
ebcv	瀴	20
ebd	𣶶	20
ebdd	𣺉	20
ebdi	浖	0
ebdu	㳶	0
ebg	𡒗	20
ebgr	淍	20
ebhe	㵻	0
ebhf	潙	64
ebhf	㵼	0
ebhg	淫	65
ebhu	沉	611
ebhu	观	608
ebhx	滔	64
ebiu	㶁	0
ebjj	渾	158
ebkf	鸂	51
ebkm	㶉	51
ebkq	浑	158
ebla	㴞	0
ebm	沮	65
ebme	湲	64
ebmo	溕	0
ebmp	濦	20
ebmr	洞	383
ebnd	浮	611
ebnt	㵬	0
eboe	𣿀	20
ebof	漈	64
eboj	溅	629
ebon	测	65
ebou	滛	20
ebp	懣	70
ebp	慂	20
ebp	懘	20
ebpa	㴯	0
ebqo	渓	20
ebr	泂	65
ebsd	淨	430
ebsh	㶀	0
ebt	㳑	20
ebt	泴	0
ebtk	㴨	0
ebtu	𣷣	20
ebu	泪	65
ebuc	浿	20
ebug	濉	64
ebug	灈	64
ebuh	渺	64
ebuk	湨	20
ebul	濎	20
ebus	㴐	0
ebuu	涀	20
ebv	浽	65
ebv	㜑	0
ebvk	溪	608
ebwi	灂	20
ebyh	浵	20
ebyj	𣂎	20
ebym	泻	64
ec	淦	65
ec	汃	20
ecb	洕	0
ecc	鍙	20
eccc	𤅺	20
eci	㳂	80
eck	㳇	80
eckc	㵚	0
ecnh	涕	160
ecor	浴	182
ecr	沿	322
ecru	涗	20
ecsh	汾	65
ecst	湓	64
ecwa	潧	20
ed	沐	613
edam	渣	65
edb	洓	20
edbt	盓	20
edbu	湘	64
edci	淞	65
edd	淋	374
edda	澘	0
eddd	潹	20
eddf	澿	20
eddg	漜	64
eddh	灪	64
eddn	滼	20
eddo	濋	64
eddv	漤	64
eddv	𤂑	20
edg	塗	74
edgg	溦	64
edha	湐	20
edhe	波	65
edhh	涁	20
edhl	淅	65
edi	对	951
edj	沫	613
edk	決	650
edkn	㯩	0
edl	涑	65
edlc	瀨	64
edlc	瀬	20
edlk	潄	20
edln	溂	20
edlo	漱	64
edlo	濑	64
edm	泍	20
edmbc	顙	52
edmbo	颡	52
edmd	𣸑	20
edmf	渿	20
edmg	㳹	0
edmq	湋	20
edn	㐢	0
ednf	𤄄	20
edod	𣸯	20
edoe	漆	64
edoo	淶	65
edow	瀒	64
edt	涞	65
edtc	㶇	0
edu	㳐	0
edvd	𤄿	20
edw	涷	65
edwf	湅	64
edyg	㴤	0
ee	双	561
ee	汉	499
ee	沝	20
ee	𣲙	20
ee	㕛	0
eea	涾	20
eec	錃	20
eedd	㵉	0
eedi	㳔	0
eee	叒	76
eee	淼	65
eee	㴇	0
eeed	桑	583
eeee	叕	76
eeee	㵘	0
eeeec	䫎	0
eeeee	敪	68
eeeee	敠	0
eeeef	鵽	20
eeeen	剟	77
eeeeo	欼	66
eeeeu	毲	20
eeem	叠	67
eeem	𣿫	20
eei	汊	65
eeii	溞	20
eeip	㶝	0
eejb	㵜	0
eeki	㳲	0
eekn	㴣	0
eeko	㴺	0
eemr	碆	20
eeof	㶃	0
eeog	滩	260
eeol	㴢	0
eeq	泽	64
eeq	㨇	0
eetb	濷	20
eetc	㶂	0
eetm	㶙	0
eev	婆	73
eevr	㵈	0
efb	消	65
efbb	𣻸	20
efbc	溑	0
efbf	灙	0
efbg	漟	20
efbk	潎	64
efbr	淌	628
efbw	澢	20
efd	洣	65
efdc	瀵	64
efdq	潾	64
efdv	溇	64
eff	淡	358
eff	𣶷	20
effc	灐	20
effd	濚	64
effe	濴	20
efff	瀠	64
efff	濙	20
effg	瀅	64
effi	㶈	20
effr	瀯	20
effs	澇	618
efh	沙	80
efhu	渻	20
efmu	洸	65
efq	泮	65
efqe	漛	0
efqf	潫	20
efqu	淃	20
eg	圣	75
eg	坔	20
egbt	潱	0
egbu	涜	20
egce	淩	65
egcg	淕	20
egde	濲	64
egde	瀔	64
egdi	洔	0
egfe	瀫	20
egg	洼	65
egg	塣	20
eggi	湗	20
eggu	澆	161
egi	法	884
egit	溘	64
egj	準	77
eglc	浾	20
egmbc	頚	52
egn	乼	0
egni	濤	632
egow	濇	64
egr	洁	252
egrc	𤂌	20
egrp	㗟	0
egrr	𤀺	20
egrr	㵙	0
egrv	滍	64
egsk	滶	20
egth	澎	625
egti	澍	64
egtj	涬	65
egwc	瀆	64
eha	泊	360
ehaa	㵿	0
ehaa	㶕	0
ehab	淿	0
ehae	湶	20
ehaf	鳮	0
ehag	湟	64
ehal	瀄	20
ehar	澔	64
ehbd	㶅	20
ehbk	澳	64
ehbn	淛	20
ehbs	澚	0
ehbt	洫	65
ehbt	盪	62
ehbt	䀊	0
ehbu	洎	65
ehbu	灚	20
ehbv	浓	64
ehby	洀	20
ehcn	瀏	64
ehd	𣓥	20
ehd	桬	0
ehda	㴡	0
ehdb	潲	64
ehdd	㳵	0
ehde	潻	20
ehdf	湫	64
ehdg	𣽿	20
ehdl	𣶸	20
ehdn	浰	65
ehdn	𣻗	20
ehdp	溒	20
ehdp	㴽	0
ehds	𣵛	20
ehdv	涹	20
ehdw	潘	64
ehe	汳	65
ehed	涤	64
ehej	浲	65
ehem	湰	0
eheq	洚	65
eher	洛	65
ehet	瀊	20
ehey	泈	65
ehf	燙	541
ehfd	泘	0
ehfp	㵞	0
ehg	𡌂	20
ehg	㙙	0
ehgi	𤅕	20
ehgr	浩	65
ehgu	洗	65
ehhi	㴬	0
ehhj	㵺	0
ehhl	泖	65
ehhq	㸺	0
ehhqu	㲚	0
ehhu	滗	64
ehhv	派	65
ehhw	溜	64
ehic	𤅄	20
ehio	泛	65
ehj	汘	20
ehjd	洙	65
ehjg	湩	64
ehjm	涶	65
ehjr	活	863
ehjx	㴙	0
ehk	沃	202
ehkb	𣾷	20
ehkl	㳢	0
ehkp	添	65
ehkt	㴁	0
ehlb	渪	20
ehlo	沠	0
ehlq	潷	64
ehlx	𤄙	20
ehmgi	璗	20
ehmj	㶘	0
ehml	沂	65
ehmo	澨	64
ehmr	洉	20
ehmr	硰	20
ehmy	泝	65
ehn	乷	20
ehn	㲹	0
ehnb	𣳽	20
ehnd	𣳼	20
ehne	没	936
ehnf	㵯	20
ehni	渢	65
ehni	汎	20
ehnk	沨	65
ehnn	洬	20
ehnwf	鯊	566
ehnwm	鲨	566
ehoe	澓	20
ehok	㵟	20
ehok	瀓	0
ehon	洐	20
ehon	𣶹	20
ehoo	漎	64
ehoo	漇	20
ehou	㵌	20
ehp	汑	0
ehpa	涽	20
ehpm	泜	65
ehpu	漑	20
ehq	挲	69
ehqi	涐	65
ehqj	湃	626
ehqm	泩	65
ehqo	泆	65
ehrau	䣉	0
ehrb	溎	64
ehrf	𪄣	20
ehrf	溩	0
ehrt	㵇	0
ehs	泎	20
ehsd	淭	20
ehse	溵	64
ehsk	淚	65
ehsk	激	64
ehsu	滬	64
ehua	濳	20
ehuc	灒	64
ehuc	瀩	20
ehud	㴪	0
ehuk	溴	64
ehul	濞	64
ehup	㴧	0
ehv	娑	73
ehvd	泺	64
ehvo	泒	65
ehvp	汦	20
ehwj	渒	0
ehwo	潨	0
ehwp	漗	20
ehx	㳫	20
ehxc	㵰	0
ehxf	潟	64
ehxm	湼	20
ehxo	㳛	0
ehxu	淣	20
ehyhv	裟	57
ehyu	㴲	20
ei	戏	431
ei	叉	285
ei	㲿	0
ei	㳀	0
eiav	浪	630
eib	㳙	0
eibi	溥	64
eibp	㴰	0
eice	浚	65
eid	梁	439
eidy	灖	64
eifd	粱	60
eihf	滅	305
eihi	㳚	20
eihq	洠	20
eihr	減	65
eihu	沇	65
eii	淺	65
eii	㕚	0
eiih	滲	64
eiim	㴉	0
eiip	㵕	0
eij	浅	65
eijb	浦	65
eijc	沭	65
eije	浗	20
eik	汱	20
eikf	溈	64
eikh	渗	64
eikk	沷	65
eikp	泷	64
eiks	沩	64
eiku	沋	20
eilb	滽	20
eile	漮	20
eill	洲	261
eilmi	蚤	57
eilr	溏	64
eims	㵴	0
eine	泳	65
eioc	澬	64
eiok	涘	65
eiop	㶐	0
eip	怼	70
eipb	浳	0
eipf	瀌	64
eir	治	65
eirk	㵄	0
eirm	淢	65
eirp	澸	20
eis	沪	64
eisb	㴜	0
eise	㴃	0
eit	㳎	0
eit	㳦	0
eitc	濂	64
eitc	瀇	20
eite	渡	76
eitf	㵂	0
eiti	㳤	0
eitu	㴑	0
eiv	泧	20
eive	泼	370
eivj	浒	64
eiwg	瀍	64
eixi	灋	20
eixp	漉	64
ej	汁	65
ejac	濵	0
ejaf	㵭	0
ejao	㵓	0
ejb	沛	616
ejbc	滇	64
ejbd	浡	65
ejbj	湳	64
ejbm	淔	20
ejbm	𣶺	20
ejbv	灢	64
ejc	泬	20
ejc	㳈	0
ejcb	潸	64
ejcc	㴱	0
ejcg	㴏	0
ejcg	潌	0
ejck	湥	20
ejcm	涳	20
ejco	溛	20
ejcr	溶	64
ejcu	㴭	0
ejcu	㵠	0
ejd	沬	65
ejd	浨	20
ejdk	漖	64
ejdk	㴾	0
ejds	渤	65
eje	汥	20
ejhf	瀉	64
ejhq	浶	20
ejhw	瀋	65
ejic	瀻	20
ejid	溨	0
ejig	㵶	0
ejii	漙	64
ejik	涋	20
ejim	瀐	0
ejip	潓	20
ejir	渽	20
ejjb	潮	174
ejjj	澣	20
ejjj	濣	20
ejjl	漸	336
ejjm	瀚	64
ejjn	漧	20
ejka	渚	65
ejkd	涍	20
ejki	浤	65
ejkp	㳣	0
ejks	洘	20
ejll	渖	65
ejlo	𣶏	20
ejlv	淒	259
ejmc	演	581
ejmc	濱	64
ejmd	𣳿	20
ejme	滱	20
ejmf	淙	65
ejmm	渲	64
ejmn	泞	64
ejmo	淀	65
ejmo	𣺊	20
ejmu	浣	65
ejnk	渎	64
ejnu	涴	65
ejoa	㴼	0
ejoc	滨	64
ejp	沱	65
ejpb	澝	20
ejpb	𤀑	20
ejph	淧	0
ejpn	濘	64
ejpt	㵥	0
ejpu	浇	161
ejpu	滵	20
ejqp	瀗	20
ejr	沽	65
ejrb	湖	64
ejrr	涫	65
ejrr	㴦	0
ejru	㳳	0
ejse	濅	0
ejsh	㵳	0
ejt	泋	20
ejtc	濆	20
ejto	瀽	0
ejv	洝	20
ejye	漃	20
ejyj	滓	64
ek	汏	65
ek	㲼	0
ekb	洧	65
ekc	鋈	54
ekcf	潦	64
ekd	鿄	0
ekf	洃	20
ekha	潴	64
ekhr	漪	623
eki	汰	65
eki	汯	20
eki	㳒	0
ekig	㳗	0
ekja	㵔	0
ekjt	渀	20
ekkb	淆	66
ekkb	浠	65
ekkk	漺	20
eklb	㳍	20
ekld	洊	65
eklu	淹	610
ekm	𣳇	20
ekmf	㴎	0
ekmr	渏	20
ekms	洿	65
ekn	氿	65
ekn	洟	65
ekni	汍	65
eknj	㳃	0
ekoo	浹	65
ekpb	滯	253
ekql	渐	336
ekr	㳓	0
ekrc	㵑	20
eks	劝	329
eks	氻	20
eksr	泇	65
ekt	浃	65
ektq	㵮	80
el	沖	65
elbk	泱	65
elbu	沈	65
elc	𨮜	20
elfl	渊	620
elg	垽	20
elgm	澅	20
elgte	鼝	0
elhi	魙	20
elim	渱	20
elim	灗	20
elip	㵃	0
elit	滥	64
elk	㳏	0
ellb	浉	64
elll	汌	20
elll	沜	20
elln	沸	612
ellp	漶	64
elmc	潰	64
elmcw	䤔	0
elmi	浊	64
elmo	洮	65
elmt	濜	64
elmy	渄	20
elnc	㵒	0
elq	津	65
elsa	涧	619
elsg	润	375
elsj	聻	0
elsw	澜	631
elu	峾	0
elv	嬱	0
elvu	湚	20
elw	油	482
elwp	洩	20
elws	涄	65
elwv	漊	64
elx	㴋	64
elx	潚	64
elxh	泲	65
elxl	淵	620
em	江	65
ema	洦	20
emad	㴟	0
emam	洹	65
embb	濡	64
embb	灞	64
embc	湏	20
embd	瀮	0
embe	瀀	20
embg	瀖	20
embi	澐	64
embi	澪	20
embi	瀜	20
embk	渜	20
embl	洏	65
embm	𤅷	20
embr	𤅟	20
embu	灀	20
embu	㵡	0
embw	㵢	20
emby	㳩	0
emcw	洒	370
emcw	酒	54
emd	汙	20
emdm	瀝	64
emdp	𤃉	20
emf	㳅	0
emfb	濔	64
emfi	𤅜	20
emfi	㵱	0
emfj	泙	65
emfr	㳪	0
emg	汪	65
emgb	洅	20
emgb	㴂	0
emgg	涯	65
emgh	濏	20
emgk	㴛	0
emgr	𣾏	20
emgt	㳥	0
emgu	潖	20
emhf	源	64
emhf	鴻	51
emia	滏	64
emig	洷	20
emih	㴳	0
emj	汗	438
emjk	澉	64
emjs	汚	20
emks	沥	64
emlb	沞	0
emlk	浭	65
emlm	𣵾	20
emls	沔	65
emlw	澑	20
emmc	澒	64
emmf	沶	20
emmi	沄	65
emmp	灑	370
emmr	浯	65
emms	污	65
emmu	沅	65
emmv	浱	20
emn	汀	65
emnc	㴿	0
emnn	洌	65
emnr	河	65
emo	㳁	0
emoa	瀦	64
empm	鸿	51
emr	沰	65
emr	沯	20
emrb	滆	20
emrr	滒	20
emrt	浢	20
emru	𣸰	20
emrw	湢	64
emsk	涙	20
emso	涿	65
emt	汧	65
emtb	濿	64
emti	㴻	20
emto	㵐	80
emua	潛	64
emub	灊	20
emvb	漘	64
emvg	溼	20
emvi	溽	64
emvm	沍	65
emvm	涇	65
emvr	滣	0
emvs	汅	65
emwb	㶚	0
emwd	溧	64
emwf	漂	64
emwg	湮	64
emwg	湹	20
emwj	潭	621
emwl	湎	64
emwv	㴗	0
emyf	漹	64
emym	泟	20
en	㲸	0
enao	潒	20
enau	浼	65
enbk	渙	65
enbq	澥	64
enbs	湧	20
enbt	盕	0
encr	澹	64
end	染	67
enda	㵫	0
ene	沒	936
enem	洆	20
enf	沵	0
enff	𤄏	20
enfq	㶍	0
eng	沑	0
enhb	潏	64
enhd	渘	20
enhe	汲	619
enhx	淊	65
eni	汐	65
eni	泓	65
enib	涌	630
enic	濥	0
enii	漒	20
enin	汿	20
enin	沀	20
enir	洺	65
enj	汛	65
enkg	涏	20
enkm	涎	159
enkq	湕	20
enkw	𣶻	20
enl	邓	54
enla	𣾂	20
enla	㳱	0
enlb	瀡	64
enlc	濻	20
enld	滁	64
enlm	漋	20
enlp	㶏	20
enls	泐	65
enmb	瀰	71
enme	渌	65
enmm	溺	609
enmu	洈	20
ennc	澦	64
ennf	㳽	0
enno	滪	64
enno	㴍	0
eno	欢	669
eno	㳄	0
enob	湑	64
enoe	潑	370
enok	湀	20
enom	泾	65
enop	溌	20
enot	澄	360
enpo	涨	64
enqd	滘	64
enri	瀺	64
ensd	浄	20
ensh	汤	421
ensj	渳	20
ensp	㴔	20
enst	溋	20
ensv	漲	64
enue	涵	609
enwa	瀂	64
enwf	漁	64
enwm	渔	64
eo	汄	0
eoah	漡	64
eob	汭	65
eobg	㴶	0
eobt	盜	692
eod	㳜	20
eode	溆	64
eode	潊	0
eodi	泭	65
eodk	漵	64
eog	难	777
eog	淮	65
eogd	潗	64
eogf	潐	20
eohg	㳝	0
eohh	沴	65
eoi	浌	0
eoic	㵅	0
eoii	泠	65
eoii	𣸮	20
eoik	洑	65
eoim	瀸	20
eoin	汵	20
eoip	淰	65
eoir	滄	64
eoir	浛	20
eoiv	湌	64
eoj	汻	20
eok	㳊	0
eokf	瀿	20
eokg	潅	20
eokp	滺	20
eokr	𣺈	20
eol	㳞	0
eolb	滫	64
eolb	潃	64
eold	滌	64
eolf	㶖	0
eolk	浟	20
eom	㳋	20
eoma	澮	64
eomb	淪	615
eomb	瀹	64
eomb	㵸	0
eomc	浜	65
eomd	涂	74
eomg	洤	20
eomi	浍	64
eomk	潋	64
eomm	潝	64
eomm	𣲚	20
eomn	汽	457
eomn	渝	65
eomo	澰	64
eomr	洽	450
eomr	涻	20
eomt	渰	64
eomu	㴈	0
eon	汔	65
eond	溙	20
eono	㳬	0
eoob	溍	64
eook	瀲	64
eooo	㶑	20
eop	沦	615
eop	沎	20
eopd	沲	20
eora	潪	20
eord	湺	20
eosk	洢	65
eosu	沧	64
eotf	潕	20
eoto	濮	64
eotq	㵲	0
eou	𣳈	20
eowy	海	799
eoyt	涖	20
ep	沁	65
ep	㲺	0
epa	洵	65
epa	𣇹	20
epd	柒	67
epd	池	65
epdc	𤃡	20
epfd	淗	20
epg	埿	0
eph	泌	360
epha	㳷	0
ephg	㳴	0
ephh	沕	65
ephp	淴	20
ephr	湉	64
epht	㴵	0
epi	沟	436
epi	汋	65
epim	汮	20
epl	浺	20
epou	淘	65
epp	沘	65
eppa	湝	64
epr	泃	65
epru	泡	371
epsh	沏	65
ept	泄	376
eptd	渫	65
epu	沌	65
epuk	洶	622
epym	鸡	63
epyr	渹	20
eqbd	瀞	64
eqbi	𤂅	20
eqbu	㵾	0
eqbu	濪	0
eqd	洡	0
eqg	堻	20
eqhf	潔	252
eqhl	浙	124
eqj	沣	64
eqjr	湱	64
eqju	滟	64
eqka	湷	20
eqkd	溱	64
eqke	溰	20
eqki	涛	632
eqkk	湊	146
eqkq	淎	0
eqmb	清	693
eqmc	漬	64
eqmf	溸	20
eqmf	溹	20
eqmo	渍	64
eqoa	潜	64
eqoc	濽	0
eqod	㳺	0
eqor	湁	20
er	呇	76
erau	浥	65
erb	涓	627
erbc	滜	20
erbo	涢	64
erc	𣲵	20
erd	㳭	0
erhg	浧	20
erhu	況	65
erji	濈	64
erlu	渑	64
ermr	潞	64
erob	涡	65
erp	惉	20
erpa	湣	64
errd	澡	64
errj	潬	20
errs	湂	0
erru	澏	0
erse	溊	0
ersj	湒	20
ertm	㽏	20
eru	汜	65
eruc	潠	64
ervk	洖	20
ervp	泯	77
erxu	澠	64
eryo	浞	65
es	汇	77
esbn	涮	65
esce	澱	65
esd	渠	435
ese	㳮	80
eseg	𣻹	20
eseg	𣿬	20
eseo	㵵	20
esfb	㴮	0
esfi	𣻷	20
esfj	㶠	0
eshi	㲽	0
eshr	沼	622
eshu	浘	20
esim	澀	615
esip	涊	65
esit	濫	64
esj	洱	65
esja	潳	20
esje	滠	64
esjj	灄	64
esjr	涺	20
esjt	㶌	0
esju	㳧	0
esju	㴷	0
esk	沤	64
eskn	泦	0
eskr	涒	65
eslc	㶊	20
esll	洍	20
eslr	瀶	0
esm	汈	65
esma	漝	0
esmb	漏	375
esmb	㴆	0
esmc	瀷	20
esme	浸	372
esmg	洭	65
esmg	渥	65
esmg	濯	64
esmh	漻	20
esmi	潯	64
esmj	濢	20
esmo	㵤	0
esmr	泀	20
esmv	涱	20
esnd	潺	626
eso	沢	20
esog	滙	20
esog	𣾀	20
esoy	浕	64
esp	泥	65
esqf	溲	64
esrj	澼	64
esrl	㴫	0
esrr	漚	64
ess	洰	20
estn	㶜	0
estt	𣸹	20
estv	𣺹	20
esu	氾	65
esuf	𤏁	20
esuu	淈	20
eswu	灠	64
esyi	灟	20
esyq	漽	20
eta	㳻	0
etab	濗	0
etak	漠	262
etav	㵧	0
etaw	灡	20
etbc	淟	65
etbc	𤅎	20
etbd	溁	64
etbf	潆	64
etbg	滢	64
etbk	潵	64
etbn	湔	64
etbo	濛	370
etbs	涝	618
etc	洪	65
etca	潽	64
etcd	澲	20
etce	灇	0
etcf	濝	20
etcf	𪃡	20
etcg	𣻺	20
etch	𣶼	20
etcl	澌	64
etco	𣾴	20
etct	溢	628
etcu	港	65
etcw	湭	0
etge	漾	624
etgf	溔	20
etgi	濧	20
etgi	𣿭	20
etgk	渼	64
etgo	㵪	80
etgo	湵	0
etgt	濭	20
etgu	㳾	0
ethd	㴕	0
ethg	𣿅	20
ethn	𣼵	20
etho	㴀	0
ethu	渞	0
etif	瀳	64
etio	𣷸	20
etis	㶓	0
etit	漭	64
etjb	滞	253
etju	𣻻	20
etk	浂	20
etkn	渕	65
etkr	渃	20
etlb	滿	711
etlj	㴖	0
etlk	渶	64
etlm	漌	20
etlo	漢	499
etlx	瀟	64
etm	泔	65
etmb	满	711
etmbc	頮	20
etmbo	颒	0
etmc	淇	65
etmc	潢	64
etmd	湈	0
etmi	𣶽	20
etmj	澕	20
etmm	㳕	0
etmr	渮	65
etmv	湛	64
etmw	𣺋	20
etnk	𣿮	20
etnu	𣸱	20
etoe	濩	64
etog	灘	260
etom	㶋	0
etop	㳸	0
etor	溚	20
etor	濸	20
etov	瀁	64
etpd	㵩	20
etpo	㴚	0
etpp	濍	64
etq	洋	533
etqm	溠	64
etrg	灌	617
etse	𣿯	20
etst	灆	20
ett	汫	65
ett	洴	65
ettb	溝	436
ettc	湴	64
ettc	𣾁	20
ettn	渆	0
ettr	㵛	0
ettt	灎	0
ettu	灔	20
etub	溯	64
etui	溬	0
etun	㴊	0
etvd	𤂋	20
etvi	滋	373
etvp	濨	20
etw	浀	20
etw	渵	20
etwa	漕	64
etwb	澫	20
etwi	澊	20
etwi	瀎	20
etwt	澧	64
etwv	濃	64
etxc	溓	20
etyc	𤅖	20
etyj	𤂍	20
etyj	㵏	0
etym	淽	20
etys	淓	65
etyu	㵁	0
eu	汕	65
euap	潉	0
eubb	漰	64
eubt	䀀	0
euc	鎏	54
euc	鍌	20
eufb	㴥	0
eugk	澂	20
euhj	𣺿	20
euhq	溄	0
eujf	漴	20
eujt	灃	64
euk	汹	622
eumb	湍	64
eumf	湠	20
eumg	漄	64
eumgi	瑬	20
eune	㴠	0
euog	漼	64
euon	涔	65
eutc	潂	0
eutk	㵹	0
eutt	灩	20
eutu	灧	64
euu	泏	20
euud	𤀻	20
ev	汝	65
evfb	𤁗	20
evfd	灤	64
evfe	𤀼	20
evff	㴴	0
evfg	濰	64
evfn	灣	259
evfr	𤀽	20
evid	濼	64
evio	泤	0
evis	泑	65
evjr	㴌	0
evmg	潍	64
evmw	湽	0
evne	淥	65
evno	湪	0
evr	洳	65
evrf	㵖	0
evrp	㖳	0
evug	灉	64
evvd	漅	20
evvn	㳨	0
evvu	㴩	0
evvw	淄	65
ew	沺	65
ew	畓	20
ewb	渭	65
ewc	泗	65
ewc	𣳉	20
ewce	溭	0
ewcr	㴄	0
ewcr	㴅	0
ewd	涃	20
ewd	淉	20
ewdq	潿	64
ewe	𣲷	20
ewfq	滃	64
ewg	浬	65
ewgf	潶	20
ewgg	濹	0
ewim	漍	20
ewjr	涸	188
ewk	洇	65
ewl	㳌	0
ewla	濖	0
ewlb	湡	20
ewlc	㵋	0
ewli	濁	64
ewlj	澤	64
ewlk	㶔	0
ewln	瀱	64
ewlo	潀	64
ewlo	𣽁	20
ewlv	澴	64
ewml	淠	65
ewmo	溷	64
ewmv	渨	65
ewno	歠	66
ewo	泅	65
ewot	溫	64
ewp	㴓	20
ewqs	涠	64
ewr	洄	65
ewtc	潩	20
ewtj	滭	20
ewvf	漯	64
ewwf	㶟	0
ewwg	灅	20
ewww	㵽	20
eyaf	鿌	0
eyaj	淖	65
eybb	渧	65
eybb	濄	20
eybc	湞	64
eybg	灕	64
eybk	澈	157
eybo	浈	64
eybp	瀧	64
eybr	𣽊	20
eybs	滂	64
eybu	濬	20
eybu	𣿰	20
eycb	滴	375
eycd	滦	64
eyck	洨	65
eyck	湙	20
eycn	湾	259
eyct	㴒	20
eycu	渷	0
eycv	滚	512
eycv	滾	512
eydi	㳡	0
eydk	潡	20
eydl	漷	64
eydl	澵	20
eydu	瀙	20
eyed	澯	20
eyem	瀣	64
eyfd	㴹	0
eyfe	淑	65
eyg	注	394
eygq	澾	20
eyhc	瀕	64
eyhc	濓	20
eyhj	漨	64
eyhm	滻	64
eyhn	沆	65
eyho	濒	64
eyhs	汸	20
eyhv	㳖	20
eyib	淯	65
eyid	㳿	0
eyit	㳰	0
eyiu	流	670
eyiu	㳘	80
eyj	㳆	0
eyjc	灨	20
eyjj	漣	624
eyk	汶	65
eyk	㳠	0
eykb	㵦	0
eykk	滧	64
eykl	济	64
eykn	浏	64
eykq	涟	624
eylc	洂	20
eylc	瀢	20
eylh	涉	65
eylm	沚	65
eymh	濊	64
eymm	澁	20
eymo	渋	20
eymp	泚	65
eymu	𤀹	20
eyoj	淬	65
eyok	液	65
eypd	滹	64
eypk	澞	20
eypo	澽	64
eypp	濾	151
eypt	瀘	64
eypu	淲	20
eyr	沾	65
eyra	㶆	0
eyra	湻	0
eyrb	滈	20
eyrd	淳	65
eyrf	涼	164
eyrj	滸	64
eyrn	渟	65
eyrn	瀛	64
eyrn	涥	20
eyrn	灜	20
eyrn	𤅀	20
eyrn	𤅗	20
eyro	濠	64
eyru	湸	20
eyru	𣻼	20
eyrv	瀼	64
eys	泸	64
eysc	㶛	0
eysd	游	64
eysd	湤	20
eysk	㵀	0
eyso	漩	64
eysy	淤	614
eyt	泣	65
eyta	湆	20
eytb	湇	20
eytg	潼	64
eyth	浐	64
eytj	漳	64
eytj	㳯	20
eyto	澻	20
eytp	澺	20
eytr	涪	65
eytu	滝	20
eytv	淁	0
eyub	漓	64
eyuh	滮	64
eyv	汒	20
eyvb	㵝	0
eyvg	澭	20
eyvi	泫	65
eyvw	滀	20
eywd	澟	64
eywi	滷	20
eywm	澶	64
eywv	滖	20
eywv	瀤	20
eywv	㶎	0
eyx	濟	64
eyy	汴	65
f	火	637
faa	焻	20
fab	焨	20
fabt	煴	64
fafu	熀	64
faht	焺	20
fahu	溗	20
fam	炟	64
famh	煬	64
famj	焊	64
famj	㷸	0
famo	煶	20
fanb	燗	63
fank	燘	20
fano	熌	20
fanp	燜	63
fanw	爛	63
fanx	爓	63
faph	焬	20
fapp	焜	64
fapv	㷎	0
farf	燳	0
fase	熶	0
fate	爆	540
fatj	爗	20
fau	𤆵	20
fawe	熳	64
fayf	燝	20
fayi	𤋉	20
fayt	煜	64
fb	肖	59
fb	龸	0
fbac	熐	20
fbb	焩	20
fbbe	燰	63
fbbhu	觉	734
fbbr	煱	20
fbbuu	覚	20
fbcr	烱	20
fbd	栄	20
fbd	𤊕	20
fbe	泶	20
fbf	㡀	0
fbg	坣	0
fbhaf	鶺	51
fbhaf	䳤	0
fbhgr	喾	75
fbhn	𤆤	20
fbhne	㲂	0
fbhqu	㲖	0
fbhui	䰪	0
fbhx	熖	20
fbjj	溤	64
fbkf	燃	542
fbks	労	20
fbla	㷔	0
fblmi	蛍	20
fbln	削	360
fbme	煖	20
fbmmi	尝	75
fbmr	烔	64
fbnd	学	945
fbnd	烰	20
fbnl	䣊	0
fbnwm	鲎	51
fbok	敝	68
fbok	敞	68
fbou	熎	20
fbpym	鹡	51
fbq	㶲	20
fbr	尚	72
fbr	炯	64
fbrbc	賞	56
fbrbo	赏	56
fbrbp	㦂	80
fbrd	棠	67
fbrg	堂	74
fbrhu	党	51
fbrlb	常	865
fbrmh	牚	63
fbrmn	瑐	20
fbrmn	瓽	20
fbrnn	㗬	0
fbrpa	嘗	75
fbrq	掌	665
fbrr	営	20
fbrtm	甞	20
fbrw	當	937
fbrwf	黨	51
fbryo	䟫	0
fbryv	裳	360
fbtlc	黉	51
fbtu	焵	20
fbtv	焹	0
fbu	峃	72
fbug	爠	0
fbuu	䙺	20
fbuu	覍	0
fbwi	爝	63
fbyh	烿	20
fcb	脊	659
fci	炂	20
fcip	焧	0
fcnh	焍	20
fcnl	䣔	0
fcor	焀	20
fcq	举	69
fcwa	熷	20
fcymr	誉	56
fd	米	556
fd	炑	20
fd	𣏦	20
fdamg	糧	60
fdamh	糃	20
fdamo	䊓	0
fdapp	䊐	0
fdau	粑	60
fdawe	䊡	0
fdbcr	𥺂	20
fdbm	粗	60
fdbmr	粡	20
fdbnd	粰	60
fdbt	粣	20
fdbuu	粯	20
fdcsh	粉	60
fddam	𥻗	20
fddb	䊂	0
fddh	爩	20
fddi	籿	20
fddj	粖	20
fdeii	糔	60
fdfbg	糛	0
fdfbr	䊑	0
fdff	䊏	0
fdfh	粆	20
fdfq	䉽	0
fdfqu	䊎	0
fdgbt	䊦	0
fdgni	䊭	0
fdgp	𥺃	20
fdgrr	糦	20
fdha	粕	60
fdhag	䊗	0
fdhdp	䊝	0
fdhdw	䊩	0
fdhe	粄	60
fdhfd	䉿	0
fdhgu	䊁	0
fdhhj	粺	20
fdhj	粁	60
fdhml	䉼	0
fdhn	籶	0
fdhnb	䊃	0
fdhoa	糌	60
fdhoo	䊴	0
fdhp	籷	0
fdhqu	粍	20
fdhuk	糗	60
fdhvp	䉻	0
fdiav	粮	60
fdibi	糐	20
fdidy	䊳	0
fdig	粧	20
fdigi	𥺁	20
fdiih	糝	60
fdijb	䊇	0
fdikh	糁	60
fdile	糠	61
fdilr	糖	260
fdipp	䊌	20
fdisb	糄	0
fditc	䊯	0
fdixp	麊	20
fdiyr	𥺦	20
fdj	籵	60
fdj	㶬	0
fdjbj	䊖	0
fdjd	䊉	0
fdjii	䊜	0
fdjk	粀	60
fdjkp	粩	60
fdjmf	粽	60
fdjmo	糘	20
fdjr	䊀	0
fdjrb	糊	191
fdk	类	621
fdk	炔	64
fdkde	䊛	0
fdki	粏	0
fdknj	粋	20
fdlc	㸊	0
fdlnc	䊧	0
fdlw	粙	0
fdlwb	䊘	0
fdlx	䊥	0
fdm	䉺	20
fdm	㶱	0
fdma	粨	60
fdmbb	糯	61
fdmbc	頪	0
fdmbl	粫	20
fdmcw	粞	60
fdmlk	粳	61
fdmlm	𥺼	20
fdmms	粝	60
fdmq	溿	20
fdms	粐	20
fdmtb	糲	60
fdmua	糣	0
fdmwg	糎	20
fdmwj	䊤	0
fdmwl	糆	60
fdn	㐘	0
fdnd	籽	60
fdng	粈	20
fdnhd	糅	60
fdnii	糨	60
fdniq	粦	20
fdnir	䊅	0
fdnj	籸	60
fdnkq	䊕	0
fdnl	粌	20
fdnmm	糑	20
fdnob	糈	60
fdog	䊒	0
fdogf	𥼚	20
fdoim	䊱	0
fdok	敉	68
fdoma	糩	0
fdomo	𥽋	20
fdomr	粭	20
fdon	籺	20
fdonk	糇	52
fdopd	粚	60
fdowy	䊈	0
fdpfd	粷	0
fdphh	粅	20
fdpp	粃	20
fdqmb	精	629
fdsfb	糏	0
fdshi	籾	20
fdshu	䊊	0
fdsit	糮	20
fdsmg	䊮	0
fdsmv	粻	60
fdso	粎	20
fdss	粔	60
fdtak	糢	60
fdtaw	糷	20
fdtbk	糤	0
fdtbn	糋	20
fdtc	粪	60
fdtgf	糕	339
fdthb	糒	60
fdtlb	䊟	0
fdtlk	䊔	20
fdtm	粓	0
fdtmc	粸	20
fdtmc	䊣	0
fdtmv	糂	20
fdtop	糀	20
fdtvg	糚	20
fdtvi	糍	60
fdtw	粬	60
fdtwa	糟	225
fdtwb	䊪	0
fdu	籼	60
fduce	糭	60
fduce	糉	20
fdv	籹	60
fdvmg	䊋	0
fdvne	粶	0
fdw	畨	0
fdwd	粿	60
fdwe	𥹉	20
fdwf	煉	158
fdwg	粴	20
fdwji	糰	20
fdwla	糬	60
fdwlv	糫	0
fdwly	䊫	0
fdwtc	糞	60
fdy	烞	20
fdycb	䊞	0
fdyhn	粇	0
fdyhr	糙	60
fdyhr	䊚	0
fdyj	料	68
fdyoj	粹	258
fdyr	粘	360
fdyra	䊰	0
fdyt	粒	60
fdytu	糡	0
femvn	㽊	0
ff	炎	297
ff	炏	64
ffb	焇	0
ffbb	膋	59
ffbb	龦	20
ffbbu	覮	20
ffbbu	䁝	0
ffbc	鎣	54
ffbd	榮	66
ffbdd	檾	20
ffbe	滎	64
ffbf	熒	64
ffbf	爣	20
ffbg	塋	74
ffbg	𤎌	20
ffbhf	鶯	51
ffbhm	𤯵	20
ffbhn	焭	0
ffbhq	犖	63
ffbkp	憥	0
ffbks	勞	392
ffbli	螢	57
ffbmf	禜	61
ffbmg	瑩	234
ffbmn	甇	63
ffbmr	䃕	0
ffbmt	䝁	0
ffbmw	醟	54
ffbnd	𡦃	20
ffbnj	溮	64
ffbou	罃	60
ffbrr	營	63
ffbsm	䎕	0
ffbu	嵤	0
ffbuu	覢	20
ffbv	嫈	73
ffbvf	縈	60
ffbw	㽦	0
ffbya	䪯	0
ffbyr	謍	56
ffbyv	褮	20
ffdq	燐	20
ffe	燮	63
fff	焱	64
fff	爕	20
fff	㷋	0
fff	㸉	0
fffd	燊	64
fffd	爃	20
fffd	𤒇	20
ffff	燚	63
fffg	𤍢	20
fffi	𤑚	20
fffs	𤏪	20
ffg	烾	20
ffh	炒	552
ffhaf	鶑	0
ffhe	夑	20
ffhni	飊	20
ffhqu	㲜	0
ffhqu	㲭	0
ffjv	𡠺	20
ffks	勬	0
ffln	剡	77
ffmbc	纇	60
ffmbc	顃	20
ffmbo	颣	60
ffmu	𤈛	20
ffnem	㷥	0
ffniq	㷠	0
ffnj	㷀	0
ffnl	郯	54
ffnl	䣣	0
ffno	欻	66
ffog	熦	0
ffp	㥕	0
ffye	敥	20
ffypu	虩	57
ffyr	溡	20
fg	灶	289
fgcc	爀	20
fgce	𤊥	20
fgg	烓	64
fggu	燒	63
fgit	熆	20
fglc	焃	64
fgni	燽	63
fgnl	䣘	20
fgqkq	㷯	0
fgrr	熺	20
fgrr	𤐵	20
fh	少	794
fha	𤇢	20
fhaf	䲴	0
fhag	煌	64
fhal	㸅	0
fhau	㝸	0
fhbi	烐	20
fhbk	燠	63
fhbt	烅	20
fhbu	省	360
fhbv	㶶	63
fhd	秌	20
fhdf	煂	20
fhdn	熪	20
fhdw	燔	63
fhe	炍	0
fhej	烽	64
fher	烙	64
fhey	炵	20
fhfd	烀	64
fhge	燬	20
fhgf	燻	20
fhgr	焅	20
fhgs	㷲	0
fhgu	烍	20
fhgy	㸆	20
fhhaf	䲵	0
fhhl	㶯	0
fhhqu	毟	20
fhhw	熘	64
fhje	煅	64
fhjg	煡	20
fhkb	燆	20
fhks	劣	321
fhln	㓬	0
fhlo	焮	64
fhml	炘	64
fhnau	㝹	0
fhne	炈	0
fhni	煈	0
fhnq	鼡	51
fhon	烆	20
fhp	灹	20
fhp	㥹	0
fhpa	焝	20
fhrf	熓	0
fhrj	㷆	20
fhs	炸	318
fhsb	煇	64
fhsf	𤑛	20
fhsf	爋	0
fhsk	燩	0
fhsm	煽	64
fhsu	熩	20
fhu	灮	64
fhuc	𤓎	20
fhup	熄	540
fhvd	烁	235
fhwj	焷	0
fhwp	熜	64
fhxg	㷐	0
fhxu	𤊓	20
fiav	烺	64
fibi	煿	0
fice	焌	64
fid	炢	0
fihr	煠	64
fiib	𤎜	20
fijb	烳	64
fikk	炦	20
file	𤎖	20
filii	蠽	57
filo	焿	64
filr	煻	64
fiok	㶼	0
fipf	爊	63
fipm	烒	20
fir	炲	64
fird	㷘	0
fis	炉	239
fitc	爌	63
fitc	燫	20
fitf	熫	0
fixp	熝	20
fjbd	㶿	20
fjbj	煵	20
fjck	㷝	0
fjcm	焢	64
fjcn	焪	0
fjcr	熔	64
fjhp	烢	20
fji	戦	20
fjkf	爎	20
fjks	烤	551
fjmm	煊	64
fjmu	烷	64
fjnu	焥	20
fjp	炨	0
fjpu	烧	63
fjrb	煳	64
fjrr	熍	0
fjtc	燌	0
fjtu	焼	20
fjv	𤇼	20
fjvd	炼	158
fjwj	𤉖	20
fk	尖	72
fka	暼	20
fkb	烠	20
fkbu	瞥	62
fkc	鐅	0
fkcf	燎	64
fkf	尜	72
fkgg	煁	64
fkhaf	鷩	51
fkhqu	氅	66
fkik	獘	20
fkkb	烯	64
fkkb	𤉶	20
fklb	幣	71
fklmi	蟞	20
fklu	㷈	0
fkmbc	類	621
fkmnp	斃	68
fkn	彆	823
fkn	㶢	0
fknwf	鱉	51
fknwm	鳖	51
fknxu	龞	0
fkog	䨆	0
fkp	憋	70
fkq	撆	69
fkrau	鄨	20
fkrxu	鼈	20
fkryo	蹩	55
fksb	熁	64
fksc	燲	20
fkss	㶸	80
fkt	弊	71
fkt	㢢	0
fkv	嫳	20
fkvif	䌘	0
flbk	炴	64
flbu	㶩	0
flii	爞	20
flln	炥	20
flmi	烛	63
flmo	烑	20
flmt	燼	63
fln	灲	0
flsp	焖	63
flwv	熡	20
flx	熽	20
fm	灴	64
fmad	㷞	0
fmam	烜	64
fmbb	燸	20
fmbc	煩	64
fmbg	㸌	80
fmbi	燯	0
fmbk	煗	20
fmbm	爧	20
fmbo	烦	64
fmc	兴	587
fmdm	爏	20
fme	㶹	0
fmf	炋	20
fmf	烣	0
fmhf	㷧	20
fmj	㶥	20
fmkr	㶺	0
fmmr	焐	64
fmn	灯	390
fmnjk	厳	20
fmnr	炣	64
fmob	炳	64
fmr	炻	64
fmrw	煏	64
fmso	烼	20
fmtb	爄	0
fmu	光	781
fmua	熸	64
fmvm	烴	64
fmwf	熛	64
fmwg	煙	64
fmwg	㷑	0
fmwj	燂	64
fmym	炡	20
fnbk	煥	64
fng	炄	20
fnhaf	鵥	0
fnhb	燏	63
fnhd	溳	64
fnhe	𤆣	20
fnhx	焰	64
fni	㶤	0
fnib	㷁	0
fnin	㶴	20
fnin	㶦	0
fnkg	烶	64
fnkm	烻	20
fnkq	煒	64
fnl	邩	0
fnla	焔	64
fno	炊	64
fnom	烃	64
fnot	燈	390
fnq	揱	20
fnqd	𤌴	20
fnsh	炀	64
fnvif	𦂗	20
fnwf	龽	0
fo	尐	72
fob	㶧	0
fobg	𤌍	20
fod	烌	20
fog	雀	360
fog	焳	20
fogf	燋	64
fogs	㷪	0
foii	炩	20
foip	焾	20
foir	焓	64
foir	熗	64
fok	炇	0
foll	炌	64
foma	燴	63
fomb	爚	63
fomb	㷍	20
fomg	烇	20
fomi	烩	63
fomo	㷿	0
fomr	烚	20
fond	熂	20
foomb	䶴	0
fop	炛	0
fopd	炧	20
fopj	烨	80
form	熻	20
fosu	炝	64
fotf	㷻	0
fowy	烸	20
fpa	㶷	0
fpd	灺	64
fpi	灼	64
fpim	𤆥	20
fpkp	㷓	20
fppa	煯	0
fpru	炮	313
fptd	滐	20
fpu	炖	553
fpuu	煼	20
fq	半	590
fq	龹	0
fqbu	眷	62
fqbuu	䚏	0
fqd	桊	20
fqdmq	韏	20
fqe	𣳾	20
fqhd	䅈	0
fqhe	叛	76
fqhml	斴	0
fqhq	牶	20
fqiav	飬	52
fqj	炐	0
fqks	劵	77
fqlb	帣	72
fqll	奍	0
fqlmi	䖭	0
fqln	判	77
fqln	㔂	0
fqmbc	頖	52
fqmmf	䄅	0
fqmso	豢	56
fqmvn	甐	20
fqn	弮	71
fqnbg	觠	20
fqnl	鄰	246
fqnwf	鮝	51
fqnwm	鲞	51
fqoc	㸇	0
fqoiv	餋	52
fqq	拳	664
fqs	炜	64
fqsh	券	77
fqsmm	翷	20
fqsqf	駦	20
fqsu	卷	76
fqu	亃	79
fqvif	絭	20
fqvv	粼	60
fqvvv	𥻘	20
fqyj	㪵	0
fqymr	誊	56
fqymu	齤	20
frb	焆	64
frbc	熉	20
frc	炽	164
frhu	炾	64
frik	獣	20
frob	㶽	0
frp	㕾	0
frr	焒	0
frrd	燥	63
frrj	燀	20
frrr	煢	64
fruc	㷷	20
frye	煆	64
fsd	㮡	20
fseg	熞	20
fsei	爥	63
fsh	灱	20
fshr	炤	64
fsit	爁	20
fsjj	㸎	0
fsjr	𤉸	20
fskr	𤉙	20
fsll	烥	0
fsln	㓥	77
fsm	当	937
fsma	熠	235
fsmb	㷌	20
fsmg	燿	63
fsmh	熮	0
fsmi	燖	20
fsmt	熤	64
fsmv	㷃	0
fsoy	烬	63
fsrr	熰	20
fss	炬	64
fssr	焗	64
fstt	𤋊	20
fsuu	煀	20
fswu	爦	20
ft	灷	20
fta	焟	64
ftak	㷬	0
ftaw	爤	63
ftbf	𤐄	20
ftbn	㷙	0
ftc	烘	544
ftc	烡	20
ftcd	㸁	0
ftce	爜	0
ftcl	燍	0
ftcw	煔	20
ftgi	燨	63
ftgq	㷣	0
ftgr	㷽	20
ftgs	爔	63
ftja	𤏸	20
ftk	烪	0
ftlf	𤒈	20
ftlj	煣	20
ftlk	煸	64
ftlo	熯	64
ftlx	𤑳	20
ftm	㶰	0
ftmc	熿	64
ftmc	𤊄	20
ftmd	煤	332
ftmj	燁	80
ftmm	烂	63
ftmv	滊	64
ftob	焫	20
ftof	爑	0
ftpi	烵	20
ftpo	煫	20
ftpp	燪	0
ftq	烊	64
ftqu	𤏲	20
ftrg	爟	63
fttb	煹	0
ftwa	㷮	0
ftwb	燤	20
ftwi	燇	64
ftwr	𤌚	20
ftwv	燶	63
ftxc	熑	20
ftyj	㷹	0
fu	灿	291
fua	𣆤	20
fua	𣆥	20
fuap	熴	64
fuapp	尡	0
fubjj	輝	159
fubkq	辉	159
fubuu	䚇	0
fudmq	韑	0
fuhag	𤾗	20
fuhj	㷨	20
fuhuc	𧹍	20
fuitc	兤	0
fujcm	䆪	0
fuks	勌	20
fumb	煪	20
fumt	𤍈	20
fumvn	㼳	0
fuog	熣	20
fusma	𦒉	20
fusmg	耀	397
futlc	黋	0
futmj	㒯	20
fuu	炪	0
fvid	爍	235
fvis	㶭	20
fvok	数	714
fvvv	爉	20
fw	畑	63
fwb	煲	196
fwd	巣	20
fwd	㷄	0
fwgf	㷵	0
fwgg	爅	20
fwhvo	㼕	0
fwj	単	20
fwjc	𤎽	20
fwk	烟	64
fwkp	煾	20
fwl	炠	20
fwlb	㷒	0
fwlg	𤓓	20
fwli	燭	63
fwlj	燡	63
fwln	劏	77
fwmbc	顲	20
fwmv	煨	64
fwmvn	㽆	0
fwot	熅	64
fwtc	熼	20
fwtj	熚	20
fwtj	𤒹	20
fyaj	焯	64
fyav	煺	64
fybc	𤋺	20
fybp	爖	20
fycb	熵	64
fyck	烄	20
fyck	㷜	0
fydk	燉	20
fyed	燦	291
fyev	爘	0
fyg	炷	64
fygq	燵	20
fyhj	熢	20
fyhn	炕	195
fyhr	㷟	0
fyia	熾	164
fyib	焴	64
fyj	炓	20
fyk	炆	64
fynb	熥	64
fyoj	焠	64
fyok	焲	20
fypo	㷾	0
fypp	爈	0
fypt	爐	239
fyr	炶	0
fyrb	熇	64
fyrd	焞	64
fyrg	㸀	0
fyrn	㷚	0
fyro	𤐶	20
fyru	煷	20
fyrv	爙	20
fysg	𤍣	20
fytg	燑	20
fyti	㸍	0
fytj	𤍤	20
fyto	燧	63
fytp	燱	20
fytr	焙	64
fyub	㷰	0
fyvi	炫	396
fyvo	烗	64
fywd	燣	0
fywf	燷	0
fyx	㸄	0
fyy	炞	0
g	土	75
gadi	埘	74
gag	㘿	0
gagi	塒	74
gah	声	835
gahu	堳	74
gam	坦	409
gamh	場	757
gami	壜	74
gamj	垾	74
gamo	堤	364
gana	墹	20
ganx	壛	20
gaph	埸	74
gapp	堒	20
gapv	堨	74
gasm	塌	538
gav	垠	74
gavf	㙷	0
gawe	墁	74
gb	冉	78
gbac	塓	74
gbb	堋	74
gbbr	堝	74
gbcd	堔	20
gbcd	𡑕	20
gbcr	埛	74
gbd	埰	74
gbdi	埒	74
gbhn	壳	360
gbhne	觳	56
gbhne	㱿	0
gbhne	䐨	0
gbhp	悫	70
gbhu	坈	74
gbhu	売	20
gbhx	塪	0
gbjj	堚	0
gblm	壺	417
gbm	坥	20
gbmc	埧	74
gbmd	槖	66
gbmm	壼	74
gbmo	塚	20
gbmo	塜	20
gbmr	垌	74
gbmri	蠧	57
gbmt	壹	74
gbnd	垺	74
gbnxu	䶲	0
gbo	坝	437
gbp	壱	20
gbr	坰	74
gbsd	埩	20
gbsmm	䎃	80
gbtc	壶	417
gbtu	堈	74
gbuc	垻	437
gbul	䵺	0
gbut	㚃	0
gbuu	垷	0
gbwo	㚄	0
gby	坍	74
gcbmr	䞒	0
gcbuu	覿	57
gcbuu	䚂	0
gccr	﨏	0
gcdhe	皾	20
gcg	坴	74
gcglc	赫	56
gche	夌	74
gcilr	赯	56
gcim	塕	74
gcjka	赭	56
gclmi	赨	20
gcm	䞑	0
gcmbb	䞕	0
gcmbc	頳	52
gcmvm	䞓	80
gcnau	赩	56
gcnl	郝	54
gcno	赥	0
gco	赱	55
gcok	赦	56
gcru	㙂	0
gcrxu	鼀	20
gcrye	赮	20
gcsh	坋	74
gcshu	䞔	0
gcsle	赧	56
gcv	丧	75
gcwa	增	74
gcwr	啬	491
gcybc	赬	56
gcybo	赪	56
gdhe	坡	389
gdhne	榖	66
gdhne	糓	20
gdhne	穀	15
gdhne	㝅	0
gdi	寺	72
gdk	块	74
gdmq	㙔	0
gdw	埬	20
gdwf	堜	20
gebu	瞽	62
gec	鏧	20
gec	䥢	0
ged	㯏	0
gee	漀	20
geea	䶁	0
geee	㙍	80
geeii	鼜	20
gef	㷫	20
gefbg	鼞	20
gegi	䵽	0
geha	㿦	0
gehd	䅽	0
gehda	馨	52
gehey	鼕	77
gehey	㲇	0
gehhj	鼙	51
gehkb	毊	20
gehor	鼛	51
geid	墚	20
gejwj	䡰	0
gelmi	螜	20
gelxl	鼘	20
gemr	磬	61
genot	鼟	51
geoii	㲆	0
geoju	罄	60
geomr	䶀	0
gep	愨	70
gep	慤	70
gep	𢡱	20
geq	撀	0
geshr	㲈	80
gesj	聲	835
gesmv	鼚	51
geymr	謦	56
geyr	䵿	0
geyta	韾	20
gf	灻	0
gfbr	埫	74
gfbuu	𧡘	20
gfbw	壋	74
gfcb	塉	20
gff	埮	20
gfhne	縠	60
gfhne	鷇	51
gfhne	㷤	0
gfle	隷	20
gfmu	垙	74
gfno	款	66
gfq	坢	20
gfqg	堘	20
gfqu	埢	20
gfsm	垱	74
gg	圭	75
ggb	㘱	0
ggbt	㙪	0
ggce	堎	74
ggcw	墙	74
ggdi	封	72
ggff	燅	20
ggg	垚	74
ggg	𡋣	20
gggcg	龳	20
gggg	㙓	0
gggog	𡓨	20
gggu	堯	74
gggu	墝	74
gghaf	鵱	20
gghaf	䳏	0
gghne	瑴	20
gghne	㲄	0
ggkni	埶	74
ggks	勎	0
gglmi	䖯	0
ggln	刲	77
ggni	壔	74
ggnl	邽	54
ggno	㰪	0
ggow	墻	74
ggp	恚	70
ggrau	郌	0
ggrxu	䵷	20
ggrxu	鼃	0
ggy	卦	76
ggye	㪈	0
ghad	𡏭	20
ghaf	䲧	0
ghag	堭	74
ghbd	㙾	0
ghbk	墺	74
ghbr	垧	74
ghbu	垍	74
ghdp	塖	0
ghdw	墦	74
ghe	坂	74
ghej	埄	74
gher	垎	74
ghfd	垀	20
ghgf	壎	74
ghgr	𡌃	20
ghhi	塮	20
ghhj	埤	74
ghhne	殸	66
ghhw	塯	20
ghi	塊	74
ghj	圲	20
ghje	塅	74
ghjg	堹	20
ghjm	埵	74
ghkb	墧	20
ghlb	㙖	0
ghlmi	蟚	20
ghml	圻	74
ghmr	垢	74
ghmvn	甏	63
ghmy	坼	74
ghnd	垛	74
ghne	坄	0
ghni	堸	20
ghon	垳	20
ghoo	㙡	20
ghor	㙮	0
ghp	圫	75
ghpm	坻	74
ghqu	㘪	0
ghrf	塢	74
ghrj	埠	74
ghrr	垖	74
ghsk	墽	20
ghu	圥	0
ghud	㙞	0
ghvo	坬	20
ghvp	坁	20
ghxu	堄	74
gi	去	953
gia	暬	0
giapv	朅	67
giav	埌	74
gibi	㙛	0
gibt	盍	62
gibuc	贄	56
gibuc	䞇	0
gic	䥍	0
gice	埈	74
gid	槷	20
gie	漐	0
gif	熱	589
gig	墊	74
gihab	幫	71
gihaf	鷙	51
gihf	墄	0
gihp	㙳	0
gihq	煓	64
gihr	堿	74
gihs	城	544
gihui	魗	0
gihv	㙎	20
giib	㙟	20
giih	墋	20
gijb	埔	360
gikk	坺	20
gikp	垅	74
giks	劫	319
giks	勢	77
gilb	墉	74
gile	𡐓	20
gili	𡌺	20
gilmi	蟄	57
giln	刦	20
gilr	塘	437
gimbc	䪺	0
gimmi	㙯	0
ginl	邿	54
ginl	𨚫	20
ginn	垿	74
gino	㰦	0
ginwf	䲀	0
giok	埃	74
gip	慹	20
giq	摯	203
giq	摰	69
giq	㨍	0
gir	坮	20
girm	域	74
girp	唟	0
girxu	鼁	20
giryo	䠟	0
gish	刧	20
gishi	刼	20
gisl	却	806
gisle	叝	0
gismm	翿	59
gisqf	騺	51
gist	墭	0
git	弆	71
gitc	壙	74
gitf	墌	0
gitlj	鞤	20
giv	㜂	0
givif	縶	60
giwg	㙻	0
gixp	塶	20
giyhv	褺	0
giymr	謺	20
giypu	䖔	0
gjbc	填	74
gjbj	𡎜	20
gjbm	埴	74
gjbv	㚂	0
gjc	坹	0
gjck	堗	20
gjcm	埪	20
gjcn	㙀	0
gjcr	塎	20
gjdi	垨	0
gjhne	轂	55
gjhp	垞	74
gjhvo	瑗	63
gjii	塼	20
gjjn	墘	74
gjka	堵	74
gjki	㙆	0
gjkni	執	414
gjkr	𡏾	20
gjks	㘼	0
gjmd	㘾	20
gjmm	塇	20
gjmn	坾	20
gjmo	埞	20
gjmu	垸	20
gjmvn	㼬	0
gjnu	埦	74
gjp	坨	74
gjsle	報	755
gjtc	墳	170
gjv	垵	74
gjwj	𡌄	20
gjwv	壊	20
gka	𣊁	20
gkbt	盩	62
gkbuc	贅	56
gkc	鏊	54
gkcf	㙩	0
gkf	熬	551
gkhaf	鷔	20
gkhne	㺉	0
gkik	獒	63
gkkk	塽	74
gklb	㘵	80
gklmi	螫	57
gklmi	螯	57
gklu	埯	74
gkma	㙽	0
gkmb	堶	20
gkmr	埼	74
gkms	垮	74
gknwf	鰲	51
gkoo	埉	0
gkpb	墆	20
gkq	摮	69
gkrxu	鼇	20
gks	㘦	0
gksb	㙝	0
gksj	聱	59
gksqf	驁	51
gku	嶅	72
gkymr	謷	56
glbk	坱	74
gle	埭	74
glhne	㲉	0
glll	圳	74
glln	坲	74
glmc	墤	0
glmo	垗	74
glmt	壗	20
glnc	赤	56
glq	垏	74
glwl	坤	74
glwv	塿	20
glx	㙌	0
gmam	垣	74
gmbb	壩	437
gmbb	壖	74
gmbi	墵	74
gmbk	堧	74
gmc	鋆	54
gmd	圩	75
gmdm	壢	74
gmf	坏	430
gmfj	坪	74
gmfm	坯	74
gmgg	堐	74
gmgi	𡊩	20
gmhf	塬	74
gmig	垤	74
gmjk	𡑒	20
gmks	坜	74
gmlk	埂	74
gmlm	埡	74
gmlw	㙧	0
gmmi	坛	415
gmms	圬	75
gmmu	坃	20
gmn	圢	75
gmnr	坷	74
gmr	坧	20
gmrb	塥	74
gmrw	堛	20
gmso	㙇	20
gmtc	垭	74
gmto	㙭	0
gmvm	坘	0
gmwd	塛	20
gmwf	墂	20
gmwg	堙	74
gmwj	墰	74
gmwm	壃	0
gmwv	㙘	20
gmy	圷	20
gmyf	墕	20
gn	㐊	0
gn	㐋	0
gnbg	埆	74
gncr	㙴	0
gnhe	圾	74
gnhne	殼	360
gnhne	彀	71
gnhx	埳	20
gnib	埇	74
gnin	㘧	0
gnin	垑	0
gnkm	埏	74
gnmf	燾	63
gnmi	壽	74
gnmp	㦞	0
gnmu	垝	74
gno	坎	432
gnob	壻	20
gnoe	墢	0
gnot	墱	20
gnsd	垜	20
gnsh	场	757
gnsv	㙣	0
gnui	堍	74
go	圦	20
goae	㙏	0
goah	塲	20
goam	䞡	0
goamh	䞶	0
goamj	趕	55
goamo	趧	20
goawe	䟂	0
gob	㘨	0
gobm	趄	55
gobnd	䞯	0
gobqr	䞴	0
goc	䤰	20
goc	趛	20
gocor	䞱	0
godh	䞗	0
godi	坿	20
godk	赽	20
godl	趚	0
goeee	䞵	0
gofb	趙	55
gofbr	趟	177
gofh	赻	20
gog	堆	74
gogd	㙫	0
gogg	䞨	0
goggu	趬	20
goglc	䞰	0
gogr	趌	20
goha	䞟	0
gohag	䞹	0
gohds	䞬	0
goher	䞦	20
gohjd	趎	20
gohjr	趏	20
gohju	䞺	0
gohkb	趫	55
gohml	赾	0
gohmr	䞧	0
gohmy	䞣	0
gohnd	趓	20
gohne	豰	20
gohqi	䞲	0
gohqo	趃	0
gohuc	趲	55
gohuo	趱	55
gohus	䟍	0
gohvi	趆	0
gohvp	赿	0
gohyu	䞾	0
goi	㘺	0
goice	䞭	0
goii	坽	74
goiih	䟃	0
goik	垘	20
goimo	趑	55
goin	坅	20
goior	趦	55
goip	埝	74
goip	䞖	0
goiv	越	609
gojbf	䞽	0
goje	䞚	0
gojig	䟈	0
gojig	䟌	0
gojmr	趤	0
gok	坆	74
gok	赵	55
gokb	䞥	0
goks	赲	20
goks	㘯	0
goll	圿	20
golln	䞞	0
golmo	趒	55
golxh	趀	20
gom	坵	20
gomb	埨	0
gomc	㙃	0
gomf	䞜	0
gomfb	趰	0
gomgi	䞝	0
gomhm	䟐	0
gomj	赶	55
gomlb	䞙	0
gomls	䞛	0
gommr	䞸	0
gomn	堬	20
gomnn	趔	55
gomr	垥	20
gomr	䞠	0
gon	圪	75
gonbs	䞻	0
goncr	䟋	0
gonf	趂	20
gonin	趍	20
gonk	堠	74
gono	赼	0
gonsm	趋	55
goo	龪	20
goog	趡	55
googf	趭	20
goohh	趁	55
gooin	赺	20
gooip	趝	0
goomb	䟑	0
goomd	䞮	0
goomr	䞩	0
goon	䞘	20
gooog	趖	20
goos	䞢	0
goov	䘮	0
gopfd	趜	20
gopim	赹	20
gopr	䞤	0
gopuu	趨	55
goqmc	䟄	0
goqoc	䟎	0
gord	堢	20
gorrd	趮	55
gort	塩	20
goru	起	939
gorw	墖	20
goryo	趗	0
goshl	䞪	0
goshr	超	55
goshu	趘	0
gosje	趣	55
goskr	䞫	0
gosmg	趯	55
gosmm	趐	55
gosuu	䞷	0
gota	趞	0
gotcw	趥	20
gotf	墲	0
gotmc	趪	20
goto	㙸	0
gotqm	䟀	0
gotrg	䟒	0
gou	赸	55
gouu	趉	20
govid	䟏	0
govii	䟇	0
govl	赳	55
govne	趢	0
govno	䞼	0
govvd	䟁	0
gowli	䟉	0
gowr	嗇	491
gowtc	趩	20
gowtj	䟆	80
gowy	㙁	0
goy	赴	55
goyaj	趠	20
goyj	﨣	0
goypo	䟊	0
goyr	趈	0
goyt	趇	0
goytr	䞳	0
gp	志	547
gpbc	塡	74
gpbuu	覟	20
gpd	地	982
gphh	圽	20
gpi	圴	20
gpi	㘬	0
gpim	均	74
gpmm	堩	20
gpp	㘩	0
gppa	堦	20
gppg	㙄	0
gpr	坸	0
gpru	垉	20
gptd	堞	74
gpu	坉	20
gpvm	坞	74
gqhf	𡐤	20
gqhne	毂	55
gqhne	㨌	0
gqjl	垹	20
gqka	堾	20
gqkq	埲	74
gqmb	埥	20
gqmf	塐	0
gr	吉	76
grb	埍	0
grbc	塤	74
grbg	臺	616
grbo	埙	74
grd	㙅	0
grgr	喆	75
grgrr	嚞	75
grgrr	囍	75
grhaf	鴶	20
grhaf	𪇟	20
grhg	埕	74
grhne	嗀	75
grhne	嗀	0
grhv	袁	57
grks	劼	77
grks	㔛	0
grln	㓤	20
grmbc	頡	52
grmbo	颉	52
grmfm	噽	0
grmfr	嚭	75
grmvn	㼭	0
grnl	郆	0
grno	欯	20
grno	歖	20
grob	埚	74
grp	憙	70
grrj	墠	20
grrk	壧	20
grrs	堮	74
grrv	喪	75
grsj	𡎎	20
grsmm	翓	0
grt	壴	74
grtf	熹	64
grtr	喜	677
grtr	嘉	75
gru	㐖	80
gru	圯	75
grvp	垊	20
grye	敼	20
gsav	堰	74
gseg	𡐖	20
gsfi	墛	0
gsit	壏	20
gsjt	壣	20
gskn	㘲	0
gsl	壭	0
gslc	㙺	20
gsmb	埽	74
gsme	埐	20
gsmr	䂲	80
gsmv	㙊	0
gso	㘮	0
gsok	敖	68
gsp	坭	74
gsrj	壀	0
gsrr	塸	0
gssu	垇	74
gstt	塀	20
gsu	圮	75
gsu	𡉏	20
gsuu	堀	74
gsyq	墀	74
gtak	塻	20
gtbc	㙉	20
gtc	垬	0
gtco	墣	20
gtcp	塨	20
gtct	塧	0
gtcu	塂	74
gtdhe	皷	20
gtdi	尌	72
gtgq	㙚	0
gtgr	墡	20
gtgs	㙿	0
gtgt	壒	74
gthaf	鷧	0
gthf	𡓽	20
gthhh	彭	71
gtiop	懿	70
gtior	𡄻	20
gtiov	𡤜	20
gtj	幸	78
gtja	墸	20
gtje	鼓	426
gtk	㘷	0
gtlb	㙢	0
gtlk	𡎘	20
gtlm	墐	74
gtm	坩	74
gtmbc	䫦	0
gtmc	㙋	0
gtmc	墴	0
gtmj	墷	0
gtmv	堪	74
gtno	㰻	0
gtno	㱅	0
gtnop	㦤	20
gtol	𡏆	20
gtop	埖	20
gtor	塔	365
gtov	𡒶	20
gtq	垟	74
gtrg	壦	0
gtss	壾	20
gtt	垪	20
gtt	㘫	0
gttc	𡌶	20
gtu	亄	79
gtvs	墈	74
gtwi	墫	74
gtwi	壿	74
gtwim	𧰒	20
gtwn	㙹	0
gtye	鼔	0
gtyu	塃	74
gu	圠	20
gubb	塴	20
guce	堫	0
gudi	𡭄	20
guggu	㚁	20
guhaf	䴃	0
guhne	瞉	20
guhne	䍍	0
gumb	㙐	0
gumbc	顤	20
gumj	堓	0
gumt	塏	74
guog	墔	20
guon	埁	20
gusmm	翹	59
gusu	垲	74
guye	𢿣	20
gvfn	壪	74
gvhne	㜌	0
gvii	㙨	0
gvis	坳	80
gvis	㘭	20
gvno	堟	0
gvvw	堖	74
gw	𡊰	20
gwb	㙕	0
gwbt	䀋	0
gwd	堁	20
gwg	埋	360
gwj	毐	66
gwjr	堌	74
gwk	㘻	0
gwlb	堣	20
gwlc	賣	530
gwlj	墿	20
gwlm	堽	74
gwls	塄	74
gwlw	夁	0
gwmv	㙗	0
gwno	㱇	0
gwol	堺	20
gwot	塭	74
gwww	㙼	0
gwyi	坶	20
gy	圤	0
gybp	壠	74
gybs	塝	74
gybt	盐	51
gybu	龼	0
gycb	墒	74
gycb	墑	20
gycn	塆	74
gycv	壌	20
gycv	㙥	0
gydk	墩	74
gydl	墎	20
gyfe	埱	20
gygj	𡐿	20
gygq	墶	74
gyhj	塳	20
gyhn	坑	431
gyhr	塠	74
gyhs	坊	385
gyib	堉	74
gyj	㘰	0
gyk	坟	170
gylc	壝	74
gylh	埗	74
gylm	址	74
gym	圵	0
gymy	垰	20
gyo	走	841
gyoj	埣	20
gypd	㙤	0
gypm	墟	74
gypo	壉	20
gypt	壚	74
gypu	㙈	20
gyr	坫	74
gyrb	塙	74
gyrd	埻	20
gyrg	㙵	0
gyro	壕	74
gyrv	壤	228
gys	垆	74
gyt	垃	74
gyta	堷	20
gytg	墥	20
gyti	㚀	0
gytj	垶	20
gytj	墇	20
gytr	培	74
gytu	境	74
gyuk	垴	74
gyvg	㙲	0
gyvi	𡊨	20
gyvo	垓	74
gywd	壈	20
gywi	塷	0
gywm	壇	415
gywv	壞	430
h	竹	36
ha	白	780
haamj	皔	0
haapv	馤	20
haapv	㿣	0
haau	皅	0
habbe	皧	0
habgr	皗	0
habnd	馟	0
habwi	皭	62
hac	㒵	0
hacsh	馚	0
hadj	皌	62
hae	泉	65
hafbf	㿩	0
hafbf	䭱	0
hafhh	㣎	0
hafmu	㿠	80
haggu	皢	0
hagni	㿧	0
haha	㿟	0
hahaa	皛	20
hahaa	馫	20
hahaf	䳆	0
hahag	皨	62
hahaj	皞	62
hahaj	皡	20
hahdw	皤	62
hahe	皈	62
hahgr	皓	68
hahi	魄	179
hahm	篂	0
hahqi	皒	62
hahqu	㿞	0
hahsk	皦	62
hahu	皃	62
hahud	𤾚	20
hahuj	皥	20
hahuk	𩡗	20
hahxu	𤾆	20
hai	㿝	80
haii	馢	0
haikk	馛	20
hail	節	550
haioj	皐	20
haipf	皫	62
haj	皁	62
hajbd	馞	20
hajd	𤽜	20
hajmc	馪	20
hajmu	皖	62
hajnu	𤾂	20
hajtc	馩	0
hak	㚖	0
hakj	皋	62
haklb	㡍	0
haklu	馣	52
hakmr	䭲	20
haks	劰	0
halb	帛	72
hali	蠞	0
halmo	㿡	0
halmy	馡	52
ham	笪	61
hambc	䫒	0
hambc	䫝	0
hambg	皬	0
hambi	𤿂	20
hamg	皇	517
hamhm	㿨	0
hamj	筸	61
hamo	䈕	0
hamvn	㼟	0
hana	簡	480
hang	䉮	0
hank	簢	20
hanp	䉍	0
hanw	籣	60
haoae	馥	52
haobg	㿥	20
haoii	皊	20
haoir	馠	0
haok	敀	0
hap	皂	62
haph	馝	52
hapi	的	1000
happ	箟	20
hapsl	皍	0
hapv	䈓	0
haqka	㿤	0
haqkq	䭰	20
haqmb	皘	62
haqmc	皟	0
hasm	䈳	0
hasmm	䎅	0
hasp	馜	20
hatif	𤾸	20
hatmj	皣	0
hatt	皏	20
hatxc	馦	20
hau	癿	62
hau	笆	61
haumt	皚	62
hauog	皠	0
hausu	皑	62
hauu	䭯	20
havid	皪	62
havt	簋	60
haw	畠	20
hawe	𥲑	20
hawot	馧	20
hayck	皎	62
hayd	梟	67
hayf	鳥	60
haymp	皉	20
hayn	鳬	51
hayrb	皜	20
hayu	島	80
hayv	裊	73
hbau	䈈	0
hbb	䑁	0
hbbk	䉰	0
hbbm	舋	58
hbbr	䈑	20
hbbt	䀉	20
hbbu	䁷	0
hbbuu	覺	734
hbbuu	䚁	0
hbcn	䈟	0
hbdci	𦦵	20
hbddf	爨	63
hbddf	㸑	0
hbe	澩	20
hbf	燢	20
hbf	爂	20
hbfe	籐	20
hbff	籘	20
hbff	𥸎	20
hbg	壆	74
hbg	㙑	0
hbhaf	鷽	51
hbhaf	鵳	20
hbhaf	鶣	20
hbhaf	鷮	20
hbhgr	嚳	75
hbhj	簲	0
hbhu	笕	61
hbhvf	緜	20
hbhx	䈱	0
hbib	䈻	0
hbk	奥	73
hbk	奧	73
hbks	筋	61
hblmp	𠤣	20
hbln	制	652
hbm	笡	0
hbmbc	顅	20
hbmch	釁	54
hbme	䈠	0
hbmgi	璺	63
hbmgi	㼂	0
hbmr	筒	61
hbmr	礐	20
hbms	筯	20
hbmvn	甂	20
hbmvn	㽇	0
hbnbg	觷	56
hbnd	學	945
hbnl	鄅	54
hbnwf	鱟	51
hbog	雤	0
hbok	敿	68
hbop	箆	20
hbq	甪	63
hbr	向	836
hbr	𠿟	20
hbrh	簓	20
hbsd	箏	421
hbse	箙	61
hbsmm	翩	59
hbsmm	䎗	20
hbsqf	䮸	0
hbt	血	360
hbt	笧	20
hbtmc	黌	51
hbtn	䈀	0
hbu	自	962
hbu	嶨	72
hbuc	筫	0
hbue	籰	20
hbue	𥴠	20
hbuf	纂	60
hbuf	䵵	0
hbuh	篎	20
hbui	篡	60
hbui	簒	20
hbut	算	61
hbuu	筧	61
hbuu	篹	60
hbuv	籑	60
hbuv	䉵	0
hbye	敽	68
hbyi	舟	284
hc	乊	0
hcb	臖	59
hcbt	盨	0
hce	澃	64
hcg	𡒊	20
hchaf	鸒	51
hche	夓	74
hchg	籦	20
hci	䇗	0
hcii	籛	60
hcij	篯	60
hcim	䈵	0
hcjwj	轝	55
hcln	劉	77
hcln	劗	20
hcmr	礜	61
hcn	乥	0
hcnl	鄮	54
hcnl	酇	54
hcno	歟	66
hcp	㦛	20
hcpm	𥳾	20
hcq	舉	69
hcq	擧	20
hcv	嬃	73
hcve	籙	60
hcwa	䉕	0
hcwj	箪	60
hcymp	頾	0
hcymr	譽	56
hcyt	䇓	0
hd	禾	61
hda	香	52
hdaa	䅛	0
hdaiu	穊	61
hdami	䅞	0
hdamj	稈	61
hdamo	䅠	0
hdapp	䅙	0
hdapv	䅥	0
hdase	穝	0
hdawe	䅼	20
hdb	策	456
hdb	䄴	0
hdbb	稝	0
hdbgb	稱	555
hdbgr	稠	61
hdbhx	稻	340
hdbk	𥰡	20
hdbla	稲	61
hdbm	租	384
hdbmp	穩	510
hdbmr	秱	20
hdbn	箣	20
hdbnd	稃	61
hdbof	穄	61
hdbsp	穏	20
hdbt	盉	62
hdbu	箱	61
hdbuu	䅐	0
hdbv	䅑	0
hdbwi	穱	20
hdci	𥯆	20
hdcnh	稊	61
hdcru	稅	61
hdcsh	秎	20
hdd	箖	20
hddhe	秛	0
hddj	秣	61
hddmq	稦	20
hddoo	䅘	0
hdeq	释	395
hdf	秋	512
hdfa	稥	0
hdfb	稍	75
hdfb	䈾	0
hdfd	䊬	0
hdfdc	䆏	0
hdfh	秒	61
hdfq	秚	61
hdfqu	䅚	0
hdgce	稜	20
hdgcg	稑	61
hdgcw	穑	61
hdgdi	秲	0
hdgg	䅅	0
hdggu	穘	20
hdgow	穡	61
hdgr	秸	61
hdgrw	穯	61
hdha	䄸	0
hdhaf	鴸	20
hdhaf	鷍	20
hdhag	䅣	0
hdhah	穆	312
hdhbv	秾	61
hdhd	秝	20
hdhda	䅨	0
hdhds	䅎	0
hdhdv	䅗	0
hdher	䅂	0
hdhhj	稗	61
hdhj	秊	20
hdhj	䄭	0
hdhjd	秼	0
hdhjg	種	923
hdhjm	䅜	0
hdhjr	秳	0
hdhjx	䅤	0
hdhk	秗	0
hdhkb	穚	20
hdhn	秃	61
hdhne	毇	20
hdhnf	䆇	0
hdhp	秅	20
hdhpm	秪	20
hdhqo	秩	61
hdhqu	秏	61
hdhr	䈷	0
hdhsb	稨	61
hdhu	禿	61
hdhuc	穳	0
hdhur	䆌	0
hdhvp	秖	20
hdhw	籕	0
hdhxc	穥	20
hdi	私	61
hdi	㦵	0
hdiav	稂	61
hdice	稄	20
hdihp	䅊	0
hdihu	𥝲	20
hdiih	穇	61
hdij	䄾	0
hdijb	秿	0
hdijc	秫	61
hdije	𥟇	20
hdikh	䅟	61
hdikk	秡	20
hdikm	稶	20
hdilb	𥡲	20
hdile	穅	20
hdilr	䅯	0
hdimo	䅆	0
hdioc	䆅	0
hdip	䄩	0
hdipf	穮	61
hdir	秮	20
hdirm	稢	20
hditc	穬	20
hditc	䆂	0
hdiua	稽	360
hdiuu	嵇	72
hdjbc	稹	61
hdjbf	䅴	0
hdjbm	稙	61
hdjcm	䅝	0
hdjcr	穃	20
hdje	秓	0
hdjec	䅩	0
hdjf	䉘	0
hdjhp	秺	20
hdjip	穗	108
hdjmc	穦	20
hdjmf	𥟡	20
hdjmo	稼	109
hdjpa	䅲	0
hdjr	秙	0
hdjwp	穂	20
hdkkb	稀	120
hdklu	䅖	0
hdkn	䄺	0
hdkni	秇	0
hdkss	䅄	0
hdl	种	923
hdl	秉	61
hdl	䇿	0
hdlbk	秧	61
hdlc	籟	60
hdlln	䄶	0
hdllv	䅹	0
hdlmo	䄻	0
hdlmo	䅪	0
hdln	利	800
hdln	剁	548
hdln	㓷	0
hdlo	簌	60
hdlo	籁	60
hdlp	乘	360
hdlpc	䆊	0
hdlw	釉	54
hdlw	秞	20
hdlwb	䅢	0
hdlwp	䄿	0
hdlxh	秭	61
hdm	笨	61
hdmbb	穤	0
hdmbc	䅡	0
hdmbk	稬	20
hdmcw	䄽	0
hdmd	䄨	0
hdmfb	穪	0
hdmfj	秤	61
hdmfm	秠	61
hdmig	秷	61
hdmj	秆	61
hdmlk	稉	0
hdmlm	稏	0
hdmmi	秐	20
hdmmp	穲	20
hdmnn	䅀	0
hdmow	䄼	0
hdmq	𥯤	20
hdmr	䄷	20
hdmrw	稫	20
hdmt	䄯	0
hdmtc	䅉	0
hdmua	䅾	0
hdmvh	䄰	0
hdmvi	䅶	0
hdmvn	甈	20
hdmvn	㼡	0
hdmwf	䅺	0
hdnau	䅋	0
hdnd	季	73
hdnd	秄	20
hdnf	称	555
hdnhs	秀	61
hdnhs	䄧	0
hdnin	移	464
hdnkg	䅍	0
hdnl	邾	54
hdnl	鄡	20
hdnl	䣋	0
hdnmu	臲	58
hdnn	䄦	0
hdnob	稰	20
hdnsp	稳	510
hdnwa	穭	61
hdnwu	穐	20
hdnxu	龝	51
hdnxu	䆋	0
hdo	秂	0
hdoae	稪	20
hdob	䄲	20
hdoe	黍	13
hdog	稚	61
hdog	䧽	0
hdogd	穕	0
hdogf	穛	20
hdohg	秹	0
hdohj	䄹	0
hdoii	秢	20
hdoim	䆎	0
hdoip	稔	61
hdoir	䅮	20
hdok	斆	20
hdomb	稐	20
hdomd	稌	61
hdomr	秴	20
hdoo	箂	61
hdos	秨	0
hdp	悉	434
hdpd	䄬	0
hdph	秘	360
hdpi	䄪	0
hdpp	秕	61
hdppa	稭	20
hdppa	𥟠	20
hdpre	䅓	0
hdpuu	䅳	0
hdq	䄵	0
hdqhk	稧	0
hdqmc	積	451
hdqo	䄮	0
hdr	和	970
hdr	㕿	0
hdrb	䅌	0
hdrc	积	451
hdrhg	程	61
hdrhr	稆	61
hdrrd	䆆	0
hdrxu	鼄	51
hdsb	篐	20
hdshu	䅏	0
hdsj	䎹	0
hdsjr	䅕	0
hdsmh	穋	61
hdso	釈	20
hdsp	秜	61
hdsqf	𥡗	20
hdsr	䉩	0
hdss	秬	61
hdsu	䄫	0
hdsyj	稺	20
hdsyq	穉	20
hdsyq	𥣡	20
hdt	乗	20
hdta	稓	20
hdtc	簯	0
hdtcd	𥣈	20
hdtco	穙	20
hdtct	䅬	20
hdtgf	䅵	80
hdtm	䈤	0
hdtmc	稘	20
hdtmc	穔	20
hdtmj	䅿	20
hdtod	䅷	0
hdtoe	穫	63
hdtsj	穁	0
hdtvi	稵	0
hdtw	䅦	0
hdtwv	穠	61
hdtxc	稴	0
hdtyj	䅸	0
hdtyv	䅒	0
hdu	秈	61
hdu	㟀	0
hduce	稯	20
hdumt	䅱	0
hduni	秽	61
hdv	委	73
hdvii	穖	20
hdvvw	䅔	0
hdw	番	62
hdwb	稩	0
hdwce	稷	61
hdwd	稞	61
hdwd	䉓	0
hdwgf	䆀	0
hdwhd	稛	61
hdwjr	稒	20
hdwk	秵	0
hdwkp	䅰	0
hdwlj	釋	395
hdwlj	䆁	20
hdwlp	䆉	0
hdwtc	穓	0
hdyaf	䅫	0
hdybp	䆍	0
hdybs	䅭	0
hdycv	穣	20
hdye	斅	20
hdyhn	秔	20
hdyhs	䄱	20
hdyj	科	673
hdylm	䄳	0
hdymh	穢	61
hdyoj	稡	0
hdyr	秥	0
hdyrb	稿	382
hdyrd	稕	20
hdyrf	稤	0
hdyrv	穰	61
hdysq	䆈	0
hdyta	䅧	20
hdytg	穜	61
hdyto	穟	61
hdytr	稖	0
hdyub	䅻	0
hdyvw	稸	0
hdywm	䆄	0
hdyx	穧	61
he	反	663
he	夂	74
hea	䈋	0
hea	䵒	0
heag	篞	20
heah	簜	60
heamh	䵘	0
hebhx	䵚	0
hebm	䈌	0
hebt	盤	374
hec	鎜	20
hec	䥣	0
hecd	簗	20
hed	条	703
hed	槃	66
hede	箥	0
hedw	䵔	0
hefd	夈	0
heg	垼	20
heha	箔	61
hehee	灥	64
hehhh	㣊	0
hehhh	㣐	0
hehl	䇵	0
hehn	処	77
hehq	䵓	0
hehqu	㲣	0
hehu	箲	20
hehw	籓	60
heib	䈬	0
heidd	䵈	0
heii	簿	360
heir	箈	20
heknn	䵙	0
heks	务	77
helb	幋	71
helmi	螌	20
heln	㓿	0
hemhm	㚅	0
hemr	磐	61
hemrw	䵗	0
henl	鄋	54
hep	慇	70
hepd	筂	20
heq	夅	74
heq	搫	20
heq	㩓	0
heqj	夆	74
heqjf	㶻	0
her	各	667
herp	㤩	0
heseg	䵛	0
heshi	䵑	0
hesjr	䵕	0
hesr	䈃	0
hesu	笵	61
hetc	篊	20
hetlj	鞶	52
hetwv	䵜	0
hev	媻	73
hevif	縏	60
hevif	䋜	0
hew	备	78
hewp	惫	390
hey	处	764
hey	冬	77
heye	㪢	0
heyhv	褩	20
heyli	螽	57
heyn	㐑	0
heyr	黏	51
heyub	黐	51
hfaht	鵿	20
hfate	鸔	20
hfb	筲	80
hfbd	䉎	0
hfbn	箾	61
hfbvk	䳶	0
hfbw	簹	60
hfc	鍫	20
hfd	乎	610
hfd	釆	54
hfd	䲷	20
hfdk	鴃	51
hfdn	乯	0
hfdv	篓	185
hfe	湬	0
hfesd	𪆫	20
hffs	簩	20
hfgdi	𪀔	20
hfhaf	鶖	51
hfher	鴼	0
hfhey	鴤	0
hfhn	鳧	51
hfhqi	䳗	80
hfhqi	䳘	0
hfhqo	䳀	0
hfhrb	鶳	20
hfhu	箵	20
hfhvp	䲬	0
hfhxu	鶃	20
hfhyu	鷈	51
hfice	鵔	20
hfikk	䳁	0
hfjc	鴥	51
hfjme	䳹	0
hfjp	鴕	51
hfk	䲦	0
hfks	勳	20
hfku	㸔	0
hflb	㡑	0
hflmi	蝵	20
hfmcw	醔	0
hfmmp	𪈳	20
hfmnr	鴚	0
hfmvn	甃	63
hfn	鳦	51
hfniu	䳃	0
hfnl	鄔	54
hfno	歍	20
hfog	鵻	51
hfog	䨂	0
hfoip	鴏	0
hfomd	鵌	20
hfonk	䳧	0
hfp	愁	478
hfpru	䳈	0
hfpym	鹙	51
hfq	揫	69
hfqu	箞	0
hfrc	䳅	0
hfrxu	䵸	0
hfsju	䳖	0
hfsm	筜	60
hfsqf	鷌	20
hfsrr	䳼	0
hftbo	䴌	0
hftgi	鸃	20
hftmc	鶀	20
hftoe	鸌	51
hfu	㠀	0
hfv	媝	20
hfvk	䉤	60
hfvne	鵦	0
hfwlv	䴋	0
hfydk	鷻	20
hfyhs	䲱	0
hfyhv	䙚	0
hg	壬	74
hg	𡈼	20
hgafu	皩	0
hgce	䈊	0
hgcr	簭	20
hgdi	等	808
hgea	濌	20
hgf	熏	226
hgfmu	皝	62
hgg	筀	61
hggi	篈	0
hghaf	䳨	0
hghaf	䳯	0
hghne	毀	538
hghu	先	789
hgi	丟	500
hgi	丢	500
hgit	篕	20
hgji	䉅	0
hgks	動	901
hgmbc	顧	540
hgmvn	𤭮	20
hgni	籌	377
hgnl	𨛘	20
hgow	䉢	0
hgpm	筠	61
hgr	告	747
hgrg	籉	20
hgrly	靠	52
hgrp	㘒	0
hhaf	䉆	0
hhag	篁	60
hhail	卿	76
hhano	䠾	0
hhbk	䉛	0
hhbo	贸	56
hhbu	睝	0
hhbuc	貿	56
hhc	錅	0
hhcn	䉧	0
hhcsh	躮	0
hhd	棃	67
hhdf	篍	0
hhdi	射	80
hhdj	䈖	0
hhdm	躰	55
hhdn	簃	60
hhdn	筣	20
hhdw	䉒	0
hhed	筿	0
hheq	䇨	0
hher	笿	0
hhey	笗	0
hhfbr	躺	55
hhfd	䊍	0
hhffs	軂	20
hhfh	𨈘	20
hhgni	軇	0
hhgr	筶	20
hhgu	筅	61
hhh	彡	71
hhhaf	鵹	20
hhhdv	躷	0
hhhe	䉫	0
hhhj	箄	20
hhhl	笷	0
hhhnd	躲	55
hhho	辵	55
hhhq	犂	63
hhiav	躴	0
hhile	躿	0
hhiop	軈	20
hhj	卑	76
hhjcm	躻	0
hhjcn	䠻	0
hhjd	䇬	0
hhjg	箽	0
hhjm	箠	20
hhjmc	軉	20
hhjon	䴻	0
hhjr	筈	61
hhk	笑	745
hhkb	簥	60
hhkmr	躸	0
hhkms	䠸	0
hhlbu	躭	20
hhlf	籞	0
hhllv	軁	0
hhlmc	䠿	0
hhlmi	䖿	0
hhlmo	䠷	80
hhlo	笊	61
hhlsr	䠺	0
hhmbc	須	220
hhmbo	须	220
hhmdm	𨊛	20
hhmmp	𨉼	20
hhmog	軅	20
hhn	躬	55
hhni	竼	20
hhnsd	躱	55
hhnwf	鯬	20
hhodi	䠵	0
hhoe	黎	51
hhoii	䠲	0
hhok	䉠	20
hhok	䠶	0
hhol	篽	20
hhomn	䠼	0
hhon	筕	61
hhoo	簁	60
hhoq	箻	0
hhp	惣	20
hhp	㥎	0
hhpfd	躹	55
hhpp	𨈚	20
hhqm	笙	423
hhqu	笔	61
hhrb	篩	60
hhrr	躳	0
hhrrj	軃	55
hhs	笮	61
hhsav	躽	20
hhsb	篇	222
hhsh	剓	0
hhsip	躵	0
hhsk	躯	55
hhsl	卯	76
hhslc	贕	56
hhsld	孵	73
hhsle	毈	66
hhsli	卵	76
hhsmv	躼	20
hhsrr	軀	55
hhtgk	躾	20
hhtwt	軆	55
hhuc	籫	60
hhui	䈭	0
hhumt	䠽	0
hhuu	䠳	0
hhvo	笟	20
hhvu	篼	60
hhw	留	592
hhwd	躶	20
hhwgf	黧	51
hhwp	篦	60
hhxc	籅	20
hhxf	䉣	0
hhybp	䡁	0
hhye	䈲	0
hhyia	軄	0
hhyt	䠴	0
hhyu	篪	60
hhyvo	䠹	0
hhywm	䡀	0
hi	么	944
hi	鬼	51
hi	䇝	0
hiahu	䰨	0
hiav	筤	61
hibkk	䰣	0
hibt	簠	60
hibtv	魍	51
hifb	魈	51
hife	簶	0
higgu	䰫	0
hihaf	鵝	557
hihaf	鵞	20
hihda	䭳	0
hihhh	鬽	0
hihml	鬿	20
hihon	䰢	0
hihp	䉞	0
hihq	犩	63
hihqo	䰡	0
hihqu	㲳	0
hihr	箴	61
hihs	筬	20
hihwj	䰦	0
hii	箋	268
hiih	篸	20
hiikk	魃	51
hiipj	𩲭	20
hiirm	魊	51
hiit	𥵃	20
hiiv	魆	51
hij	笺	268
hijb	𥮉	20
hijd	魅	178
hije	鬾	20
hikf	䈧	0
hikj	䉊	0
hikp	笼	60
hiks	㔟	0
hilmi	䖸	80
hilr	篖	60
hilwl	䰠	0
himbc	䫥	0
himlb	魎	51
himob	魉	51
himwf	魒	20
hine	䉬	0
hinhb	䰬	0
hino	乏	493
hiog	魋	51
hioll	魀	51
hipko	䰯	0
hipm	𥳁	20
hipym	鹅	557
hiq	䇳	0
hir	笞	61
hird	䈢	0
hirm	䈅	0
hirp	䈚	0
hisk	䈆	0
hisu	簄	0
hit	笲	61
hitb	𥱊	20
hitc	簾	406
hitf	䉀	20
hitgi	䰮	0
hitmc	魌	51
hitwi	𩴾	20
hitxc	魐	20
hivii	魕	20
hiwtj	魓	0
hixp	簏	60
hiye	㪆	0
hiyj	魁	51
hiypm	魖	51
hiypu	䰧	0
hiyub	魑	51
hj	千	77
hjac	䈿	0
hjbc	貭	20
hjbc	䈯	0
hjbj	䈒	0
hjbo	质	56
hjbu	盾	278
hjbuu	䚌	0
hjcm	箜	61
hjcor	谸	0
hjcr	䈶	0
hjd	朱	402
hjd	栞	20
hjf	㷏	0
hjg	圱	74
hjhaf	鵯	51
hjhne	段	66
hjhx	臿	58
hjii	篿	20
hjii	簙	20
hjim	籖	20
hjji	䉖	0
hjjj	簳	20
hjjo	簐	20
hjjr	簵	20
hjjr	䉐	0
hjju	範	60
hjka	箸	61
hjkp	䇭	20
hjks	㔓	0
hjlg	埀	74
hjlii	䘀	0
hjln	𠜱	20
hjlo	箑	61
hjlp	乖	98
hjmbc	顊	20
hjmbc	䫌	0
hjmbc	䫧	0
hjmk	簆	60
hjmm	箮	61
hjmn	䇡	0
hjmu	筦	61
hjmvn	㼰	0
hjnl	郫	54
hjnl	䢴	0
hjnl	䣗	0
hjnu	箢	61
hjoa	䈹	0
hjp	忎	0
hjpu	䈼	0
hjpym	鹎	51
hjr	舌	1
hjr	䇢	0
hjrb	箶	0
hjrr	管	622
hjsmm	翱	59
hjsmm	翺	20
hjtg	簺	0
hjtm	垂	74
hjwg	重	831
hjye	㪏	0
hk	夭	74
hka	昋	20
hkapv	𦤦	20
hkcf	簝	60
hkd	棨	67
hke	叐	20
hkhaf	䴈	20
hkhaf	鴌	20
hkhaf	鸄	20
hkhaf	鴁	0
hkk	笅	20
hkks	勶	0
hkll	乔	75
hklmi	蚕	572
hkln	刋	20
hklq	肇	59
hknbq	䚫	0
hkni	笂	20
hknl	鄓	0
hkoo	筴	80
hkp	忝	71
hkp	懲	70
hkp	㦘	0
hkr	吞	76
hkr	呑	75
hkrbr	喬	75
hks	竻	20
hksr	笳	61
hkt	䇲	80
hku	岙	72
hku	嶴	72
hku	㠞	0
hkvif	綮	60
hkymr	譥	20
hlai	兎	20
hlapv	齃	20
hlb	币	71
hlbi	禹	61
hlbk	䇦	0
hlbuc	質	56
hldam	齄	20
hlgbo	䶑	80
hlha	皙	62
hlhdl	𥡝	20
hlhml	斦	0
hlhuk	齅	20
hlit	篮	60
hljbv	齉	51
hlkn	鼽	51
hlks	劤	20
hllb	筛	60
hlle	齂	20
hllj	簰	60
hlll	簘	0
hlln	劓	77
hlln	笰	61
hlmbc	頎	52
hlmbo	颀	52
hlmc	簣	60
hlmi	䖝	0
hlmj	鼾	51
hlmmf	禦	71
hlmo	筄	20
hlmu	鼿	0
hlmvn	齀	20
hln	乮	0
hlng	䶊	0
hlnhe	䶋	0
hlnl	邤	0
hlno	欣	66
hlo	爪	360
hloma	䶐	0
hlomr	䶎	0
hlp	㤻	0
hlpr	齁	51
hlpru	䶌	0
hlq	筆	61
hlr	啠	0
hlsa	简	480
hlsr	䉱	0
hltwv	齈	51
hlvk	籔	60
hlvl	鼼	0
hlvvu	齆	51
hlw	笛	424
hlwli	斶	20
hlwp	䇩	0
hlwv	簍	185
hlx	簫	424
hlxh	笫	61
hlypm	齇	51
hlypu	䖐	0
hm	笁	20
hmau	巵	20
hmb	甧	0
hmbc	篢	20
hmbg	籗	20
hmbi	䉙	0
hmbo	䉹	0
hmbu	眚	62
hmcw	䇴	0
hmd	竽	61
hmfb	籋	0
hmgn	箌	20
hmgn	籈	20
hmgt	筭	61
hmhaf	鴟	51
hmhaf	鷎	20
hmhaf	䲼	0
hmhaf	䳠	0
hmhml	斵	20
hmhmm	㽓	20
hmhne	毁	538
hmhqm	甡	63
hmig	䇪	0
hmj	竿	61
hmje	㩾	0
hmjj	筓	0
hml	斤	72
hmlk	筻	20
hmlm	𥮳	20
hmln	㔐	0
hmm	竺	61
hmmbc	䫇	0
hmmk	䈣	20
hmmp	籭	60
hmmu	笎	61
hmmvn	甀	63
hmnd	築	61
hmni	䉔	0
hmnj	筑	61
hmnl	郵	423
hmnl	筇	61
hmnl	邸	54
hmnq	篫	20
hmnr	笴	20
hmob	䇤	0
hmoo	筮	61
hmow	䇧	0
hmp	惩	70
hmp	憇	20
hmr	后	963
hmrb	䈪	0
hmrg	垕	74
hmrt	䇺	0
hmrw	䈏	0
hmsl	笻	61
hmsmb	歸	66
hmsu	卮	76
hmt	笄	61
hmua	簪	60
hmvh	笌	20
hmvm	䇘	0
hmwd	篥	60
hmwf	篻	20
hmwj	簟	60
hmwks	甥	63
hmy	斥	391
hmyf	篶	60
hmym	䇥	0
hn	几	852
hn	凢	20
hn	𠂊	20
hna	䫻	0
hnamh	颺	52
hnbj	䈸	0
hnbmc	颶	52
hnbo	䉉	0
hnbou	䬙	20
hnbq	䇶	0
hnbq	䉏	0
hnbs	䈥	0
hnbuc	𩗗	20
hnbuc	䥚	0
hnc	鋫	20
hncr	簷	20
hncru	䬈	0
hnd	梨	585
hnd	朵	391
hndk	䫼	0
hndmq	颹	20
hndo	箛	61
hne	凤	327
hne	殳	66
hnef	篜	60
hneii	颾	20
hnem	䇰	0
hnf	㶡	0
hnfb	颵	0
hnff	颷	20
hnfff	飈	52
hnfq	䉳	0
hngce	䬋	0
hnglc	䬉	0
hngni	䬞	0
hnhaf	鳯	51
hnhag	凰	39
hnhag	䬖	0
hnhcn	䬟	0
hnhdn	䬆	0
hnhdv	䬐	20
hnhe	笈	61
hnhhh	颩	20
hnhhw	飀	52
hnhjr	颳	501
hnhli	風	728
hnhni	䬕	0
hnhnn	飍	0
hnhq	犁	287
hnhqu	䫽	0
hnhxe	颼	52
hni	凡	342
hnib	筩	20
hnihi	䬄	0
hnikk	飇	20
hnir	颱	20
hnirm	䬎	0
hnis	䇟	0
hniv	䬂	0
hnjfe	䬒	0
hnjp	䬁	0
hnk	风	728
hnk	𠘰	20
hnkcf	飉	20
hnkg	筳	61
hnkm	筵	61
hnkoo	䬊	0
hnkss	䬅	0
hnl	䇙	0
hnlb	凧	20
hnld	篨	60
hnld	𥱥	20
hnle	䉄	0
hnlh	第	928
hnlmi	䖽	0
hnlo	䉌	0
hnlv	䈨	0
hnm	䫹	0
hnma	凮	77
hnmaf	鳳	327
hnmb	䉲	0
hnmbc	頽	61
hnmbo	颓	61
hnme	箓	60
hnmgh	飋	20
hnmlw	飅	0
hnmm	篛	60
hnmmi	凨	0
hnmni	夙	74
hnmni	㓘	0
hnmnn	颲	20
hnmvh	颬	20
hnmwf	飃	20
hnnl	䢳	0
hnnsh	飏	52
hnnwf	䱘	0
hnnwf	䱥	0
hno	䇜	0
hnob	䈝	0
hnoe	𪏭	20
hnoe	㴝	0
hnomn	䬔	0
hnono	颴	20
hnot	簦	60
hnp	愆	70
hnp	㦣	0
hnph	䫾	0
hnphp	䬍	0
hnpru	颮	52
hnpym	䴘	51
hnq	掣	69
hnqkq	𩗴	20
hnqo	颫	0
hnrms	𩖸	20
hnryo	躗	55
hnsd	筝	421
hnsh	䫸	0
hnshr	䫿	20
hnsmh	飂	52
hnsqf	䬚	0
hntmc	䬝	0
hntxc	凲	0
hnu	𩖞	20
hnvis	䬀	0
hnvm	笃	60
hnwb	䬑	0
hnwgf	䵩	0
hnwp	颸	52
hnwtj	䬛	0
hnyhv	製	652
hnyk	𩖰	20
hnylm	凪	20
hnymr	讆	56
hnyr	颭	52
hnyrb	䬘	0
hnyt	䬃	0
hnyta	䬓	0
hnytr	䬏	0
hnyub	䬜	0
ho	八	78
ho	彳	71
hoa	昝	68
hoahu	𢔰	20
hoamh	㼒	0
hoami	得	965
hoamo	徥	20
hoau	爬	513
hoaue	忁	20
hoav	很	887
hob	笍	0
hobc	籲	360
hobg	篧	60
hobgn	衢	57
hobgr	徟	20
hobm	徂	71
hobme	㣪	0
hobmr	㣚	0
hobou	徭	71
hobrn	衕	907
hobuc	䝿	0
hobug	忂	71
hobvk	徯	71
hoci	彸	71
hociu	㣞	0
hocmn	銜	302
hocnh	㣢	0
hodbn	衞	57
hodbn	䘙	0
hodd	㣩	0
hodhe	彼	71
hodi	符	267
hodmq	徫	20
hodoo	徠	71
hodqn	衛	398
hodt	徕	71
hodwf	徚	0
hoemn	衍	57
hof	熧	20
hof	䇣	0
hofbk	徶	20
hofbr	徜	71
hog	坕	74
hogdi	待	486
hoge	䉶	20
hoge	篗	0
hogg	徍	0
hoggn	街	508
hoggu	徺	20
hogr	㣟	80
hogtj	𢔛	20
hogyo	徒	71
hohaf	鴔	20
hohaf	鴩	20
hohaf	䳷	0
hohag	徨	71
hohdp	㣰	0
hohdv	㣦	0
hohfn	鵆	20
hohg	䇮	0
hohgn	衝	65
hohjg	㣫	0
hohju	循	71
hohkn	𧗤	20
hohne	役	71
hohpm	彽	71
hohq	㹐	0
hohqm	徃	20
hohqo	瓞	63
hohqo	𤔅	20
hohs	筰	61
hohs	㣗	0
hohsk	徼	71
hohvo	㼌	0
hoi	筏	67
hoib	籂	20
hoice	𢓭	20
hoicn	術	593
hoie	䈗	0
hoii	笭	61
hoii	㣤	0
hoij	㣝	0
hoim	籤	60
hoimn	𧗠	20
hoin	笒	20
hoiop	㣹	0
hoip	笩	20
hoir	篬	20
hoisb	徧	20
hoiv	篒	20
hojbj	㣮	0
hojbm	徝	0
hojcn	衠	20
hojjn	䡓	0
hojlo	徢	0
hojmf	徖	20
hojpn	㣷	0
hojrn	衚	458
hojwp	德	795
hok	笶	20
hok	㣕	0
hokg	䉜	0
hoki	㣖	0
hokmr	徛	20
hokoo	㣣	0
hoks	劮	77
hol	筗	0
holbu	㼉	0
hold	篠	60
holhy	㣠	0
holii	瓥	20
holk	筱	61
holln	彿	20
holmy	徘	71
holn	𠠬	20
holq	律	526
holw	㣙	0
holy	𥮴	20
homb	籥	60
homb	䈁	0
homcw	徆	20
homd	筡	20
homdm	鿉	20
homg	筌	61
homjn	衎	57
homk	箯	61
homm	签	60
hommm	徰	0
hommn	行	903
homn	㣔	20
homn	䈩	0
homnf	鴴	51
homnm	鸻	51
homo	簽	60
homr	答	631
homrn	衙	57
homtn	㣜	0
homun	衏	20
homvm	徑	71
homvn	㼻	0
homwf	徱	20
homym	征	71
honbn	䚘	0
honfn	𢖍	20
honhe	彶	20
honk	篌	60
honkn	衡	57
honkn	𧗽	20
honkn	𧗾	20
honkq	徤	20
honl	酂	54
honom	径	71
hooae	復	20
hooge	㸕	0
hoogi	㣥	0
hooii	彾	20
hooin	衑	0
hook	籢	0
hool	㣡	0
hooma	徻	71
hoomd	徐	71
hooml	御	71
hoomn	衘	0
hoomr	㣛	0
hooo	籨	0
hoooo	從	919
hootf	㣳	0
hooun	䘖	0
hop	慫	70
hop	怣	20
hop	𢜛	20
hopa	徇	71
hopd	彵	0
hopi	彴	71
hopi	瓝	20
hopr	㣘	0
hopru	爮	20
hopru	瓟	20
hopsh	彻	71
hoqb	篟	60
hoqfn	䘘	0
hoqkq	𢔓	20
hoqmc	㣱	0
hor	咎	75
hormg	徎	0
horn	箚	20
horsj	㣬	0
horye	徦	20
hose	䈜	0
hosfb	㣯	0
hosj	聳	59
hoso	鿈	20
hossn	衐	0
hosyq	徲	20
hota	徣	0
hotcn	衖	57
hotf	䉑	0
hotio	徔	0
hotmc	㣴	0
hotom	㣸	0
hotq	徉	71
hotun	衜	0
hotxc	㼓	0
hotyo	従	71
houbk	幑	0
houce	㣭	0
houfk	徽	71
houfk	黴	52
houfk	鰴	20
houfn	䘗	20
hougk	徵	71
hourk	徾	20
hourk	㣲	0
houuk	微	477
hov	媭	73
hovbu	㣧	0
hovie	後	963
hovjr	㣨	0
hovni	㼖	0
hovun	衟	57
howr	徊	71
hoy	䇚	0
hoybk	徹	71
hoybp	徿	20
hoybs	徬	71
hoyck	㼎	20
hoyg	往	738
hoygq	㣵	0
hoyhs	彷	71
hoyin	衒	57
hoyj	斞	68
hoylh	徏	0
hoylo	徙	71
hoynn	䘕	20
hoyrv	忀	71
hoytg	徸	0
hoytj	𢕔	20
hoywm	㣶	0
hp	乇	80
hpa	昏	68
hpa	筍	61
hpad	箰	0
hpd	竾	61
hpdk	筷	61
hph	䇖	0
hphaf	鵖	20
hphaf	䲭	0
hphh	笏	61
hpi	𥫩	20
hpim	笉	61
hpj	氒	0
hpkf	䈐	0
hpko	籎	0
hpkp	䈡	0
hpks	㔞	0
hpks	㔡	0
hplb	帋	20
hpln	剩	230
hpm	氐	66
hpmbc	頿	0
hpmvu	旣	68
hpnl	鄎	54
hpp	笓	61
hppj	筚	60
hpr	笱	61
hpru	笣	20
hpsl	印	76
hpsl	卽	76
hpt	笹	20
hptd	䈎	0
hpuu	篘	20
hpye	㪓	0
hq	牛	417
hq	牜	20
hq	龵	0
hqapv	㹇	0
hqate	犦	20
hqau	筢	61
hqau	㸭	0
hqawe	𤛔	20
hqb	乕	80
hqbdi	㸹	0
hqbjj	㹆	0
hqbmc	犋	63
hqbtu	犅	20
hqbu	看	940
hqbuc	㸽	0
hqbuk	煟	64
hqby	𤘪	20
hqcsh	㸮	0
hqd	筙	0
hqda	籍	334
hqeq	箨	60
hqfb	䈰	0
hqffr	㹚	0
hqffu	㹙	0
hqfqo	㹖	0
hqfqu	犈	20
hqg	牡	63
hqgbn	㸿	0
hqgdi	特	848
hqggu	㹓	0
hqgni	㹗	0
hqgr	㸵	0
hqgwc	犢	63
hqhdj	煐	64
hqhej	㸼	0
hqhgr	牿	63
hqhj	篺	20
hqhkb	犞	20
hqhl	䇽	0
hqhml	㸫	0
hqhmr	㸸	0
hqhp	䉥	0
hqhpm	牴	63
hqhq	牪	20
hqhqm	牲	256
hqhqq	犇	63
hqhqu	牦	66
hqhw	籀	60
hqi	我	996
hqiih	犙	0
hqiok	㸻	0
hqipc	㹑	0
hqipf	犥	20
hqisb	犏	63
hqiuh	牻	63
hqjb	㸬	0
hqjbd	㹀	20
hqjbm	犆	63
hqjm	篲	60
hqjmm	𤚗	20
hqjnd	牸	63
hqjnk	犊	63
hqjp	㸰	0
hqjqr	犗	63
hqjr	牯	63
hqjru	𤙥	20
hqka	箺	0
hqki	筹	377
hqkmr	犄	63
hqks	牞	20
hqlll	㸪	0
hqlw	牰	20
hqlxh	牬	20
hqm	生	976
hqmb	箐	61
hqmbb	㹘	0
hqmc	簀	60
hqmce	㹛	0
hqmcw	牺	63
hqmhf	㹉	0
hqmj	㸩	0
hqmmr	牾	63
hqmnr	牱	0
hqmo	箦	60
hqmqj	拜	69
hqmtb	犡	20
hqmvm	牼	63
hqmw	籒	60
hqmwm	㹔	0
hqn	㐦	0
hqnbg	觕	20
hqnkq	煋	64
hqo	失	712
hqoa	簮	0
hqobg	㹊	0
hqoe	䉟	0
hqoii	㸳	0
hqok	牧	63
hqolh	㹋	0
hqomg	牷	63
hqond	犔	20
hqoo	籡	0
hqopd	㸱	0
hqos	㸲	0
hqp	牝	63
hqpd	牠	20
hqphh	物	827
hqpkp	㹅	0
hqpuu	犓	20
hqr	筘	61
hqr	𤘘	20
hqrj	䉗	0
hqrs	箉	0
hqrye	煰	64
hqsb	箍	420
hqshi	牣	63
hqsip	㸾	0
hqta	簎	20
hqtb	簼	20
hqtce	犪	63
hqtco	㹒	0
hqtgi	犠	20
hqtgs	犧	63
hqthb	犕	20
hqtlm	㹏	0
hqtm	箝	61
hqtq	䍧	0
hqu	毛	448
hqvl	㸨	0
hqvvv	犣	20
hqwc	牭	0
hqwce	㹄	0
hqwj	籜	60
hqwk	㸶	0
hqwlp	犤	20
hqwvf	㹎	0
hqwyi	牳	63
hqyaj	𤙴	20
hqybp	𤜆	20
hqycb	㹍	0
hqydk	犜	0
hqyhm	㹌	0
hqyhn	牨	0
hqyhs	牥	20
hqyj	㸯	0
hqyrb	犒	63
hqyrd	犉	63
hqyrf	㹁	0
hqytg	犝	20
hqytr	犃	0
hqyv	牤	63
hraph	舓	58
hrau	䇼	0
hrb	䑚	0
hrbc	篔	60
hrbmm	䑙	0
hrbo	筼	60
hrdlc	𦧺	20
hre	洜	0
hrff	舕	20
hrgb	舑	20
hrhaf	鴰	51
hrhaf	鵠	51
hrhaf	鴭	20
hrhaf	鵅	20
hrhkp	舔	305
hrhml	㪾	0
hrhpm	迣	55
hrhpm	錕	54
hrhpm	煘	20
hrhpm	鬳	20
hrhr	筥	61
hrhrr	舙	0
hrhvi	䑛	0
hrhvp	舐	304
hrihu	䦾	0
hrj	阜	53
hrks	勂	20
hrks	㔚	0
hrlb	帥	294
hrlmi	蛗	20
hrln	刮	501
hrln	劄	77
hrln	㓢	0
hrlr	𨸏	20
hrmbc	頟	20
hrmbc	頧	20
hrmbc	䫠	0
hrmg	䇸	0
hrmlb	師	717
hrmr	簬	60
hrncr	舚	20
hrnl	郈	54
hrnl	郜	54
hrno	㰶	0
hrog	雒	53
hrog	䧼	0
hrok	啟	75
hrp	惒	70
hrptd	䑜	0
hrpym	鹄	51
hrrj	簞	60
hrrk	䉷	0
hrse	䈔	0
hrsj	箿	0
hrsmm	䎊	0
hrsmm	䎋	0
hrsn	䇷	0
hrtm	甜	344
hru	乱	424
hru	峊	20
hruc	簨	60
hrvk	筽	20
hrvl	舏	0
hrvp	笢	20
hrwvf	𦧲	20
hryf	烏	64
hrytj	辞	55
hs	乍	80
hs	戶	70
hsb	肩	1
hsbr	扃	70
hsbt	扁	360
hsec	䉯	0
hsf	勲	20
hsff	扊	70
hsfi	𥳀	20
hshaf	𩿞	20
hshml	所	908
hshne	殷	360
hshne	𣪧	20
hshr	笤	61
hshu	𠒎	20
hshu	䇻	0
hsik	戾	70
hsit	籃	60
hsj	䇯	20
hsje	箃	0
hsji	䉁	0
hsk	笋	61
hsko	篋	60
hskr	䇹	20
hskt	箧	60
hslc	籄	20
hsll	䇫	0
hslmy	扉	70
hsly	篚	60
hsmb	箒	20
hsmbc	䫵	0
hsmbc	頺	0
hsmbl	𥤃	20
hsmg	筐	186
hsmg	籊	60
hsmi	筺	20
hsmr	笥	61
hsms	㐆	0
hsno	㰾	0
hsog	雇	78
hsok	敫	68
hsp	怎	686
hsp	憅	0
hspd	㦾	0
hsqf	篤	60
hsr	笸	61
hsrau	扈	70
hsru	戺	70
hssmm	扇	70
hsw	㧂	0
hswl	筪	0
hsyhs	房	642
hsyhv	扆	70
hsyj	戽	70
hsyjj	箳	0
hsyr	扂	70
hsyu	𡷊	20
ht	升	76
htbk	䉈	0
htbn	箭	276
htce	簸	60
htcg	簊	20
htcl	簛	20
hte	𣲛	20
htfq	衅	54
htg	𡉼	20
htgi	䉝	0
hthaf	鷑	20
hther	衉	57
hthhv	衇	0
htice	䘒	0
htine	䘑	0
htjhr	䘔	0
htjs	簕	60
htkr	箬	61
htlm	䈽	0
htln	剰	20
htln	㔍	0
htm	䇞	0
htmc	箕	61
htmc	簧	60
htmf	衃	20
htmo	篏	20
htng	衄	80
htnhx	䘓	0
htnl	䘏	20
htno	欰	0
htoe	籆	0
htoho	衆	62
htshc	䘐	0
htshi	衂	20
htsj	衈	57
htsl	卹	20
htt	䈂	0
httb	篝	60
httwi	衊	58
htvi	䈘	0
htvn	䉇	0
htw	筁	0
htxc	䈴	0
hu	屲	0
hua	㬱	0
huam	曁	20
huasm	㲩	0
hubo	赞	56
hubuc	贊	56
hubuu	覒	0
huce	䈦	0
hud	臬	58
hudm	𦤎	20
hue	㲑	0
hueii	㲧	0
huf	毜	20
huf	熈	20
huf	𤆬	20
hufd	毩	0
huff	毯	293
hug	墍	0
huhaf	鶂	51
huhaf	鷉	51
huhaf	鵚	20
huhaf	鶞	20
huhgu	兟	78
huhgu	毨	20
huhhh	毝	0
huhon	𠒣	20
huhor	㲮	0
huhqu	㲎	0
huhud	㯔	0
huhuf	䄟	0
huhup	㦌	0
huhuu	毳	66
huihi	㲓	0
huihq	毪	66
huij	毧	66
huije	毬	20
huik	臭	360
huikh	毶	0
huikk	瞂	20
huioj	臯	20
hujcs	臱	0
hukq	𦤑	20
hulmc	穨	20
hulmy	毴	66
huln	𠜎	20
humb	篅	20
humbc	頹	61
humbc	䫁	0
humbc	䫢	0
humcw	毢	20
hummu	𠒑	20
humnp	臰	0
hune	䈄	0
hunhs	㲌	0
hunkq	毽	66
hunl	郳	54
hunl	郋	20
hunl	𠒒	20
hunl	䢾	0
huno	歋	20
huno	㰫	0
hunwa	氌	66
huog	㲝	0
huoin	㲐	0
huok	㪇	0
huomn	毺	20
huooo	臮	20
hup	息	70
hup	憩	70
hupa	毥	0
hupfd	毱	0
hupru	𣭚	20
hutak	氁	20
hutca	氆	66
huu	嵆	20
huv	㛷	0
huvvv	㲱	80
huwml	鼻	1
huwp	毸	20
huye	㪒	0
huyiu	㲙	0
huyj	𣁽	20
huymr	諬	0
huyr	毡	66
huytj	辠	20
huytr	毰	20
huywm	氊	0
hv	𧘇	20
hvajv	鼹	51
hvau	䉋	0
hvbjj	鼲	20
hvbu	覣	20
hvbuc	鼰	20
hvbuk	鼳	20
hvbuu	覛	20
hvbvk	鼷	51
hvcsh	鼢	51
hvd	乐	771
hvdl	簖	60
hve	笯	61
hvfb	䈫	0
hvfi	箹	20
hvfi	䈙	0
hvfy	䈺	0
hvgdi	鼭	51
hvher	䶅	0
hvhey	鼨	20
hvhhw	䶉	20
hvhi	魏	51
hvhqm	鼪	51
hvhu	兜	78
hvhyu	鼶	20
hvibi	䶈	0
hvif	系	360
hvik	鼣	20
hvikk	鼥	20
hvil	籪	60
hvio	瓜	273
hvjck	鼵	20
hvjp	鼧	20
hvlw	鼬	51
hvlwb	䶇	0
hvmbc	䫋	0
hvmfj	䶄	0
hvmi	䉃	0
hvmmr	鼯	51
hvmr	鼫	51
hvmvn	瑏	63
hvnkg	鼮	20
hvno	篆	60
hvog	䶆	0
hvoin	䶃	0
hvp	氏	290
hvpi	䶂	0
hvpr	鼩	51
hvqmb	鼱	51
hvr	筎	61
hvsav	鼴	51
hvshr	鼦	20
hvsl	卬	76
hvsm	鸟	60
hvtxc	鼸	20
hvvv	䉭	0
hvwww	鼺	0
hvyk	鼤	20
hw	甶	0
hwe	笝	20
hwgti	睾	62
hwhaf	鶹	51
hwhaf	鷭	20
hwhd	箘	61
hwhu	𠒇	20
hwim	簂	20
hwjr	箇	20
hwk	囟	75
hwk	筃	61
hwkk	囪	75
hwks	勫	20
hwl	笚	20
hwlb	簚	0
hwlc	簤	0
hwlg	籮	60
hwli	篾	60
hwln	箩	60
hwln	䉚	0
hwmbc	䪿	0
hwml	箅	61
hwmvn	㽃	0
hwmvs	粵	60
hwni	䇱	0
hwnk	囱	75
hwnl	鄱	54
hwno	㰱	0
hwnoo	飜	20
hwp	悤	20
hwp	𥯨	20
hwpym	鹠	51
hwsmm	翻	363
hwtj	篳	60
hwvf	䉂	0
hwww	䉪	20
hx	臼	58
hx	𦥑	20
hxamh	䑗	0
hxbc	興	587
hxbt	盥	62
hxfd	䊆	0
hxh	身	875
hxhaf	䳎	0
hxhaf	䳔	0
hxhnq	䑕	0
hxhu	兒	894
hxjb	䑔	0
hxjc	輿	55
hxjlo	䑖	0
hxkc	舆	55
hxlb	帠	20
hxle	叟	76
hxmmv	䢅	0
hxmmv	䢉	0
hxno	歃	66
hxo	臾	58
hxt	舁	58
hxtqm	䑘	0
hxu	龜	20
hxvyv	鼠	346
hxwks	舅	58
hxyc	與	864
hxyf	舄	58
hxyf	舃	0
hyab	䑵	0
hyabu	艒	20
hyaj	䈇	0
hyasm	䑽	0
hyau	舥	20
hybb	簻	60
hybb	𥰆	20
hybg	籬	438
hybhu	舰	284
hybmr	𦨴	20
hybmw	䒄	0
hybnd	艀	20
hybp	籠	60
hybs	篣	20
hybt	盘	374
hybuu	䚀	20
hyci	舩	20
hyck	筊	61
hycnh	䑯	0
hycr	船	58
hyd	㭧	0
hydhe	㿭	20
hydhe	𦨭	20
hydoo	𦩑	20
hyei	䑡	0
hyem	䑭	0
hyfb	艄	58
hyfbw	艡	20
hyfqf	䲍	0
hyfqu	䒅	0
hyg	䇠	0
hygow	艢	20
hyha	舶	282
hyhab	艊	0
hyhaf	鵃	51
hyhaf	䳉	0
hyhag	艎	58
hyhe	舨	58
hyhej	艂	20
hyheq	舽	20
hyhgr	艁	58
hyhhh	䑣	0
hyhj	篷	60
hyhlo	艞	20
hyhm	簅	20
hyhn	笐	61
hyhne	般	58
hyhni	䑺	20
hyhni	舤	0
hyhoi	䒀	0
hyhr	簉	60
hyhs	籩	60
hyhs	舴	58
hyhsb	艑	58
hyhxe	艘	58
hyiav	艆	0
hyik	舣	58
hyisb	䑷	0
hyite	艔	20
hyjfe	䑹	0
hyjj	䉸	0
hyjmf	䑸	0
hyjmw	䒇	0
hyjnu	䑱	0
hyjoa	䑿	0
hyjp	舵	280
hyjr	䑩	0
hyjtc	䒈	0
hyki	舦	20
hykms	舿	20
hykpb	艜	58
hyks	笾	60
hyl	舯	20
hylm	䇛	20
hylmo	䑬	0
hylw	舳	58
hylwv	艛	20
hym	舡	58
hymbs	艝	20
hymcw	舾	58
hymlm	𦩒	20
hymnr	舸	58
hymo	篴	60
hymr	䇾	0
hymu	䉦	0
hymu	䑢	0
hyndt	艋	58
hynhe	䑥	0
hynkg	艇	283
hynl	郍	0
hynn	䑠	0
hynot	艠	0
hynri	艬	58
hynsd	䑮	0
hynwa	艪	20
hynxu	䶱	0
hyodi	䑧	0
hyoe	䉨	0
hyog	䧷	0
hyoge	艭	58
hyoge	䑾	0
hyoii	舲	58
hyoin	䑤	0
hyoip	𦨮	20
hyoip	艌	0
hyoir	艙	280
hyoj	箤	20
hyomb	䑳	0
hyomd	艅	58
hyomr	䑪	0
hyono	𦩂	20
hyopd	䑨	0
hyosu	舱	280
hyotq	䒉	0
hypc	簴	0
hypm	𥲤	20
hypp	舭	58
hypr	䑦	0
hypt	籚	60
hyptd	艓	20
hypu	箎	61
hypu	虒	57
hypuu	䑼	0
hypym	鸼	51
hyqmb	䑶	0
hyr	笘	20
hyra	䈞	0
hyrb	篙	60
hyrji	艥	20
hyrl	篰	60
hyrn	籝	60
hyrn	籯	60
hyro	籇	20
hyrv	䉴	0
hyryo	䟟	0
hysc	籏	20
hysd	箷	20
hysh	舠	58
hyshu	艉	58
hysit	艦	284
hysjr	艍	0
hysk	簇	60
hysm	𥰁	20
hysma	䒁	0
hysmm	䎇	0
hysy	箊	61
hyt	笠	61
hytb	𥴰	20
hytbo	艨	58
hytc	舼	20
hytct	艗	58
hyte	䈛	0
hytgi	艤	58
hythu	艏	58
hytj	𥭴	20
hytmc	䑴	0
hytoe	艧	0
hytqm	艖	58
hytr	䈮	0
hytr	箁	0
hytt	䑫	0
hytu	篭	60
hytv	䈉	0
hytwa	艚	58
hyu	舢	58
hyub	篱	438
hyuce	艐	20
hyv	笀	61
hyvmi	䒂	0
hyvu	䈍	0
hywg	艃	0
hywl	舺	58
hywm	䉡	0
hywv	簑	20
hyy	笇	0
hyyaj	䑲	0
hyybk	䒆	0
hyybs	艕	58
hyyhn	航	58
hyyhr	䒃	0
hyyhs	舫	58
hyyiu	艈	0
hyylh	䑰	0
hyyo	籧	60
hyyps	艣	20
hyypt	艫	58
hyys	舻	58
hyysd	䑻	0
hyytg	艟	58
hyyvi	舷	279
hyyx	艩	58
i	戈	70
iaie	廄	71
iaiu	廐	20
iam	㡺	0
iav	良	58
iav	㡾	0
ib	禸	61
ib	䏍	0
ibbr	㢐	0
ibbt	盙	20
ibcn	廁	203
ibcv	廮	20
ibd	㮾	20
ibdi	尃	72
ibg	塱	74
ibgi	䏻	0
ibhaf	鵏	20
ibhaf	鷛	20
ibhaf	䳌	0
ibhhh	㣑	20
ibhqu	㲢	0
ibhvo	㼐	0
ibln	㓲	0
ibm	㡹	0
ibn	乶	79
ibnl	郙	54
ibnl	鄘	54
ibo	贠	56
ibpp	能	952
ibrp	喸	0
ibsh	廫	0
ibsqf	騗	51
ibuc	貟	56
ibyhs	旉	0
icff	𤒼	20
ichaf	𪇵	20
iche	夋	0
icid	庺	0
icln	劆	0
icnl	鄺	54
icno	廞	20
icp	怷	20
id	术	593
id	床	71
idb	㢀	0
idbbb	䯢	0
idbbr	𪎩	20
idbu	廂	71
idf	𤇍	20
idfd	糜	60
idg	塺	20
idhaf	䳸	0
idhd	穈	61
idhda	黁	51
idhi	魔	310
idhi	麽	51
idhq	犘	20
idhqu	麾	51
idjtc	黂	20
idlmy	靡	52
idlyf	爢	20
idlyf	㸏	0
idm	㡷	0
idmr	磨	61
idok	䵇	0
idomn	䵉	0
idoo	庲	20
idp	怸	70
idp	㥻	0
idp	㦄	0
idq	摩	69
idrhr	麿	20
ids	书	813
idsje	黀	51
idvi	麼	944
idvif	縻	60
idymr	䜆	0
ie	氷	20
iea	昶	68
iebt	盚	62
iec	䥭	0
iedhe	皴	62
iehaf	鵕	0
iehhh	𢒋	20
iekn	㐜	80
ieln	剫	20
ienau	𠬍	20
ienl	䣇	0
ieno	㱂	0
ienui	㕙	20
ieok	救	493
ieyhv	裘	57
if	礻	20
if	厼	0
ifaa	𥚕	20
ifam	𥘵	20
ifamh	禓	20
ifamo	禔	61
ifaoc	禵	0
ifasm	禢	61
ifbac	䄙	0
ifbbr	禍	255
ifbgr	禂	61
ifbhu	视	628
ifbjj	禈	20
ifbk	廠	76
ifbm	祖	384
ifbme	禐	20
ifbof	䄞	0
ifbuu	視	628
ifcnh	祶	0
ifcru	祱	20
ifcwj	禅	61
ifdlc	䄤	0
ifdmq	禕	61
ife	㵗	0
ifeee	䄌	0
ifew	䄕	0
iffkc	禷	20
iffmu	𥙑	20
ifg	社	61
ifgce	祾	20
ifgi	祛	61
ifgni	禱	61
ifgp	䄊	0
ifgr	祮	0
ifgrc	𥜝	20
ifgrr	禧	61
ifgwc	䄣	0
ifhaf	鷓	51
ifhag	䄓	0
ifhg	祍	61
ifhgr	祰	20
ifhhj	禆	20
ifhjd	祩	20
ifhjr	䄆	0
ifhk	祅	61
ifhlb	䄔	0
ifhml	祈	119
ifhml	㫂	0
ifhn	凴	20
ifhne	祋	20
ifhpa	䄑	0
ifhpm	祗	61
ifhqi	䄉	20
ifhqo	祑	20
ifhs	祚	61
ifhuc	禶	20
ifhvp	祇	61
ifhyu	禠	61
ifi	䄀	0
ifibi	禣	0
ifikk	祓	61
ifilr	禟	20
ifit	祴	20
ifjbc	禛	61
ifjbm	禃	20
ifjd	祙	20
ifje	䃽	0
ifjka	禇	20
ifjr	祜	61
ifke	鿆	0
ifklu	䄋	0
ifkmr	䄎	20
ifkpb	𥛣	20
ifkr	祐	61
ifl	祌	20
iflbk	䄃	20
ifllv	䄛	0
iflmo	祧	61
iflpb	禙	20
iflpc	𥜥	20
iflw	䄂	20
iflwl	神	766
iflxl	䄗	0
ifm	应	760
ifmbc	顣	52
ifmbl	鿅	0
ifmbo	䄥	0
ifmfb	禰	61
ifmig	祬	0
ifmk	祆	61
ifmmv	祳	20
ifmr	祏	61
ifmrt	䄈	0
ifmrw	福	61
ifmtb	禲	20
ifmwg	禋	61
ifmwj	禫	61
ifncr	䄡	0
ifnf	祢	61
ifnhs	礽	61
ifnl	祁	61
ifnl	鄬	54
ifnme	禄	183
ifnmu	祪	20
ifnvm	祃	61
ifodi	祔	61
ifohv	祣	20
ifoip	䄒	0
ifoll	祄	61
ifoma	禬	20
ifomb	禴	61
ifomr	祫	61
ifomv	䄖	0
ifp	憑	453
ifp	慼	20
ifpd	祂	61
ifph	祕	20
ifpi	礿	61
ifpou	祹	20
ifpp	䃾	0
ifpt	䄁	0
ifpym	鹧	51
ifqhk	禊	61
ifqki	祷	61
ifqkx	䄝	0
ifqo	䃿	0
ifqs	祎	61
ifr	㗤	0
ifrhg	䄇	0
ifrhu	祝	315
ifrmk	祦	61
ifrob	祸	255
ifrrj	禪	61
ifru	祀	61
ifryo	蹙	55
ifs	㞝	0
ifshr	祒	20
ifsme	祲	61
ifsmm	祤	20
ifsmr	祠	366
ifsqf	禡	61
ifta	䄍	0
iftcg	禥	61
iftcw	禉	0
iftgf	禚	61
iftgr	𥛶	20
ifthk	䄏	0
iftmc	祺	61
iftmd	禖	61
iftq	祥	315
iftvi	禌	0
iftwa	䄚	0
iftwt	禮	61
iftwv	禯	0
ifu	礼	61
ifvii	禨	61
ifvne	祿	183
ifvno	禒	20
ifwce	禝	61
ifwd	祼	61
ifwg	𥚃	20
ifwjr	祻	61
ifwk	䄄	20
ifwlb	禑	20
ifwlm	禤	61
ifwp	禗	20
ifwtc	禩	20
ify	䃼	0
ifybb	禘	61
ifybc	禎	61
ifybo	祯	61
ifybs	䄘	0
ifyhs	祊	61
ifylm	祉	61
ifyoj	祽	20
ifyrb	禞	0
ifyrv	禳	61
ifyto	禭	20
ifyub	䄜	0
ifywm	䄠	0
ifyx	䄢	0
ig	庄	71
igb	膺	59
igbt	䀅	0
igce	庱	71
igdi	庤	71
ige	㕠	0
ighaf	鷹	561
igi	庒	71
igit	廅	20
igj	凖	20
ignl	鄽	0
igow	廧	71
igp	應	760
igsk	廒	71
igti	廚	202
igyhv	装	564
ih	戊	70
ihaf	𩾷	20
ihdc	廭	0
ihdp	㢉	0
ihdw	㢖	0
iher	㦴	0
ihey	庝	0
ihhi	螷	20
ihhi	蠯	20
ihhj	庳	71
ihhl	㡻	0
ihhqu	毿	66
ihhw	廇	20
ihi	廆	71
ihi	戍	70
ihjx	㢎	0
ihkb	㢗	0
ihlbu	㓄	0
ihln	剼	20
ihm	戌	70
ihmbc	䫩	0
ihmf	烕	64
ihml	庍	20
ihmr	咸	75
ihmv	威	73
ihoo	㢔	0
ihp	㡯	0
ihpe	廏	71
ihpm	底	71
ihq	牟	63
ihrr	㢂	0
ihs	成	935
ihsh	𢦓	20
ihu	允	78
ihvp	㡳	0
ihxe	廋	71
ihxo	庾	71
ihymf	戚	70
ii	戔	70
ii	広	20
ii	㕕	0
ii	㡲	0
iiav	㢃	0
iib	朗	394
iibt	盞	62
iibu	䁉	0
iibyj	斚	68
iif	㷱	0
iii	厽	0
iiid	㕖	0
iiif	絫	60
iiif	㕘	0
iiig	垒	74
iiih	參	360
iiil	廊	441
iiim	叄	76
iiip	叅	20
iijb	庯	0
iikp	庞	51
iiln	剗	77
iiln	剆	20
iilq	肈	59
iim	㦯	0
iinl	郎	504
iinl	䣌	0
iino	欴	20
iiobo	腐	59
iirau	郒	0
iis	庐	71
iiuh	庬	71
iive	废	71
iivif	䋯	0
iixp	廘	20
iiypu	虦	0
ij	戎	70
ijb	甫	63
ijbt	盏	62
ijc	朮	67
ijcc	麻	58
ijdd	䢄	0
ije	求	694
ije	庋	71
ijfe	廀	71
ijjb	廟	366
ijjn	㐣	0
ijjp	廤	0
ijkd	庨	20
ijln	刬	77
ijwj	庫	71
ik	庆	70
ik	犬	63
ik	义	59
ikb	䏿	0
ikbu	䁈	0
ikbuc	貵	20
ikd	𣘼	20
ikhaf	䳊	0
ikhhh	参	360
ikhni	飆	52
ikhnk	飙	52
ikik	㹜	0
ikikk	猋	63
ikjwj	軬	20
ikk	犮	63
iklq	𦘦	20
iklu	庵	71
ikmg	𤨣	20
ikmmm	叁	76
ikmr	㢊	0
iknf	為	981
ikno	欸	66
ikop	㥷	0
ikp	龙	42
ikp	慦	20
ikpb	廗	20
ikq	库	71
ikr	啓	75
ikrm	彧	71
iksi	为	981
iku	尤	72
ikw	畚	62
ikye	㪐	0
ilb	庸	314
ile	康	511
ilg	𡏅	20
ilil	州	72
illmi	䗝	0
ilmo	庣	20
ilmy	䨾	0
iln	划	488
ilo	庚	71
ilob	𢉼	20
iloc	賡	56
iloo	赓	56
ilq	㡽	0
ilr	唐	75
ils	门	801
ilw	庙	366
ilwp	曵	20
ilwp	㡼	0
ilwv	廔	20
im	冫	77
imbac	凕	0
imbcr	㓏	0
imbgr	凋	194
imbmr	㓊	0
imbsd	凈	77
imc	凎	20
imc	剢	20
imcw	庮	20
imd	㡰	0
imdci	凇	77
imddf	凚	0
imdk	决	650
imdl	凁	0
imdw	凍	77
ime	冰	77
ime	㳼	0
imfq	冸	20
imgce	凌	77
imgcg	㓐	0
imgt	㢅	0
imgtj	㓑	0
imgwc	凟	77
imhgu	冼	77
imhhi	㓔	0
imhjr	㓉	0
imhk	㓇	0
imhui	䰥	0
imice	𠗕	20
imidq	𠘚	20
imig	庢	20
imig	㦶	0
imihf	㓕	0
imihr	减	65
imikk	冹	20
imir	冶	77
imjbj	㓓	0
imjlv	凄	77
imkd	冻	77
imku	庑	71
iml	冲	65
iml	丬	63
imlq	冿	0
imm	冮	77
immgi	𤦂	20
immgi	鿑	0
immmr	𠗐	20
immn	㓅	0
immnn	冽	77
immp	廲	20
immr	㓈	20
immvh	冴	20
immvm	冱	77
immvm	𠗊	20
immwd	凓	77
immwg	凐	20
imn	庁	20
imnau	凂	0
imnbk	𠗫	20
imndt	𠗠	20
imno	次	877
imno	㰲	0
imnsd	净	77
imnui	𠗟	20
imnvm	冯	52
imog	准	77
imoii	冷	545
imoir	凔	77
imoiv	飡	52
imomd	凃	77
imomg	㓌	0
imomr	冾	20
imop	㓆	0
imp	惑	175
imphh	𠖳	20
impko	凝	77
imqhf	㓗	0
imqkk	凑	146
imqmb	凊	77
imrhu	况	65
imrt	㢄	0
imrvp	冺	0
imsll	臧	59
imsme	㓎	0
imsqf	馮	52
imsuf	凞	77
imsuf	𠘑	20
imsuf	𠘕	20
imtc	㓋	0
imtcl	凘	20
imue	廈	360
imumt	凒	20
imuog	凗	20
imvh	庌	20
imvid	𠘙	20
imwjr	凅	77
imwk	𠗃	20
imwlj	凙	0
imwtj	㓖	0
imyiu	㓍	0
imyrf	凉	164
imywd	凜	77
imywf	凛	77
inbq	廨	71
ine	永	66
infd	㢝	0
infq	廯	20
inin	序	405
inin	㢁	0
inkg	庭	71
inl	邝	54
inli	廕	20
inlr	㢌	0
innh	㐧	0
ino	之	943
ino	㡱	0
inoe	廢	71
inop	廃	20
inv	讠	56
io	庂	20
iobo	资	56
iobt	盗	692
iobuc	資	56
iod	庥	71
iod	栥	20
iodi	府	71
iofd	粢	60
iog	垐	20
iog	㢈	0
iogj	㢑	0
iogm	鹰	561
iogr	譍	20
iohaf	鶊	51
iohaf	䳐	0
iohd	秶	20
ioif	焤	0
ioii	㡵	20
ioin	庈	71
iok	矣	62
ioll	庎	0
ioma	廥	71
iomd	庩	0
iomn	㢏	0
iomo	㢛	0
iomr	𢈈	20
iomvn	瓷	144
ion	乲	0
ionn	㢋	0
ioog	座	71
ioog	䧹	0
iooiv	餈	20
iop	恣	70
iopym	鹒	51
ior	咨	75
iord	楶	20
ios	㡸	0
iotf	廡	71
iov	姿	333
iovif	䌠	0
ip	庀	71
ip	弋	71
ipbm	麆	20
ipbuc	貣	20
ipc	鏖	54
ipd	㭍	0
ipd	䴢	0
ipf	麃	51
ipf	熊	47
ipfd	麋	51
ipfdq	麟	40
ipg	塵	74
iphaf	鳶	51
iphaf	𪈠	20
iphd	麇	51
iphda	麘	20
iphdv	䴧	0
ipher	𪊲	20
iphfd	䴣	0
iphhi	麝	51
iphk	䴠	0
iphn	麂	51
iphni	䴟	0
iphor	麔	20
iphqm	𪊟	20
iphqm	䴤	0
iphxu	麑	51
ipice	𪊴	20
ipihr	麙	20
ipine	䴪	0
ipipp	麤	20
ipksr	䴥	0
iplii	䘅	0
iplmi	螚	57
ipm	式	575
ipm	弌	71
ipmbc	䫲	0
ipmbi	䴫	0
ipmbr	麢	20
ipmc	廎	71
ipmg	䶭	0
ipmhf	䴨	0
ipmk	䶮	51
ipmm	弍	71
ipmmc	貳	56
ipmmm	弎	71
ipmmo	贰	56
ipmmv	麎	20
ipmo	庼	71
ipmr	砻	61
ipmvn	㼾	0
ipmwd	麜	20
ipmwf	䴩	0
ipmwm	麠	51
ipnkg	𪊶	20
ipnl	鄜	54
ipnsj	麛	51
ipog	隿	20
ipoiv	䬥	0
ipop	㓒	0
ipp	庇	71
ipp	忒	71
ipp	態	70
ipp	麀	51
ippru	麅	51
ippym	鸢	51
iprrk	麣	51
ipru	庖	71
iprvk	麌	51
iprye	麚	51
ipsj	聋	59
ipskr	麏	0
iptc	龚	51
iptm	甙	63
iptmc	麒	41
ipu	庉	71
ipwd	𪊽	20
ipwhd	麕	51
ipyg	麈	51
ipyhv	袭	57
ipyiu	麍	20
ipyk	𪊓	20
ipykr	麐	20
ipykr	𪊺	20
ipymr	詟	56
ipymr	䴦	0
ipyrf	麖	51
ipytj	麞	20
ipytj	𪋟	20
ipyx	麡	20
iq	㦮	0
iqhaf	鴾	20
iqhf	緳	20
iqje	庪	20
iqks	劺	0
ir	台	616
irc	㡶	0
ird	枲	67
irf	炱	64
irhaf	鶶	20
irhhh	㣍	0
irhqu	㲥	0
irln	刣	0
irm	或	779
irmbc	顑	52
irmg	戜	0
irmvn	瓵	63
irmvn	㼺	0
irnbg	觱	56
irnl	邰	54
irno	㰧	0
irno	㰹	0
irp	感	861
irp	怠	71
iru	乨	79
irymu	䶠	0
irytj	辝	0
is	户	70
isa	间	883
isbt	盛	360
isd	㦿	0
isgi	㧁	0
isgp	廳	71
ishaf	鳸	0
ishbr	扄	0
ishn	𠙖	20
isja	廜	20
isjp	廰	20
islb	帍	0
islq	肁	0
ismbc	䫆	0
ismc	㢞	0
ismh	廖	71
ismvn	㼩	0
isn	戹	20
isnhe	㧀	0
isnin	扅	20
isnl	郕	54
isok	敷	68
isr	启	75
isrj	廦	20
isvif	䋀	0
it	弁	71
it	戒	70
ita	庴	71
itcl	廝	76
ite	度	736
itf	庶	71
itfi	䗪	80
ithaf	鴘	20
itlb	席	72
itlk	㢍	0
itlm	廑	71
itmbc	䪻	0
itmc	廣	71
itmp	懬	0
itms	㢙	0
itoo	庻	0
itp	慿	70
itq	庠	71
itso	庹	71
itt	庰	20
itu	㡿	0
itw	庿	71
itwp	㢜	0
itxc	廉	200
itxf	㢘	0
iuhhh	尨	72
iv	戉	70
ivapv	谒	56
ivawe	谩	56
ivbgr	调	360
ivbkq	诨	56
ivbm	诅	56
ivbme	谖	56
ivbou	谣	56
ivbr	诇	56
ivci	讼	56
ivcru	说	977
ivdhe	诐	56
ivdi	讨	524
ivdk	诀	56
ivdwf	谏	56
iveq	译	394
ivfb	诮	56
ivfbu	谠	56
ivff	谈	585
ivgdi	诗	476
ivgg	诖	56
ivgr	诘	56
ivhds	诱	233
ivhdv	诿	56
ivhg	㢕	0
ivhgr	诰	56
ivhgu	诜	56
ivhhi	谢	56
ivhjd	诛	56
ivhjr	话	866
ivhml	䜣	56
ivhmr	诟	56
ivhmy	诉	557
ivhn	讥	56
ivhne	设	56
ivhnk	讽	56
ivhp	讬	56
ivhvi	诋	56
ivhxo	谀	56
ivihs	诚	435
ivik	议	56
iviok	诶	56
ivior	谘	56
ivipm	试	56
ivir	诒	56
ivisb	谝	56
ivit	诫	56
ivj	计	566
ivjbk	谳	56
ivjbm	谊	453
ivjhp	诧	174
ivjka	诸	415
ivjll	谉	56
ivjnk	读	646
ivjr	诂	56
ivkf	诙	56
ivkhg	诳	56
ivks	勆	0
ivlll	训	56
ivllp	䜨	0
ivlmy	诽	56
ivlsw	谰	56
ivm	讧	56
ivmfj	评	56
ivmj	讦	56
ivmmr	语	679
ivmn	订	56
ivmnr	诃	56
ivmoo	诬	56
ivmso	诼	56
ivmua	谮	56
ivmvh	讶	56
ivmwj	谭	56
ivmym	证	56
ivncr	谵	56
ivnhb	谲	56
ivnhx	谄	56
ivnib	诵	56
ivnj	讯	56
ivnkm	䜥	0
ivnkv	诞	56
ivnl	郞	54
ivnl	郎	0
ivnmu	诡	56
ivnob	谞	56
ivnsd	诤	56
ivnsm	诌	56
ivnuy	谗	56
ivo	认	749
ivob	讷	56
ivog	谁	56
ivogf	谯	56
ivohh	诊	56
ivoim	谶	56
ivoip	谂	56
ivoj	许	790
ivomg	诠	393
ivomn	谕	56
ivon	讫	56
ivop	论	659
ivos	诈	56
ivowy	诲	56
ivpa	询	325
ivpht	谧	56
ivppa	谐	452
ivptd	谍	56
ivqd	诔	56
ivqki	诪	56
ivqmb	请	655
ivqs	讳	56
ivrc	识	597
ivrmk	误	56
ivrrs	谔	56
ivsh	㓪	0
ivshi	讱	56
ivshr	诏	56
ivsim	䜧	0
ivsje	诹	56
ivsk	讴	56
ivsmg	诓	56
ivsmh	谬	56
ivsmm	诩	56
ivsmr	词	535
ivss	讵	56
ivsu	记	765
ivtak	谟	56
ivtbh	谫	56
ivtc	䜤	0
ivtca	谱	363
ivtct	谥	56
ivtkr	诺	56
ivtlf	䜩	56
ivtlm	谨	237
ivtmd	谋	690
ivtmv	谌	56
ivtpa	䜦	0
ivtq	详	465
ivtt	讲	577
ivtxc	谦	56
ivtyu	谎	56
ivu	讪	56
ivug	廱	71
ivuk	讻	20
ivuu	诎	56
ivwb	谓	56
ivwce	谡	56
ivwd	课	501
ivy	讣	56
ivybb	谛	56
ivybs	谤	56
ivycb	谪	56
ivyfd	谜	56
ivyhh	谚	56
ivyhs	访	56
ivylr	谴	56
ivym	让	763
ivyoj	谇	56
ivypm	谑	56
ivyrd	谆	56
ivyrf	谅	56
ivyta	谙	56
ivyvo	该	660
iwcg	廛	71
iwg	㢆	0
iwl	庘	0
iwlb	庽	20
iwtc	廙	71
ixe	慶	70
ixf	廌	71
ixp	鹿	344
iybp	龐	51
iydl	廓	71
iyhv	庡	0
iyln	劘	77
iymp	庛	20
iymr	㢇	0
iypm	㢒	0
iyps	㢚	0
iypt	廬	71
iyr	店	71
iyrl	廍	20
iyt	㡴	0
iytj	㢓	0
iywd	廩	71
iywf	廪	71
iyx	𪗆	20
j	十	838
jaac	䥌	0
jabuu	覩	20
jaf	煮	554
jaf	煑	20
jahc	賔	20
jahml	斱	0
jahne	殾	0
jahui	䰩	0
jaj	龺	0
jajwj	䡤	0
jalii	䘄	0
jamo	寔	73
jan	乽	0
janl	都	942
janoo	䬡	0
jarp	㗯	0
jas	䎞	0
jasmm	翥	59
jav	宴	403
jayc	㝠	0
jb	巿	72
jbbo	赍	56
jbbuc	賫	56
jbbuc	賷	20
jbbuc	䝴	0
jbd	寀	73
jbhaf	鶦	51
jbhaf	䴁	0
jbhod	櫜	66
jbik	献	63
jblli	蟗	20
jblyd	㰆	0
jbm	宜	73
jbmc	真	822
jbmm	直	759
jbmod	㯻	0
jbmrd	橐	66
jbmri	蠹	57
jbnd	孛	73
jbof	察	463
jboiv	䭌	0
jboud	㯱	0
jbrrv	囊	166
jbtj	南	552
jbvif	索	413
jbwno	疐	62
jc	穴	433
jcahk	䆨	0
jcap	䆞	0
jcapp	窤	0
jcbbr	窩	434
jcbmr	䆚	0
jcbou	窰	20
jcbu	窅	61
jcbuk	䆩	0
jcbuu	䚔	0
jccwa	䆵	0
jccwn	𥦬	20
jcd	穼	0
jcdk	䆕	0
jceee	窡	0
jceev	䆯	0
jceff	䆱	0
jcegg	窪	65
jcegg	漥	64
jcemd	窏	20
jcese	䆮	0
jcfdj	窲	20
jcfdv	窭	61
jcff	䆦	0
jcgfo	窾	61
jcgg	窐	20
jcgru	竈	289
jcgwc	竇	61
jcgwu	竃	61
jchaf	窵	61
jchaf	鷏	51
jchaf	䴐	20
jchaf	䴅	0
jchbt	䆝	0
jchdb	竊	241
jchdp	窸	61
jchdv	䆧	0
jchdw	䆺	0
jche	㪦	0
jchgr	窖	61
jchhl	窌	61
jchhn	窮	226
jchhr	竆	0
jchio	窆	61
jchk	穾	20
jchoo	窳	61
jchq	窂	61
jchs	窄	61
jchsk	竅	61
jchuu	竁	61
jchvo	窊	61
jchwk	窗	63
jchwp	窻	20
jchxh	䆤	0
jchxv	竄	61
jci	戭	70
jci	㝐	0
jciav	䆡	0
jcid	梥	67
jcihs	窚	0
jcihu	䆓	0
jcik	突	489
jcile	䆲	20
jcip	窓	20
jcirm	窢	20
jcjbc	窴	61
jcjbc	㒹	0
jcjjj	䆭	0
jcjkd	窙	20
jcjnk	窦	61
jcjr	𥥖	20
jckb	䆜	0
jckcf	竂	20
jcki	䆖	0
jckn	究	61
jckni	䆒	0
jcks	穷	226
jcl	䆔	0
jclb	帘	406
jcll	窜	61
jclmo	窕	61
jclwv	窶	61
jcm	空	690
jcmbc	顛	89
jcmbo	颠	89
jcmd	穻	20
jcmig	窒	252
jcmms	窍	61
jcmmu	竀	20
jcmmv	䆣	0
jcmn	䆑	0
jcmob	窉	20
jcmso	䆥	0
jcmuv	窛	0
jcmvh	穿	238
jcmym	䆙	0
jcn	穵	61
jcn	穹	61
jcnfq	䇁	0
jcnhb	䆷	0
jcnhx	窞	61
jcni	穸	61
jcnjk	䆻	0
jcnlm	窿	61
jcno	歕	66
jcnot	䆸	0
jcnwu	䆴	0
jcog	䨈	0
jcogf	䆶	0
jcoju	窑	61
jcold	窱	20
jcomn	窬	61
jcomr	䆟	0
jcor	容	584
jcord	㮤	0
jcp	㥲	0
jcpko	窽	0
jcpkp	䆫	0
jcpru	窇	20
jcpsh	窃	241
jcpu	窀	61
jcpym	窎	61
jcqdk	䆢	0
jcqhk	窫	20
jcqou	窺	217
jcrbc	䆬	0
jcrhp	䆛	0
jcrob	窝	434
jcrvl	䆗	0
jcsit	䆾	0
jcsjl	窷	20
jcskr	窘	61
jcsll	䆠	0
jcsmm	翸	20
jcsmm	䎙	0
jcsrr	䆰	0
jcsuu	窟	433
jctgf	窯	61
jctjj	䇀	0
jctt	穽	20
jcttv	嚢	20
jcuu	窋	61
jcvis	窈	61
jcvis	𥥆	20
jcvmd	𥧌	20
jcvmd	䆿	0
jcvmr	窹	0
jcvvd	窼	20
jcwd	窠	61
jcwl	䆘	0
jcyaj	窧	0
jcybb	䆼	0
jcybp	竉	20
jcyck	窔	61
jcymo	䆳	0
jcyoj	窣	61
jcypo	䆽	0
jcyta	窨	61
jcytg	䆹	0
jd	未	620
jd	宋	73
jdbuu	䙿	0
jdci	𡨭	20
jdd	㝝	0
jdhaf	鵓	51
jdi	守	485
jdisy	𣚺	20
jdks	勃	77
jdmbc	𩓐	20
jdmbc	䫅	0
jdmbc	䫙	0
jdnl	郣	20
jdok	教	775
jdok	㪍	0
jdpym	鹁	51
jdrp	㖝	0
je	㲾	80
je	支	69
je	㝊	0
jebmo	䴿	0
jebnd	䴸	0
jebuu	麲	0
jecu	宻	0
jed	檕	20
jedh	䴭	0
jedj	䴲	0
jedoo	麳	0
jefbc	䵀	0
jeg	墼	74
jehaf	鳷	51
jehej	䴶	0
jehqu	㲍	0
jehwj	䴽	0
jei	䴰	0
jeii	䴼	0
jeip	䴬	0
jejc	䴳	0
jejmu	䴷	0
jejp	䴱	0
jejwj	轚	20
jeks	攰	68
jelmi	蟿	57
jembc	頍	20
jemr	礊	0
jeog	䧴	0
jeoju	罊	20
jephh	䴯	0
jeq	擊	69
jese	寖	73
jesmi	攳	20
jesmm	翅	224
jetbo	䵆	0
jetmc	䵃	0
jetqm	䴾	0
jett	䴵	0
jetwt	䵄	0
jeu	䴮	0
jevif	繫	360
jevmi	䵁	0
jewd	䴹	0
jeycb	䵂	0
jeytr	䴺	0
jf	灾	312
jfb	宵	73
jfd	宩	73
jfe	叜	0
jfhaf	鶎	0
jfln	亊	79
jgc	䥅	20
jgji	㝪	0
jglmi	䘁	0
jgrv	㝨	0
jhdw	審	72
jher	客	553
jhfd	宷	20
jhgu	宪	70
jhiom	䪣	0
jhk	宎	20
jhkb	㝯	20
jhlb	㝢	20
jhn	宂	20
jhoo	寙	73
jhp	宅	73
jhq	牢	63
jhqu	宒	20
jhus	㝰	0
jhxf	寫	784
jiav	㝗	0
jibi	博	76
jid	栽	67
jidi	專	72
jif	烖	20
jig	㘽	0
jig	㦳	0
jihaf	鷒	20
jihaf	䳒	0
jihs	宬	73
jihs	㦲	0
jijwj	載	55
jik	宊	73
jikf	寪	72
jikp	宠	72
jikq	载	55
jile	㝩	0
jilmi	蛓	57
jiln	剸	77
jilsm	韯	0
jimcw	酨	20
jimig	臷	20
jimvn	甎	20
jinl	鄟	20
jino	㝎	0
jiobo	胾	59
jiog	截	70
jip	惠	293
jips	㢤	0
jir	哉	75
jismm	翝	20
jiwgf	䵧	0
jiwtc	戴	412
jiyhv	裁	321
jj	卄	76
jj	廾	71
jjabt	輼	55
jjamh	輰	20
jjapp	輥	55
jjapv	輵	55
jjawe	䡬	0
jjb	朝	360
jjbb	輣	55
jjbc	寘	73
jjbgr	輖	20
jjbhx	轁	20
jjbjj	䡣	0
jjbtv	輞	55
jjci	䡆	0
jjcor	輍	20
jjdmq	韓	52
jjeed	䡦	0
jjeee	輟	55
jjeg	軽	20
jjfb	輎	20
jjfdq	轔	55
jjfmu	輄	0
jjgce	輘	20
jjgcg	䡜	0
jjgow	轖	55
jjgrv	轅	55
jjhaf	鿂	0
jjhau	䡚	0
jjhby	輈	55
jjhdw	轓	20
jjhe	䡊	0
jjher	輅	55
jjhfd	軤	55
jjhg	軠	55
jjhju	輴	55
jjhkb	轎	55
jjhml	斬	91
jjhn	䡄	0
jjhne	軗	20
jjhni	軓	20
jjhoo	䡮	0
jjhpm	軧	20
jjhqo	軼	55
jjhqu	軞	20
jjhrf	䡧	0
jjhs	䡎	0
jjhsn	軶	55
jjhuc	䡽	0
jjhus	䡻	0
jjhvo	軱	55
jjhvp	軝	20
jjhwj	䡟	0
jjhwp	䡯	0
jjhxu	輗	20
jji	戟	277
jjiav	䡙	0
jjibi	𨍭	20
jjice	𨌘	20
jjihr	輱	0
jjihu	𨋍	20
jjii	輚	20
jjijb	輔	55
jjikk	軷	55
jjikw	輽	0
jjimo	軣	20
jjip	寭	0
jjipm	軾	55
jjir	軩	20
jjirp	轗	20
jjisb	䡢	0
jjism	䡪	0
jjixp	轆	55
jjjbc	䡩	0
jjjbo	䡹	0
jjjcr	䡥	0
jjje	䡋	0
jjjii	轉	558
jjjjj	轟	297
jjjki	𨌆	20
jjjmu	輐	20
jjjnu	䡝	20
jjjp	䡐	0
jjjqr	轄	256
jjjr	軲	55
jjjrr	輨	0
jjjtc	轒	55
jjjwj	䡛	0
jjk	軑	20
jjkcf	轑	55
jjkd	宯	0
jjki	軚	55
jjki	䡌	0
jjkk	䡈	0
jjkmr	輢	0
jjkn	軌	55
jjks	䡃	0
jjlbk	軮	20
jjlll	䡅	0
jjlmy	輫	55
jjlo	寁	73
jjlw	軸	55
jjmbb	轜	55
jjmbk	輭	20
jjmbl	輀	55
jjmbo	䡿	0
jjmbr	䡼	0
jjmbs	轌	20
jjmbv	𨍥	20
jjmcg	䡖	0
jjmcw	輏	0
jjmdm	轣	20
jjmfj	軯	20
jjmg	軖	55
jjmig	輊	55
jjmj	軒	441
jjmlb	輛	307
jjmmi	転	20
jjmmu	䡇	0
jjmnr	軻	55
jjmrw	輻	55
jjmsu	軛	55
jjmu	軏	20
jjmub	輌	20
jjmvm	輕	705
jjnau	輓	20
jjnem	䡕	0
jjnhd	輮	20
jjnhx	輡	0
jjni	䡏	0
jjnin	䡔	0
jjnj	軐	0
jjno	軟	55
jjo	倝	78
jjoae	輹	55
jjob	軜	55
jjod	榦	66
jjodi	軵	20
jjohf	鶾	20
jjohh	軫	55
jjohu	㲦	0
jjoii	軨	55
jjoin	軡	55
jjoli	螒	57
jjomb	輪	55
jjomd	𠏉	20
jjomg	輇	55
jjomj	幹	671
jjomj	龫	20
jjomn	輸	55
jjon	乾	281
jjon	亁	20
jjoog	雗	53
jjosf	䮧	0
jjosm	翰	59
jjosm	𨌺	20
jjoyj	斡	68
jjppa	䡡	0
jjpr	軥	55
jjpru	軳	0
jjpu	軘	55
jjpw	䡘	0
jjpyr	輷	20
jjqjm	轊	20
jjqjp	䡺	0
jjqkd	轃	20
jjqkk	輳	55
jjqmb	輤	55
jjqo	䡍	0
jjqs	韩	52
jjr	軎	20
jjr	㝒	0
jjrc	軹	55
jjrhu	軦	20
jjrrj	䡲	0
jjrsj	輯	55
jjrvp	䡑	0
jjshi	軔	55
jjshr	軺	55
jjsit	轞	55
jjsje	輙	20
jjsju	輒	55
jjskr	輑	20
jjsmg	軭	55
jjsmh	轇	20
jjsmm	䎐	0
jjsnd	轏	55
jjsrj	䡶	0
jjsrr	䡱	20
jjstv	輾	360
jjtag	轥	0
jjtav	轕	20
jjtc	輁	20
jjtcl	䡳	0
jjtco	轐	20
jjtcw	輶	20
jjtgi	轙	55
jjtgi	轛	20
jjtgt	䡷	0
jjtqg	䡭	0
jjtt	軿	55
jjtwv	䡸	0
jju	軋	360
jjumb	輲	20
jjvid	轢	55
jjvis	軪	0
jjvl	䡂	0
jjvmw	輺	0
jjvvd	轈	20
jjvvw	輜	55
jjw	䡒	0
jjwd	輠	55
jjwlv	轘	55
jjwot	轀	55
jjwww	轠	20
jjybc	䡠	0
jjybk	轍	55
jjybk	䡾	0
jjyck	較	55
jjycv	𨍽	20
jjycv	𨎊	20
jjye	軙	0
jjyg	軴	20
jjyhj	䡫	0
jjyhn	䡉	0
jjyib	𨌯	20
jjyjj	轋	20
jjypt	轤	55
jjyrf	輬	55
jjyt	𨋢	20
jjytg	䡴	0
jjyto	䡵	0
jjyvo	輆	20
jk	丈	80
jk	耂	20
jka	者	874
jkb	宥	73
jkbhu	觌	57
jkcf	寮	72
jkhaf	鶟	20
jkhq	㹈	20
jkhqu	㲠	0
jki	宏	73
jklb	㠻	0
jkmdo	斄	68
jkme	漦	64
jkmhq	犛	63
jkmhu	氂	66
jkmig	耊	59
jkmnd	孷	20
jkmr	寄	73
jkmsh	剺	77
jkmv	嫠	73
jkmwg	釐	76
jkn	宄	73
jknd	孝	73
jkp	老	889
jkpr	耇	59
jks	㔹	0
jksc	协	398
jkss	協	398
jkyr	耉	59
jkys	考	68
jla	暫	68
jlbuu	覱	0
jlc	鏨	54
jld	槧	66
jle	叓	0
jlg	塹	74
jlgyo	䟅	0
jlhaf	䳻	0
jlk	吏	76
jlln	事	932
jlme	寝	73
jlmo	宨	73
jlmr	磛	61
jloiv	䭕	0
jlp	慙	20
jlq	㨻	0
jlryo	蹔	20
jlu	㟻	20
jlv	妻	560
jlv	㜞	0
jlw	宙	73
jlwl	审	72
jlwv	寠	20
jlyo	疌	20
jm	士	707
jm	㝉	73
jmam	宣	73
jmbn	寕	20
jmbn	𡨴	20
jmbu	㝟	0
jmc	鑋	20
jmch	寡	73
jmcw	𡧳	20
jmd	宇	73
jmfc	寳	20
jmgc	㝙	0
jmgi	宝	72
jmgu	寚	0
jmhaf	鵼	20
jmhaf	䳦	0
jmhc	賓	56
jmhne	㲁	0
jmig	室	73
jmjmm	矗	62
jmlc	寅	73
jmlm	㝞	0
jmmbc	𩓧	20
jmmc	賨	56
jmmf	宗	364
jmmu	完	697
jmmv	宸	73
jmn	宁	73
jmnt	㿾	0
jmp	惪	0
jmr	宕	73
jmrp	嗭	0
jmrw	富	73
jmsmm	翧	20
jmso	家	959
jmtb	𡩅	20
jmuc	寶	72
jmue	寇	80
jmuv	宼	0
jmyo	定	851
jn	宆	0
jnbk	寏	0
jnd	字	758
jndhe	麬	20
jnfh	麨	20
jngi	麮	51
jnhaf	鸋	20
jnhaf	𪄳	20
jnhqu	㲰	0
jni	宖	20
jnihq	麰	51
jnijb	麱	20
jnim	宐	20
jnin	㝖	0
jniu	宛	73
jnkm	㝚	0
jnlm	㝫	0
jnln	剚	77
jnmls	麪	20
jnmwl	麵	915
jnmys	麫	51
jnn	㝋	0
jno	㝌	0
jnon	麧	20
jnpfd	麴	51
jnpru	麭	51
jnqo	麩	80
jntw	麯	20
jnuf	䵫	0
jnui	寃	20
jnui	䗕	0
jnujt	麷	20
jnup	惌	70
jny	𪋿	20
jnyk	卖	530
jnyr	䴴	20
jnyub	麶	20
jodi	𡧛	20
jog	寉	20
jogs	寯	20
jogs	㝦	0
joll	㝏	0
joma	宿	360
jombc	顁	20
jomc	宾	56
jomr	㝓	0
jomw	㝛	0
joni	麥	16
joos	宱	0
jose	寑	20
jp	它	898
jpa	耆	59
jpam	㝭	0
jpbn	寧	73
jpbq	甯	20
jpbt	寍	20
jpbuu	䙾	0
jpe	㝕	0
jpgb	𡩋	20
jph	宓	73
jphaf	䳓	0
jphb	寗	73
jphi	蜜	570
jphqu	耄	59
jpht	䀄	20
jphu	密	543
jphu	䁇	0
jpj	㔺	0
jpjkp	䎜	0
jpko	寲	20
jpmig	耋	59
jpmu	尧	74
jpmvn	㼠	0
jpn	㐗	0
jppr	耈	59
jpr	㖈	0
jpr	䎛	0
jpsmm	䎝	0
jq	车	834
jqhk	㝣	0
jqk	実	20
jqmb	寈	0
jqmp	憲	70
jqmr	害	73
jqnhd	䂋	0
jqomn	输	55
jqop	轮	55
jqu	轧	360
jr	古	569
jrb	胡	458
jrbhf	鶘	51
jrbpm	鹕	51
jrcor	豁	56
jrd	宲	0
jre	㕝	0
jrhaf	鴣	51
jrhaf	鶷	20
jrhaf	𪃭	20
jrhaf	𪃾	20
jrhhh	彮	0
jrhne	毄	20
jrhne	㲅	0
jrhr	宮	73
jrhu	克	793
jrhvo	㼋	0
jrln	割	77
jrlr	官	73
jrmbc	額	473
jrmbo	额	473
jrmu	宺	0
jrmvn	㼸	0
jrmvn	瓳	0
jrog	䧸	0
jrok	故	68
jrp	愙	20
jrp	怘	0
jrpym	鸪	51
jrqo	㝬	0
jrr	宫	73
jrrp	悹	20
jrrp	㖛	0
jrrye	嘏	75
jrsmm	䎁	0
jrye	㪡	0
jrytj	辜	55
jrytj	𨐒	20
jshaf	䳣	0
jsje	㝡	0
jskr	宭	20
jsll	宦	73
jsll	宧	73
jsmh	寥	73
jsmvn	㼥	0
jsobo	膥	20
jsp	愂	0
jt	卉	76
jta	㝜	0
jta	㫩	0
jtak	寞	73
jtbc	賁	56
jtbi	寬	72
jtbo	贲	56
jtbu	寛	20
jtcc	賽	56
jtcd	寨	72
jtcf	騫	51
jtcf	鶱	20
jtcg	塞	360
jtci	䗙	0
jtcm	骞	51
jtcn	弿	0
jtco	赛	56
jtco	蹇	55
jtco	䞿	0
jtcp	㥶	0
jtcq	搴	69
jtcr	謇	56
jtcu	寋	20
jtcv	褰	57
jtcy	寒	73
jtd	桒	0
jtge	鼖	51
jthu	尭	20
jtoa	𣇸	20
jtt	宑	0
jttb	㝤	0
jtv	𡜦	20
ju	七	80
jubt	䀇	0
jucsh	兝	78
judi	尅	20
jufe	㝮	0
juhaf	鵷	51
juhj	兛	78
juhqu	兞	78
juj	兙	78
jujru	兢	78
jujt	寷	0
juks	勀	20
juln	剋	77
juln	剜	77
juma	兡	78
jumvi	䢇	0
jumwg	兣	78
jupym	鹓	51
jusmm	翘	59
jv	安	785
jv	㐄	80
jvbt	䀂	0
jvd	案	484
jvhaf	鴳	51
jvhaf	鶈	20
jvhd	䅁	0
jvmb	寎	73
jvmb	㝲	0
jvmbc	頞	52
jvmd	寐	247
jvmd	寱	20
jvmd	㝥	0
jvme	寢	73
jvmn	㝱	0
jvmr	寤	73
jvmr	寣	20
jvmvn	㼮	0
jvnl	郪	54
jvnl	䢿	0
jvoog	㝧	0
jvp	悳	20
jvtj	鞌	52
jwa	曺	20
jwbuu	覾	20
jwdi	専	20
jwi	叀	0
jwj	車	834
jwjc	實	837
jwks	㔤	0
jwlb	寓	73
jwlp	㥁	80
jwlv	寰	72
jwno	畞	0
jwp	恵	20
jybc	寊	20
jybp	寵	72
jyc	宍	73
jyck	㝔	0
jydu	寴	0
jyfe	寂	73
jyg	宔	0
jyhs	㝑	0
jyk	实	837
jymr	㝘	0
jysm	㝍	0
jytj	宰	73
k	大	983
k	㐅	80
k	乂	80
kab	奛	0
kad	橥	66
kam	疸	62
kamh	瘍	62
kana	癎	62
kanb	癇	62
kanx	㿕	0
kaph	痬	0
karrj	奲	20
kau	疤	649
kav	痕	647
kb	有	991
kb	冇	78
kbb	痭	62
kbbb	㾶	0
kbbr	瘑	20
kbbt	䀁	0
kbcv	癭	62
kbgr	奝	0
kbhaf	鵗	51
kbhaf	䳑	0
kbhne	殽	20
kbhq	牵	351
kbhqu	毻	20
kbi	𠕇	20
kbihm	𢒰	20
kbik	㹷	0
kbirm	戫	20
kbirv	㦽	0
kbjj	瘒	0
kbm	疽	62
kbm	㚗	0
kbmr	痌	62
kbmvn	瓻	63
kbnl	郁	66
kbnl	郗	54
kbnl	郩	20
kbno	欷	66
kboae	㬼	0
kbof	瘵	62
kbov	瘿	62
kbp	㤫	0
kbq	痈	62
kbu	㾇	0
kbub	㿜	20
kbug	癯	62
kbybp	龓	0
kc	㾣	0
kca	昚	0
kcaf	尞	20
kcano	閷	20
kcbu	眘	0
kcbuu	䙽	0
kcf	㶫	0
kchne	殺	495
kcipm	弒	71
kcln	剎	360
kcpi	瘹	0
kcru	痥	0
kcwa	𤺧	20
kcwj	瘅	62
kd	东	767
kd	㚓	0
kdb	㾊	0
kdbm	㾴	0
kdbn	𤷫	20
kdd	痳	62
kdd	㚞	0
kdhe	疲	388
kdi	夺	443
kdipm	弑	71
kdj	㭐	0
kdk	疦	0
kdlc	癩	62
kdlk	瘷	0
kdln	瘌	62
kdlo	瘶	0
kdog	雑	20
kdok	敎	68
kdoo	㾢	0
kdpym	鸫	51
ke	友	754
ke	㽷	0
kefh	痧	62
keii	瘙	62
kell	奫	73
keog	瘫	387
kf	灰	64
kf	疢	62
kfb	痟	20
kfbt	盔	274
kfcb	瘠	62
kfdv	瘘	62
kff	痰	357
kffr	㿘	0
kffs	癆	62
kfhaf	鷯	51
kfhu	㾪	0
kfog	䨅	0
kfp	悐	70
kfp	𢠃	20
kfpym	鹩	51
kg	㽵	0
kg	圶	0
kgb	㾆	0
kgdi	痔	62
kgg	奎	73
kgg	㾏	0
kggp	㥣	20
kghaf	鵟	20
kgi	㾀	0
kgil	㾡	0
kgni	㿒	0
kgon	㿐	0
kgp	痣	648
kgp	㤮	0
kh	犭	63
khaa	猖	63
khaf	䲪	0
khag	㾮	0
khahm	猩	63
khahu	猸	63
khaj	㿁	0
khal	癤	62
kham	狚	20
khamj	猂	20
khapp	猑	20
khapv	猲	63
khav	狠	96
khawe	獌	20
khbac	猽	0
khbbb	猾	63
khbbm	㹪	0
khbbr	猧	20
khbm	狙	63
khbme	猨	20
khbmr	狪	20
khbn	痸	20
khbo	狈	63
khbou	牏	63
khbsd	猙	63
khbtt	狦	63
khbuc	狽	63
khbue	玃	63
khcim	㺋	0
khd	狇	0
khdam	猹	63
khdc	癪	62
khdd	痵	62
khdf	㾭	0
khdh	犲	20
khdhe	狓	63
khdk	㹟	0
khdlc	獺	63
khdlo	獭	63
khdn	痢	62
khdoo	猍	0
khdu	痜	62
khdv	痿	62
khdv	㿆	0
khe	㽹	0
khea	㹺	0
khefh	猀	20
kheg	㹩	0
khey	疼	62
khf	狄	63
khfbk	獙	63
khfdq	獜	0
khfhn	猟	20
khfmu	㹰	0
khggu	獟	20
khgi	㹤	0
khgr	狤	20
khgrv	猿	345
khgu	㾌	0
khha	狛	20
khhaj	獔	0
khhau	㹸	0
khhbn	猘	63
khhdn	猁	63
khhdv	㹻	0
khhdw	㺕	0
khher	狢	20
khhey	㹣	0
khhg	狅	20
khhgf	獯	63
khhhj	猈	63
khhj	痺	224
khhjr	狧	0
khhkb	獢	63
khhl	奅	20
khhml	㹞	0
khhni	猦	20
khhqm	狌	20
khhrb	獅	349
khhrk	𤠒	20
khhsb	猵	63
khhsb	猏	20
khhsk	獥	20
khhuj	獋	0
khhvo	狐	348
khhvp	㹝	0
khhw	瘤	360
khhxc	㺞	0
khhxe	犍	63
khhxf	獡	20
khhxu	猊	63
khhyr	㹾	0
khi	犷	63
khi	瘣	20
khiav	狼	167
khibi	煄	20
khice	狻	63
khihr	㺂	0
khihu	狁	63
khii	㹽	0
khiih	㺑	0
khij	狨	63
khik	𤜥	20
khik	犾	0
khikf	㺔	0
khiko	㺆	0
khiku	犹	63
khilb	㺎	0
khilo	㹹	0
khio	疺	20
khitc	獷	63
khiuh	狵	0
khiv	狘	63
khivk	狱	63
khjb	犻	0
khjc	狖	20
khjco	㺠	0
khjdi	狩	63
khjg	瘇	20
khjjl	獑	20
khjka	猪	350
khjkd	㹲	0
khjkp	狫	63
khjlk	㹬	0
khjmc	獱	63
khjmf	猔	0
khjmn	狞	63
khjoc	㺍	63
khjp	㾩	0
khjpn	獰	63
khjr	狜	20
khjrb	猢	63
khjtc	獖	0
khjwo	㺙	0
khkcf	獠	63
khkkb	狶	20
khkmr	猗	63
khkn	犰	63
khkn	㹫	0
khkni	犱	0
khkoo	狹	63
khksr	㹢	80
khkt	狭	63
khl	狆	63
khlbk	㹧	0
khllb	狮	349
khlln	狒	63
khllv	㺏	0
khlmi	独	63
khlmo	狣	20
khlmy	猅	0
khlw	㹨	0
khlwp	㹭	0
khma	㹮	0
khmam	狟	20
khmbb	獳	63
khmbe	獶	20
khmbg	㺢	80
khmce	獿	20
khmcw	𤞏	20
khmfb	獮	63
khmfm	狉	63
khmg	狂	440
khmhf	煍	64
khmhm	㺡	0
khmj	犴	63
khmlk	㹴	80
khmmf	狋	20
khmmr	㹳	0
khmto	獗	63
khmvh	犽	20
khmvm	㹵	0
khmwd	𤢂	20
khnbq	獬	63
khndf	煚	64
khndt	猛	200
khndu	犼	63
khne	疫	362
khnf	狝	63
khng	狃	63
khngu	峱	72
khnhb	獝	63
khnhd	猱	63
khnhe	𤜯	20
khni	瘋	62
khnjk	㺖	0
khnk	疯	62
khnkg	㹶	0
khnkm	狿	20
khnmb	獼	63
khnmk	㺅	0
khnnf	猕	63
khnob	𤟠	20
khnok	猤	0
khnri	㺥	0
khnsd	狰	63
khnvm	犸	63
khod	㹯	0
khoe	癁	0
khog	猚	0
khogf	㺘	0
khoii	狑	20
khoim	㺤	0
khoir	犌	20
khok	癥	371
khok	癓	20
kholk	𤠣	20
khoma	獪	63
khomd	狳	63
khomi	狯	63
khomm	猃	63
khomn	㺄	20
khomo	獫	63
khomr	猞	63
khon	犵	63
khonk	猴	344
khoo	瘲	62
khoo	㿅	0
khopd	狏	0
khor	𤺥	20
khpa	痻	62
khpa	狥	0
khpfd	㹼	0
khphp	㺀	0
khpi	犳	0
khppg	狴	63
khpr	狗	45
khpru	狍	63
khpu	㹠	80
khqhk	猰	20
khqhl	狾	20
khqkd	犑	20
khqmb	猜	63
khqmc	㺓	0
khqsk	獓	0
khrb	狷	63
khrrj	㺗	0
khrrk	玁	20
khrrr	㺧	0
khrye	猳	63
khryo	㹱	0
khs	痄	62
khsft	㺛	0
khshr	㹦	0
khsit	㺝	0
khsjt	㺦	0
khslk	㺇	0
khsmg	㺟	0
khsmh	㺒	0
khsp	狔	20
khsqf	獁	63
khsu	犯	63
khta	猎	214
khtak	獏	63
khtav	獦	20
khtbc	猠	0
khtbo	獴	63
khtco	獛	20
khtct	獈	20
khtcw	猶	63
khtgp	㺊	0
khtgu	猐	20
khtjl	玂	63
khtmc	獚	63
khtmc	猉	0
khtoe	獲	63
khtpr	㺃	0
khtrg	獾	80
khtui	獇	0
khtw	猫	194
khtwv	㺜	0
khtxc	㺌	0
khub	癟	80
khuc	㿗	20
khuce	猣	63
khumb	猯	20
khumi	㺈	0
khuog	獕	63
khup	瘜	62
khvi	疷	0
khvis	狕	0
khvno	猭	63
khvo	㽿	0
khvp	疧	62
khvvd	㺐	0
khvvv	獵	214
khvvw	㺁	0
khwb	猬	57
khwd	猓	63
khwg	狸	347
khwl	狎	63
khwlg	玀	63
khwli	獨	63
khwln	猡	63
khwlv	獧	20
khwmv	猥	63
khxe	瘦	62
khxo	瘐	62
khxv	癙	62
khyaj	㹿	0
khyck	狡	63
khydk	獤	20
khye	瘢	62
khyg	㹥	0
khygq	㺚	0
khyhn	犺	63
khymh	獩	20
khymr	狺	63
khyoj	猝	63
khypt	獹	0
khypu	猇	63
khyrf	猄	20
khyrk	獄	63
khyrv	獽	20
khytg	獞	63
khyti	㺣	0
khytj	獐	63
khytu	獍	63
khyu	㾷	0
khyvi	㹡	0
khyy	犿	20
ki	太	820
kiav	㾗	0
kibt	盇	0
kice	痠	62
kihni	䫺	0
kiih	瘮	62
kiil	㾿	0
kijb	痡	62
kijc	㾁	0
kikh	瘆	62
kiku	疣	62
kimbl	䎠	0
kinl	郄	54
kiog	雄	53
kiov	㾳	0
kip	态	70
kir	㾂	0
kirm	㚜	0
kisb	㾫	0
kisl	㕁	0
kismm	翃	59
kiuh	痝	20
kiv	奿	20
kj	夲	20
kjbc	瘨	62
kjcc	痲	62
kjcc	癲	62
kjcm	㾤	0
kjco	癫	62
kjdhe	㿴	0
kje	㽻	0
kjhhh	㣏	0
kjk	㽴	0
kjka	奢	199
kjka	瘏	62
kjka	瓡	20
kjkd	痚	62
kjp	㾃	0
kjr	㽽	0
kjrb	㾰	0
kjrr	瑔	63
kjrr	痯	62
kjt	奔	73
kjtc	㿎	0
kjwj	㾝	0
kk	爻	63
kk	㚐	0
kkb	肴	66
kkb	痏	62
kkbm	爼	20
kkcf	療	62
kkhaf	鷞	51
kkhaf	鸑	20
kkhg	㾠	0
kkk	𡘙	20
kkkb	㾙	0
kkkk	爽	63
kkkk	㸚	0
kklb	希	595
kklu	瓾	20
kklu	痷	20
kkmbc	䫪	0
kkmr	㾨	0
kkmvn	㼽	0
kkn	痍	62
kknj	疩	0
kkog	瘞	62
kkoo	㾜	0
kkoo	㿓	0
kkop	瘱	20
kkpb	㿃	0
kkrb	瘸	62
kks	夯	73
kksr	痂	62
kktg	瘗	62
kla	暂	68
klb	布	636
klbu	㽸	0
klc	錾	54
kld	椠	66
klg	在	993
kll	夰	0
klll	夼	73
klln	疿	20
klln	㚕	0
klmc	㿉	0
klmi	痋	20
klmy	痱	62
kln	刈	77
klnd	存	73
klsd	痫	62
klw	𡘊	20
klw	㾄	0
klwe	痩	20
klwu	奄	73
klwv	瘻	62
klxh	㾅	0
kly	栆	0
km	左	72
km	疘	20
kmaa	奭	73
kmbg	癨	20
kmbl	㾍	0
kmbw	癗	20
kmcw	㾞	0
kmd	㽳	0
kmdm	癧	62
kmfr	痞	62
kmgg	癍	62
kmgg	㿀	20
kmgg	㻎	0
kmig	痓	62
kmks	疬	62
kmlk	㾘	0
kmlm	瘂	62
kmlw	癅	0
kmm	夳	0
kmmf	奈	236
kmmi	夽	20
kmmp	㿛	0
kmmp	癋	0
kmmr	痦	62
kmms	夸	398
kmms	疞	20
kmn	疔	62
kmnf	𤹐	20
kmnn	㾐	0
kmnr	奇	623
kmnr	疴	62
kmob	病	701
kmrt	痘	646
kms	疠	62
kmso	瓿	63
kmso	瘃	62
kmtc	痖	62
kmua	㿊	0
kmvh	疨	0
kmvm	痙	62
kmvs	㽲	0
kmwf	瘭	62
kmwl	奤	0
kmy	疜	0
kmym	症	371
kn	九	79
kn	夷	73
kn	𡯁	20
kna	旭	68
kna	旮	68
knbk	瘓	386
knbq	㿍	0
kncr	癚	20
knd	杂	57
kndt	𤷪	20
knfq	癬	62
knhaf	鳩	51
knhaf	䲥	0
knhe	㽺	0
knhs	疓	0
kni	丸	80
kni	厹	76
knib	痛	62
knin	奓	73
knin	痑	20
knir	㚚	20
knj	卆	76
knjbc	㐤	80
knl	㽼	20
knld	㾻	0
knli	癊	0
knlm	癃	62
knlp	癮	62
knlr	痾	62
knmbc	頄	52
knmbk	㐡	80
knmq	癣	62
knn	疗	62
knn	㐇	0
kno	疚	470
knoe	癈	20
knog	䧱	0
knom	痉	62
knop	㾱	0
knpym	鸠	51
knr	叴	0
knsh	疡	62
knsv	瘬	20
knthu	馗	52
knymr	訄	56
knypu	虓	57
kobuc	𧶘	20
kod	㾋	0
kodi	㾈	0
kog	痽	20
kogf	癄	0
kogg	㚝	0
kogi	奪	443
kogw	奮	73
kogx	𡚒	20
kohaf	鵊	20
kohh	疹	647
koii	㾉	0
koir	瘡	359
kok	疾	62
kokr	痴	490
koll	疥	62
koln	㓨	77
koma	癐	20
kombc	頰	671
komg	痊	62
komn	瘉	62
komo	㿌	0
komp	癒	20
komr	㾑	0
komvn	㼪	0
kon	疙	62
konk	瘊	62
konl	郟	54
kono	㰰	0
koo	夾	507
koo	㚒	0
koog	痤	62
kop	㤲	20
kosu	疮	359
kowy	痗	62
koye	㪎	0
kp	疕	62
kp	㔫	0
kp	㣻	0
kpa	㚛	0
kpblb	帶	732
kpblo	䠠	0
kpblp	慸	0
kpko	癡	20
kpp	疪	20
kppa	㾬	0
kpr	痀	20
kpru	疱	62
kpt	疶	62
kqabt	辒	55
kqapp	辊	55
kqb	䢁	0
kqbtv	辋	55
kqee	轰	297
kqeee	辍	55
kqfdq	辚	55
kqgrv	辕	55
kqhby	辀	55
kqher	辂	55
kqhfd	轷	55
kqhk	瘈	62
kqhkl	轿	55
kqhml	斩	91
kqhp	瘛	62
kqhqo	轶	55
kqhvd	轹	55
kqijb	辅	55
kqipm	轼	55
kqixp	辘	55
kqjqr	辖	256
kqjr	轱	55
kqk	轪	20
kqkn	轨	55
kqlw	轴	55
kqmig	轾	55
kqmj	轩	441
kqmnr	轲	55
kqmob	辆	307
kqmrw	辐	55
kqmsu	轭	55
kqno	软	55
kqnom	轻	705
kqohh	轸	55
kqomg	辁	55
kqon	䢀	0
kqqkk	辏	55
kqqni	转	558
kqrc	轵	55
kqrsj	辑	55
kqshi	轫	55
kqshr	轺	55
kqsju	辄	55
kqsk	㾲	0
kqstv	辗	360
kqvvw	辎	55
kqybk	辙	55
kqyck	较	55
kqyrf	辌	55
kqys	轳	55
kqyt	䢂	0
kr	右	490
krb	㾓	20
krbo	贺	56
krbuc	賀	56
krc	疻	20
krd	架	67
krdhe	㿲	0
krhaf	鴐	20
krhaf	鵸	20
krhqu	毠	20
krje	攲	68
krk	㚙	0
krkmr	㚡	0
krln	剞	77
krmbc	䫑	20
krmnr	哿	75
krmr	䂟	0
krn	乫	20
krno	欹	66
krnvm	驾	52
krog	䧺	0
kromb	嗧	20
krp	㤎	0
krq	㧝	0
krr	㔔	0
krr	㾔	0
krrd	㿋	0
krrj	癉	62
krrp	㖙	0
krru	癌	361
krs	㔖	0
krsqf	駕	52
krsu	㠰	0
krv	妿	20
krye	敧	68
krye	瘕	62
kryhv	袈	57
kryta	䪪	0
ks	力	857
ksc	办	572
ksce	癜	62
kshaf	鴮	20
kshvf	綔	20
kshvo	瓠	63
ksj	耷	59
ksk	奁	77
kske	㿄	0
ksksb	脅	59
ksksc	䝱	0
kskss	劦	77
ksksv	姭	20
ksl	疖	62
ksln	刳	77
ksm	疟	360
ksma	㿇	0
ksmb	瘺	62
ksme	㾛	0
ksmg	㿑	0
ksmh	瘳	62
ksmi	套	73
ksmv	痮	0
ksnl	郀	0
ksno	㰭	0
ksp	痆	0
kspru	匏	77
ksqf	㾺	0
ksql	𤶸	20
ksr	加	805
ksrj	癖	62
ksrq	㿏	0
ksrr	奩	77
kss	奆	0
kssu	㾎	0
ksu	㽶	0
ksu	劜	0
kswp	勰	77
kt	夹	507
kt	㚏	0
kta	瘄	0
ktak	瘼	62
ktbc	痶	20
ktbs	痨	62
ktgf	㚠	0
ktj	㚔	0
ktjr	瘔	20
ktlm	瘽	20
ktln	刾	77
ktln	㓫	0
ktm	疳	62
ktmbc	頬	52
ktmbo	颊	671
ktmc	癀	62
ktmv	瘎	0
ktnl	郏	54
ktog	癱	387
ktor	瘩	62
ktov	癢	359
ktq	痒	359
ktq	羍	59
ktqm	瘥	62
ktuo	瘚	62
ktwb	癘	62
ktwv	癑	20
ktxc	㾾	0
ku	尢	72
ku	疝	62
ku	㚎	0
ku	㞭	0
kuap	㞁	0
kubbb	尳	20
kubv	㞂	0
kudhe	㝿	0
kue	㝽	0
kugk	㿂	0
kuhaf	鵪	51
kuhjg	尰	72
kuisb	㞈	0
kukf	㞀	0
kuklu	㞄	0
kukm	㝾	0
kukmr	㞆	0
kulit	尴	484
kulmc	尵	0
kuln	剦	0
kumd	㝼	0
kumg	尪	72
kunl	䣍	0
kunmu	尯	0
kunsd	尮	0
kuoll	尬	484
kupi	尥	72
kupym	鹌	51
kusit	尷	484
kutqm	㞉	0
kutxc	尲	72
kuu	㽾	0
kuwd	㞅	0
kuwmv	㞇	0
kuye	㪑	0
kuyj	㪺	0
kveq	𤸻	20
kvfb	癵	20
kvfq	癴	20
kvhg	㿈	20
kvl	㽱	0
kvr	㾒	0
kvug	癰	62
kw	奋	73
kwd	㾧	0
kwg	㾖	0
kwgg	癦	20
kwgt	𤼎	20
kwjr	痼	62
kwle	瘝	62
kwlg	㿚	0
kwlk	㿙	0
kwlv	癏	20
kwml	痹	358
kwmv	㾯	0
kwot	瘟	62
kwr	痐	20
kwvf	瘰	62
kwwf	癳	20
kwww	㿔	0
ky	冭	0
kyav	㾼	0
kyfe	㾥	0
kyg	疰	20
kyhr	㾽	0
kylh	㾟	0
kymh	奯	0
kymp	疵	62
kyoj	瘁	62
kypd	㾹	0
kypm	瘧	360
kypm	㾚	0
kypt	㿖	0
kypu	䖊	0
kyr	痁	62
kyrb	㾸	0
kyrj	㾵	0
kysk	瘯	62
kysy	瘀	62
kyta	瘖	62
kytj	瘴	62
kytj	㾕	0
kytp	癔	62
kytr	㾦	0
kyvg	癕	62
kyvi	痃	20
kyvo	痎	62
kywd	癛	0
kywf	癝	0
kyx	癠	62
l	中	979
la	旧	419
la	甴	63
la	衵	57
laa	裮	20
lahu	児	20
laitb	𢅺	20
lam	袒	57
lamo	褆	20
lana	襇	57
lanb	襉	20
lanw	襴	57
laph	裼	57
lapp	裩	57
lapv	褐	404
lase	襊	0
lasm	褟	57
late	襮	57
lav	裉	57
lb	巾	411
lbab	㡌	0
lbabu	帽	411
lbafu	幌	71
lbahu	𢃼	20
lbanw	幱	0
lbapv	幆	0
lbau	帊	20
lbawe	幔	71
lbaws	㡢	0
lbayf	幜	20
lbb	䙀	0
lbbac	幎	20
lbbhx	幍	20
lbbjj	㡓	0
lbbmp	㡥	0
lbbof	㡜	0
lbbse	㡪	0
lbcru	帨	72
lbcsh	帉	20
lbcv	䙬	0
lbdhe	帔	72
lbdj	帓	0
lbdmq	幃	71
lbfb	帩	20
lbfbq	幥	0
lbfh	㠺	0
lbgni	幬	71
lbgr	裯	57
lbha	帕	72
lbhal	幯	71
lbhdw	幡	71
lbhey	㠽	0
lbhjg	㡖	0
lbhju	㡒	0
lbhml	㠼	0
lbhn	㠶	20
lbhni	帆	282
lbhqo	帙	72
lbhwp	㡙	0
lbhwp	幒	0
lbhyu	㡗	0
lbigi	幮	71
lbii	帴	20
lbiih	幓	20
lbikh	㡎	0
lbikk	帗	72
lbjct	㡧	0
lbjj	褌	57
lbjka	帾	20
lbjmc	㡦	0
lbjmo	幏	71
lbjnu	帵	0
lbjqp	幰	71
lbjtc	幩	71
lbk	央	74
lbklu	㡋	0
lbkms	㡁	0
lbkq	裈	57
lblbu	帎	20
lbllv	㡞	0
lbm	袓	20
lbma	帞	0
lbmbc	幁	20
lbmbc	幊	20
lbme	褑	20
lbmm	衻	0
lbmmi	㡡	0
lbmmv	帪	0
lbmn	帄	72
lbmrw	幅	71
lbmso	䝉	0
lbmvn	㼙	0
lbmwf	幖	20
lbnau	㡈	0
lbncr	幨	71
lbnhe	㠷	0
lbnhx	㡊	0
lbnin	㡅	0
lbnl	鄁	20
lbnot	㡠	0
lbnyi	㡉	0
lbog	帷	72
lboim	㡨	0
lboll	㠹	0
lbomn	㡏	0
lbomr	帢	20
lbonk	帿	20
lbotf	幠	71
lbovu	㡃	0
lbp	㠲	0
lbpa	㡄	0
lbpo	帐	181
lbptd	幉	0
lbqki	帱	71
lbqmc	幘	71
lbqmo	帻	71
lbqo	㠸	20
lbqs	帏	71
lbrc	帜	82
lbrrd	幧	20
lbrrj	幝	20
lbshi	㠴	0
lbshr	𢁾	20
lbsju	㡇	0
lbsmg	幄	71
lbsmh	𢄪	20
lbsmv	帳	181
lbstt	幈	71
lbt	盅	62
lbtak	幙	20
lbtbn	㡐	0
lbtbo	幪	71
lbtcd	㡤	0
lbtco	幞	71
lbtlk	㡕	0
lbtmc	帺	72
lbtt	帡	72
lbttb	㡚	0
lbtwa	㡟	0
lbtwi	幭	71
lbtxc	㡘	0
lbtyu	㡛	0
lbu	冘	78
lbv	农	55
lbvk	䙎	0
lbwg	𢃇	20
lbwim	幗	71
lbwmi	帼	71
lby	袇	20
lbybc	幀	71
lbybo	帧	71
lbyhc	𢅳	20
lbyhj	㡝	0
lbyia	幟	82
lbyjj	帲	72
lbyr	帖	72
lbytg	幢	360
lbytj	幛	71
lbytv	帹	72
lbyvu	㡆	0
lbyx	䶓	0
lc	䘳	0
lci	衳	0
lcip	䙂	0
lcmbc	䫭	0
lcnl	鄪	20
lcor	裕	57
lcru	裞	20
lcsh	衯	20
lcwa	䙢	0
ldbb	襋	57
ldci	䘴	0
lddf	襟	407
lddq	襻	57
ldhe	被	873
ldi	衬	57
ldj	袜	412
ldk	袂	57
ldlc	襰	0
ldmq	褘	57
ldpym	鹇	51
le	隶	256
le	㕜	0
leb	肾	656
lebo	贤	56
lebuc	䝨	0
leed	褬	20
leee	裰	57
leg	坚	497
lei	衩	57
levif	紧	482
leyt	竖	61
lfb	䘯	0
lfbf	䘷	0
lfbk	襒	20
lfbw	襠	57
lfdv	褛	57
lff	裧	20
lfpu	䏋	0
lfq	袢	57
lfqu	裷	20
lfsm	裆	57
lfwj	褝	20
lga	書	813
lgam	晝	68
lgb	袡	20
lgce	裬	20
lgg	袿	57
lggi	褹	0
lggu	襓	20
lggy	褂	414
lgi	袪	57
lgr	袺	57
lgrc	襭	57
lgrr	鿋	20
lgrv	褤	20
lguw	畵	62
lgwc	襩	20
lgwm	畫	648
lha	袙	20
lhbk	襖	57
lhbt	裇	57
lhbuu	䙻	0
lhcj	襷	20
lhdw	襎	0
lheq	袶	20
lher	袼	57
lhg	衽	57
lhhh	衫	57
lhhj	裨	57
lhiom	䪢	0
lhjd	袾	20
lhjf	䙧	0
lhjg	褈	0
lhju	䙉	0
lhjx	䙄	0
lhk	袄	57
lhmo	长	895
lhn	䘛	0
lhn	凣	0
lhon	裄	20
lhoo	褷	20
lhoo	䙕	0
lhpm	袛	20
lhqo	袟	57
lhsb	褊	57
lhuc	襸	0
lhul	襣	20
lhvp	衹	57
lhws	𧞄	20
lhxh	裑	0
lhxu	䘽	0
lhyu	褫	57
lia	蚎	20
liaa	䗉	0
liabu	蝐	57
liahm	䗌	0
liahu	蝞	20
liail	蝍	57
liam	䖧	0
liamh	蝪	20
liamo	蝭	20
liana	𧒄	20
liaph	蜴	57
liapp	蜫	0
liapv	蝎	57
liau	蚆	57
liav	蛝	20
liavf	䗾	0
liavo	蠍	20
liawe	蟃	20
liayt	䗑	0
lib	蚏	0
libac	螟	57
libbb	螖	20
libbr	蝸	563
libcv	蠳	20
libdi	蛶	20
libgr	蜩	57
libhu	览	57
libi	䙏	0
libkk	蛧	57
libm	蛆	57
libme	蝯	20
libmm	蚦	57
libnd	蜉	57
libp	褦	57
libt	监	62
libtv	蝄	57
libuc	蛽	0
libue	蠼	57
libug	蠷	57
libuu	蜆	57
libvk	螇	20
liby	蚒	20
lic	鉴	54
lici	蚣	57
licim	螉	57
lick	蚥	20
lickl	䗄	0
licmj	䖫	0
licru	蛻	57
licsh	蚡	57
licwj	蝉	572
lid	蚞	20
lidci	蜙	57
lidhe	蚾	20
lidhl	蜥	57
lidi	䖞	0
lidk	蚗	20
lidln	蝲	57
lidw	蝀	20
lieee	蝃	57
lieg	蛏	57
liesd	蟝	20
lifb	蛸	57
lifbb	蟐	20
lifbg	螳	57
lifbw	蟷	57
lifdq	䗲	0
lifdv	蝼	57
liff	䗊	0
liffd	蠑	57
liffs	蟧	20
lifh	䖢	0
lifhn	蝋	20
lifqu	蜷	57
ligb	蚺	57
ligce	䗀	0
ligg	蛙	564
liggu	蟯	57
ligil	䖼	0
ligis	蜐	57
ligit	䗘	0
ligr	蛣	57
ligrr	蟢	57
ligth	蟛	57
lihad	蟂	20
lihaf	䳋	0
lihag	蝗	57
lihal	䗻	0
lihbr	䖮	0
lihdj	蝌	57
lihdn	蜊	57
lihdp	蟋	57
lihds	蜏	0
lihdv	蜲	20
lihdw	蟠	57
lihej	蜂	570
liher	蛒	0
lihf	䙘	0
lihhj	蜱	57
lihhv	䖰	0
lihhw	䗜	0
lihi	螝	20
lihjd	蛛	574
lihje	𧎚	20
lihjf	䗼	0
lihjg	蝩	20
lihjr	蛞	57
lihkb	蟜	57
lihlb	蝺	20
lihlo	䖣	0
lihml	蚚	20
lihmt	䗗	0
lihmy	蚸	20
lihn	虮	57
lihnd	𧊶	20
lihnd	蟍	0
lihng	䗴	20
lihni	䖠	0
liho	䙯	0
lihoo	䗥	80
lihp	虴	20
lihpm	蚳	57
lihqi	蛾	571
lihqm	﨡	0
lihqo	蛈	20
lihqu	蚝	57
lihrb	螄	57
lihrf	螐	20
lihs	蚱	57
lihsb	蝙	562
lihsk	蜧	20
lihsu	蚅	20
lihuk	螑	20
lihup	螅	57
lihvo	蛌	57
lihvp	蚔	57
lihwi	䘊	0
lihwp	蟌	20
lihxe	螋	57
lihxu	蜺	20
lihyu	螔	20
lii	䙁	0
liiav	蜋	20
liibi	䗚	20
liidd	䗫	0
liih	襂	20
liihf	䗩	20
liihq	蛑	57
liihv	蝛	57
liii	䗃	0
liiil	螂	57
liijb	蜅	57
liije	蛷	20
liik	蚁	579
liikf	蟡	20
liikk	蛂	20
liiku	蚘	20
liilb	䗤	0
liile	䗧	0
liilr	螗	57
liioc	蠀	20
liirm	蜮	57
liitc	蠊	57
liitf	蟅	57
liitu	蝷	20
liiuh	蛖	20
liixp	螰	20
lij	䘬	0
lijb	補	505
lijbj	蝻	57
lijc	䘤	0
lijcg	螲	20
lije	蚑	20
lijfe	䗏	0
lijhp	䖳	20
lijig	蠘	20
lijim	䘂	0
lijip	蟪	57
lijj	褲	413
lijjl	螹	20
lijka	蝫	20
lijkp	蛯	20
lijlo	蜨	20
lijmc	螾	57
lijmc	蠙	20
lijmm	蝖	20
lijmo	蝊	0
lijmu	䖾	0
lijnu	蜿	57
lijp	蛇	65
lijpa	螧	0
lijpn	䗿	0
lijpu	蛲	57
lijqp	䘆	20
lijqr	螛	20
lijr	蛄	57
lijrb	蝴	576
lijrr	䗆	0
lijtc	蟦	20
lijwj	蛼	0
lik	奨	20
likb	蛕	0
likcf	蟟	57
likgg	蝰	57
likk	袚	57
likkb	䖷	0
likkk	䗮	0
likmr	䗁	0
likn	蛦	20
likok	螏	20
likoo	蛺	57
likpb	螮	57
likq	裤	413
liksr	𧊀	20
likss	蛠	0
likt	蛱	57
lil	蚛	57
lilii	蟲	132
lilit	蠱	57
lillb	蛳	57
lille	蝂	20
lillp	䗭	0
lilmi	螀	57
lilmi	䖵	0
lilmo	䖴	0
lilmq	蝆	20
lilw	蚰	57
lilwl	𧊋	20
lilwv	螻	57
lilx	蟰	0
lilxl	蜵	20
lim	虹	462
lima	蛨	20
limbb	蠕	57
limbc	蝢	20
limbk	蝡	20
limbs	䘈	0
limcw	醤	20
limd	虶	0
limfj	蚲	57
limfm	蚽	57
limg	蚟	0
limhf	螈	57
limig	蛭	57
limj	虷	57
limlb	蜽	57
limmi	蟵	20
limms	蛎	57
limmu	蚖	57
limmv	蜄	20
limn	虰	57
limnn	蛚	57
limnr	蚵	57
limob	蛃	20
limr	䖨	0
limrb	螎	0
limrw	蝠	561
limso	䖶	0
limt	蚈	57
limtb	蠣	57
limto	蟩	0
limvh	蚜	57
limvm	蛵	57
limwf	螵	57
limwg	䗎	0
limwj	蟫	20
limwl	蝒	57
limwm	䗵	0
limy	虾	568
limyf	䗡	0
linao	蟓	57
linbc	蝜	20
linbq	蠏	20
lincr	蟾	57
lind	虸	57
lindt	蜢	57
ling	䖡	0
linhb	𧑐	20
linhd	蝚	20
linhx	蜭	20
linib	蛹	162
linin	蛥	0
linkg	蜓	577
linkm	蜒	57
linl	蚓	57
linmu	蛫	20
lino	㰩	0
linob	蝑	57
linot	䗳	0
linue	蜬	20
linvm	蚂	579
linwf	䗨	0
lioae	蝮	57
liob	蚋	57
liodi	蚹	57
liog	蜼	20
liogf	蟭	57
lioii	蛉	57
lioim	䘋	0
lioin	蚙	20
lioip	蚮	0
lioir	螥	20
liokr	蜘	575
liolb	䗛	20
liold	螩	20
lioll	蚧	57
liom	蚯	57
liomb	蜦	20
liomd	蜍	57
liomg	𧊲	20
liomn	蝓	57
liomr	蛤	57
lion	虼	57
lionk	䗔	0
liono	蜁	20
liopc	蟘	20
liosk	蛜	57
liotf	蟱	0
lioyb	蠄	20
lip	䘝	0
lipa	䖲	0
lipd	虵	0
lipfd	䗇	0
liph	䖩	0
lipi	虳	20
lipim	蚐	20
lipkp	䗓	0
lipou	蜪	20
lipp	蚍	57
lippa	蝔	20
lippg	蜌	20
lipr	蚼	20
lipru	蚫	20
liptd	蝶	576
lipw	蜔	0
liq	㧛	0
liqj	蚌	57
liqka	蝽	57
liqkd	螓	57
liqkq	蜯	57
liqmb	蜻	578
liqmf	螦	0
liqmy	蝳	57
liqo	蚨	57
lirb	蜎	57
lirks	𧊅	20
lirlu	蝇	573
lirob	蜗	563
lirrj	蟬	572
liruc	蟤	20
lirvk	蜈	57
lirxu	蠅	573
lirye	蝦	568
lisav	蝘	57
lisem	蠮	57
lish	虭	20
lishr	蛁	57
lishu	𧋦	20
lisjr	蜛	57
lismg	蠗	57
lismg	䖱	0
lismh	蟉	20
lismi	蟳	57
lismm	蛡	57
lismv	䗅	0
liso	蚇	20
lisp	蚭	20
lisqf	螞	579
lisrg	蟶	57
liss	蚷	20
lisyi	蠾	20
lit	裓	0
lita	蜡	555
litak	蟆	57
litav	䗶	80
litb	褯	57
litbd	蝾	57
litbo	蠓	57
litcl	蟖	20
litco	䗱	0
litct	螠	57
litcw	蝤	57
litgi	蟻	579
litgr	蟮	57
litgu	蜣	57
litit	蟒	580
litjb	䗖	57
litkt	蠎	57
litlb	蟎	57
litlk	蝧	20
litlm	螼	20
litlx	蠨	57
litm	蚶	57
litmb	螨	57
litmc	蜞	57
litmc	蟥	57
litmd	䗋	0
litob	蜹	0
litoe	蠖	57
litpd	蠂	57
litq	蛘	57
litq	䖹	0
litrg	蠸	57
litt	蛢	20
littc	䗒	0
litvi	螆	20
litvp	䗹	0
litw	蛐	57
litwa	螬	57
litwb	蠇	0
litwi	蠛	57
litwi	𧒆	20
litxc	螊	0
liu	虬	57
liuce	蝬	20
liumt	螘	57
liuob	蠵	57
liuu	䖦	20
live	袯	57
livfi	𧖣	20
livfn	䘎	0
livii	蟣	57
livis	蚴	57
livl	虯	57
livno	蝝	57
livvv	蠟	555
liwb	蝟	57
liwd	蜾	57
liwfg	䘃	20
liwgf	蟔	20
liwhd	蜠	20
liwim	蟈	57
liwjc	䗰	0
liwl	䖬	0
liwli	蠋	57
liwlj	蠌	20
liwlu	蝿	20
liwlv	蠉	57
liwmi	蝈	57
liwot	蝹	20
liwr	蛔	62
liwsl	蜖	0
liwvf	螺	569
liwww	蠝	20
liy	虲	20
liyav	螁	20
liybp	蠬	20
liybs	螃	57
liycb	螪	20
liyck	蛟	57
liyg	蛀	161
liygq	蟽	0
liyhj	䗦	0
liyhn	蚢	20
liyhr	䗢	0
liyhs	蚄	57
liyia	蟙	20
liyib	蜟	0
liyij	蟀	57
liyiu	䖻	0
liyj	蚪	57
liyk	蚊	574
liykl	蛴	57
liymr	䛓	0
liyog	䗯	0
liyoj	蜶	0
liypb	蟕	0
liypt	蠦	20
liypu	䗂	0
liyr	蛅	57
liyra	蠩	57
liyrd	蜳	20
liyrn	蝏	57
liyro	蠔	20
liyru	𧐢	20
liyrv	蠰	57
liysd	蝣	57
liyso	蜨	20
liytj	蟑	57
liytp	䗷	0
liyub	螭	57
liyv	虻	57
liyvi	蚿	57
liyvu	䗈	80
liywm	蟺	57
liyx	蠐	57
lj	𦘒	20
ljc	袕	20
ljcr	褣	20
ljd	𧙕	20
lje	衼	20
ljic	襶	57
ljka	褚	57
ljlv	褄	20
ljmm	䙋	0
ljmn	䘢	0
ljmo	䘺	0
ljnu	䘼	0
ljp	袉	20
ljr	𧙖	20
ljrr	䘾	0
ljto	䙭	0
lk	史	76
lkbt	盎	62
lkdhe	㿮	0
lkhaf	鴦	51
lki	𧘹	20
lkk	䘠	0
lkld	袸	20
lklu	裺	20
lkm	袏	20
lkma	襫	57
lkmb	䙃	0
lkmr	裿	20
lkms	袴	20
lkmvn	㼜	0
lknau	䒋	0
lkoo	裌	20
lkpb	𧜵	20
lkpym	鸯	51
lkr	𧙗	20
ll	串	80
ll	衶	20
llamh	暢	340
llaph	𣈱	20
llb	䘜	0
llbk	䘧	0
llbu	衴	20
llbuu	覑	20
lldwf	朄	20
llfl	粛	20
llfq	牉	20
llgwc	牘	63
llhe	版	63
llhhj	牌	63
llhjd	㸡	0
llhjx	牐	20
llhqu	㲏	0
llhsb	牖	63
llhwp	牕	20
llii	牋	20
llilb	牗	20
llit	褴	57
lll	川	72
lllb	帅	294
lllc	順	514
lllll	㸞	0
lllmo	㸠	0
lllo	顺	514
llmb	师	717
llmc	䙡	0
llml	片	683
llmo	䙌	0
llmy	裶	20
lln	弗	71
llno	㸝	0
llnri	㸥	0
llnsh	畅	340
lloa	临	59
llomn	煃	64
llp	患	70
llpa	㸟	0
llpb	褙	57
llpc	䙫	0
llpi	畃	0
llptd	牒	63
llsa	裥	57
llshr	牊	20
llsm	归	66
llsmb	帰	20
llsw	襕	57
lltcd	㸣	0
llthb	㸢	0
llw	袖	409
llwv	褸	57
llww	丳	80
llxl	裫	20
llybs	牓	20
llytv	𤗈	20
lm	丄	80
lma	袹	20
lmbb	襦	57
lmbi	䙥	0
lmbk	䙇	0
lmbl	袻	0
lmbo	贵	56
lmbuc	貴	56
lmfb	襧	0
lmfbc	賮	56
lmfbt	盡	606
lmft	䀆	0
lmg	壮	177
lmhdw	䪤	20
lmi	虫	132
lmig	䘭	0
lmik	状	63
lmj	衦	0
lmky	䙣	0
lmlb	裲	57
lmln	劃	488
lmmm	韭	5
lmmp	襹	20
lmmv	裖	20
lmnii	将	840
lmnr	袔	0
lmp	北	613
lmpnl	邶	54
lmr	袥	0
lmrb	䙐	0
lmrt	裋	57
lmrw	褔	57
lmto	䙠	0
lmuo	兆	139
lmuoc	頫	20
lmuof	鴵	0
lmuou	覜	57
lmv	妆	73
lmvi	褥	293
lmwf	褾	57
lmwu	褼	20
lmwv	䙅	0
lmyq	羋	59
lmyyn	剕	77
lmyyy	非	685
ln	鬥	381
ln	刂	77
lnao	襐	20
lnbml	鬬	51
lnbo	费	56
lnbuc	費	56
lncr	襜	57
lnd	桨	281
lne	浆	64
lnhe	衱	20
lnhs	𧘌	20
lnhxu	鬩	51
lnib	𧚔	20
lnibi	牔	0
lnii	襁	60
lnin	袳	0
lnjnk	牍	63
lnk	奖	425
lnkm	䘰	0
lnks	㔗	0
lnl	䘟	0
lnln	刜	77
lnmcw	酱	338
lnmjk	鬫	51
lnmti	鬪	20
lnnau	艴	58
lnnru	䰗	0
lnnxu	鬮	51
lnoe	襏	57
lnok	㪄	0
lnok	䙆	0
lnoo	䙍	0
lnot	䙞	0
lnpkp	牎	0
lnrml	鬭	20
lnsmh	䰘	0
lntc	鬨	20
lnvm	䘞	0
lnyj	鬦	0
lnylb	鬧	53
loae	複	71
lob	衲	57
lodi	袝	20
lof	袮	57
logd	襍	20
logte	鼗	51
lohg	袵	20
lohh	袗	57
loii	袊	0
loik	袱	57
loim	襳	20
loin	衿	57
loll	衸	0
lolsm	䪠	0
lolsm	䪡	0
loma	襘	20
lomm	裣	57
lomn	褕	57
lomo	襝	57
lomr	袷	57
lonk	䙈	0
lonl	䣒	0
lopd	袘	20
lord	褓	60
loto	襥	57
lp	忠	71
lpa	䘩	0
lpb	背	1
lpbcn	㼱	0
lpd	衪	20
lpfd	䉾	0
lpg	㘳	0
lph	袐	20
lphu	兠	20
lpim	袀	20
lpjwj	軰	0
lpm	丠	80
lpou	裪	0
lpq	𠤖	20
lpr	袧	20
lpru	袍	415
lpt	袣	0
lptd	褋	20
lpwtc	冀	78
lq	聿	59
lqf	㶳	0
lqhk	褉	57
lqmat	衋	57
lqmat	䀌	0
lqmc	襀	0
lqmv	裱	57
lqo	衭	57
lqs	袆	57
lrb	裐	20
lrhg	裎	57
lrp	㥈	0
lrrd	襙	20
lrrj	襌	57
lruc	襈	0
lsaa	阊	53
lsasm	阘	53
lsav	褗	20
lsbbe	阌	53
lsbuk	阒	53
lscru	阅	53
lscwj	阐	396
lsd	闲	53
lsdh	闭	53
lsdwf	阑	53
lseg	𧜶	20
lsehr	阔	200
lsei	䙱	0
lseq	䙙	0
lsgg	闺	53
lsgit	阖	53
lsh	初	77
lshaf	䳙	0
lsher	阁	443
lshpa	阍	53
lshr	袑	20
lshxu	阋	51
lsiav	阆	53
lsirm	阈	53
lsit	襤	57
lsjbc	阗	53
lsjj	襵	0
lsjka	阇	53
lsjr	裾	57
lski	闳	53
lsklu	阉	53
lskr	裙	413
lslc	頥	0
lslmi	闽	53
lslmo	阓	53
lsm	闩	229
lsma	褶	57
lsme	䘲	0
lsmg	闰	53
lsmi	襑	20
lsmj	闬	53
lsmmm	闫	53
lsnhx	阎	53
lsnjk	阚	53
lsnok	阕	53
lsnsd	䦶	0
lsnvm	闯	53
lsnwu	阄	51
lso	闪	459
lsoi	阀	362
lsoog	䦷	0
lsp	闷	70
lsp	䘦	0
lsqs	闱	53
lsr	问	858
lsrr	闾	53
lsrr	䙔	0
lssj	闻	59
lstuo	阙	53
lsusu	闿	53
lsuu	䘿	0
lswd	阃	53
lswl	闸	196
lswlb	䦸	0
lswlv	阛	53
lsyhn	闶	53
lsyk	闵	53
lsylb	闹	53
lsymr	訚	56
lsysy	阏	53
lsyvo	阂	53
ltaw	襽	57
ltbi	襺	20
ltbo	䙩	0
ltco	襆	57
ltgi	襼	57
ltjb	䙊	0
ltlb	襔	20
ltmc	褀	57
ltor	褡	57
ltqm	褨	0
ltrg	䙮	0
lttb	褠	0
ltwa	褿	0
ltwi	襪	412
ltwn	䙦	0
ltwv	襛	57
lu	儿	894
lubb	䙖	0
lue	沊	20
luf	㷗	0
luf	㷩	0
luhaf	鴆	51
luhne	㱽	0
lumb	褍	0
lumbc	䪴	20
lumvn	瓭	0
lune	䘶	0
lunl	邥	20
luog	䧵	0
lupym	鸩	51
luu	袦	0
lvbu	胤	59
lvhaf	鷜	20
lvhqu	氀	20
lvii	𧝞	20
lvis	袎	57
lvmbc	䫫	0
lvmvn	甊	0
lvne	䘵	0
lvnl	䣚	0
lvno	褖	20
lvok	數	714
lvr	袽	57
lvyj	㪹	0
lw	由	787
lwb	冑	78
lwb	胄	59
lwd	裸	59
lwd	裍	57
lwdq	䙟	0
lwdv	䙨	0
lwg	裡	964
lwk	裀	57
lwl	申	63
lwl	䘥	0
lwlg	𧟌	20
lwli	䙓	57
lwli	襡	57
lwlj	襗	20
lwlm	𧝁	20
lwlp	襬	522
lwlv	婁	73
lwmbc	頔	20
lwml	畁	63
lwmvs	甹	63
lwn	㐕	0
lwnl	邮	423
lwnvs	㽕	0
lwo	㬰	0
lwot	褞	20
lwp	曳	67
lwsu	㕀	0
lwtj	襅	0
lwu	电	804
lx	肅	312
lxh	𠂔	20
lxhaf	鷫	51
lxln	㔅	0
lxno	歗	66
lxpym	鹔	51
lxsmm	䎘	0
lxye	㪩	0
ly	补	505
lyav	褪	360
lybb	褅	20
lybb	䙤	0
lybg	䙰	0
lybp	襱	20
lybu	𦚯	20
lybuc	䩀	0
lycb	䙗	0
lyck	䘨	0
lycv	䙛	20
lyd	棐	67
lydu	襯	57
lygq	𧞅	20
lyhj	䙜	0
lyhq	㹃	20
lyhqu	靟	20
lyhuu	䩁	0
lyib	䘻	0
lyik	猆	0
lyiu	裗	20
lyiu	䘪	0
lyjj	褳	57
lyjwj	輩	206
lyk	奜	73
lykq	辈	206
lylm	𧘲	20
lylmi	蜚	57
lymb	褃	0
lymbc	䫍	0
lymgi	㻗	20
lymp	䘣	0
lymy	裃	20
lyn	㐟	0
lynd	𩇫	20
lyoiv	餥	20
lyoj	䘹	0
lyok	䘸	0
lyp	悲	70
lypu	裭	0
lyr	袩	0
lysmm	翡	213
lysu	䨽	0
lyto	襚	57
lyub	褵	57
lyv	婓	20
lyvi	袨	20
lyvw	䙒	0
lywm	襢	57
lywv	䙑	0
lyyhv	裴	57
lyyk	斐	68
m	一	999
ma	百	601
mabk	厭	76
mad	櫫	66
mahl	㪽	20
mahr	厬	20
mai	戩	70
mai	戬	70
maiu	厩	71
maln	㓦	20
maln	㔆	20
mam	亘	79
mama	皕	62
mamaa	𤾩	20
mambc	䫬	0
mamgi	𤧥	20
mami	㕌	0
mamr	碧	400
mamvn	㼣	0
mand	厚	76
manl	鄑	54
manl	䣟	0
mayj	㪶	0
mbaah	霷	0
mbapv	䨠	0
mbawe	𩅍	20
mbbb	䨜	0
mbbgr	霌	0
mbbhg	霾	460
mbbhv	霢	52
mbbie	霡	52
mbbmo	霥	20
mbbnd	䨗	0
mbbuu	覼	20
mbbuu	𧢝	20
mbbuu	䨘	0
mbbuu	䨳	0
mbcc	𠫍	20
mbchf	靎	0
mbchj	𩆨	20
mbcn	厠	203
mbcsh	雰	53
mbcwa	䰝	0
mbd	雬	0
mbdbe	䨷	0
mbdbu	霜	463
mbdci	𩃭	20
mbdd	霖	52
mbddh	霦	20
mbdhl	䨛	0
mbdi	耐	59
mbebg	霪	52
mbebr	霘	20
mbed	霂	52
mbedd	䨬	0
mbegg	䨟	0
mbehg	䨙	0
mbejb	霈	52
mbelu	霃	20
mbely	𩄼	20
mbemd	䨕	0
mbemj	䨵	20
mbemm	靋	20
mbeni	霐	20
mbeoi	霗	0
mbetc	霟	20
mbetj	䨰	0
mbetv	霮	52
mbeyg	霔	0
mbeyr	霑	20
mbeys	霶	20
mbf	㶮	0
mbf	䎡	0
mbfb	霄	230
mbfmu	䨔	0
mbg	壐	20
mbgwg	䨪	0
mbhaf	鴯	51
mbhaf	鷊	51
mbhaf	鸍	20
mbhdf	𩄍	20
mbhes	雾	463
mbhey	𩂓	20
mbhfd	雽	20
mbhhh	耏	59
mbhhw	霤	52
mbhlb	䨞	0
mbhml	𩂋	20
mbhoe	䨱	0
mbhok	霺	52
mbhp	䨋	0
mbhqu	雮	0
mbhui	䰭	0
mbhui	䰰	0
mbhxu	霓	57
mbi	戞	20
mbibl	䨶	0
mbifl	䨩	0
mbijb	鬴	51
mbimo	䨏	20
mbivv	霭	52
mbje	䰙	0
mbjlv	霋	20
mbjmc	靌	0
mbjon	䨫	0
mbk	耎	59
mbkb	䨖	0
mbkmr	𩃤	20
mbkn	䨑	0
mbks	勵	77
mbks	㔝	0
mblbk	雵	20
mbll	而	956
mblmi	融	451
mblmo	雿	20
mblmy	霏	52
mbm	亙	20
mbmbc	顬	52
mbmbc	䫱	0
mbmbl	需	52
mbmbo	颥	52
mbmdm	靂	52
mbmgi	璽	267
mbmin	𩃬	20
mbmks	雳	52
mbmmc	霊	20
mbmmi	雲	79
mbmms	雩	53
mbmmu	䨌	0
mbmmv	震	458
mbmr	雼	0
mbmvn	䰛	0
mbmy	雫	20
mbnai	䨲	0
mbnhe	雭	0
mbnhk	霚	0
mbnhs	霧	463
mbnhu	霿	20
mbni	䨎	0
mbnib	霱	20
mbnih	雺	20
mbnkg	霆	52
mbnkm	𩃀	20
mbnl	邴	54
mbnl	䣓	20
mbnlm	霳	0
mbnlp	䨸	0
mbnlq	𩄐	20
mbnlw	䨯	0
mbnnn	霛	52
mbnoo	䬠	80
mbnot	霯	20
mbo	页	52
mboah	鬺	20
mbod	𩂯	20
mbog	霍	52
mboge	䨥	0
mbogf	靍	20
mbogg	靃	20
mbohb	𩃥	20
mboii	零	53
mbolf	䨹	0
mbomr	䨐	0
mbon	厕	203
mbowy	霉	52
mbp	恧	70
mbp	𩂈	20
mbp	㥑	0
mbphe	憂	70
mbphp	䨚	0
mbpru	雹	460
mbpym	䴓	51
mbpym	鹂	51
mbqjs	䨮	0
mbqmb	䨝	20
mbrbc	霣	52
mbrji	霵	20
mbrmr	露	360
mbrrg	𤫊	20
mbrri	𩆜	20
mbrrm	靈	52
mbrrp	龗	51
mbrrr	霝	52
mbrrv	孁	20
mbrye	霞	461
mbsfi	霨	52
mbsm	雪	53
mbsma	霫	52
mbsmm	翮	59
mbsmm	䨒	20
mbsmr	𠻸	20
mbsrj	霹	52
mbtbk	霰	52
mbtbo	靀	20
mbtcl	𩅰	20
mbtgi	䨴	0
mbtjb	霸	57
mbtlj	䨣	0
mbtlk	霙	52
mbtm	雸	20
mbtmv	䨢	0
mbtt	䨍	0
mbtwt	霻	0
mbuc	貢	56
mbuc	頁	52
mbuce	鬷	51
mbujt	靊	20
mbune	䨡	0
mbv	耍	59
mbvr	𩂰	20
mbw	雷	458
mbwr	䨓	0
mbwtc	霬	20
mbwu	電	804
mbwww	靁	52
mbybp	靇	20
mbybs	䨦	0
mbydl	霩	52
mbye	㪅	0
mbyhj	𩅛	20
mbyhr	䨨	0
mbyhs	雱	53
mbyhv	𩂱	20
mbyk	雯	53
mbyk	䰚	0
mbykl	霁	52
mbylw	䨤	20
mbymr	霅	52
mbyrv	靄	52
mbyt	雴	20
mbyti	䨧	0
mbytn	霠	20
mbytv	霎	52
mbyx	霽	52
mc	㕋	0
mca	晋	68
mcfdq	䫰	0
mcg	垩	74
mche	夒	74
mchq	㹕	20
mcml	顨	20
mcohh	䪾	0
mcp	恶	519
mcp	慐	20
mcp	𢥧	20
mcp	𢦀	20
mcw	西	843
mcwm	酉	54
md	于	947
mda	曆	76
mdbt	盂	163
mdbu	厢	71
mdda	暦	20
mddi	厯	0
mddo	𠪴	20
mdhaf	鷅	20
mdln	㔄	0
mdm	五	627
mdmgi	㻺	20
mdmr	磿	20
mdnl	邘	54
mdok	㪀	0
mdp	𢟍	20
mdykm	䊲	0
mdylm	歷	76
mdylm	歴	20
me	汞	65
mebu	䀾	0
mec	𨫣	20
mem	亟	79
menl	鄾	54
meno	㱊	0
meoiv	䬸	0
mer	唘	20
mf	不	995
mf	𣎴	20
mfa	㫘	0
mfbk	爾	855
mfbk	厰	76
mfbq	甭	63
mfbt	盃	20
mfbuc	贗	56
mfbuu	覔	20
mfbuu	覝	20
mff	㶨	0
mff	㶪	0
mfhaf	鴀	20
mfhhh	彯	20
mfhni	飄	457
mfhnk	飘	457
mfhvo	瓢	289
mfj	平	756
mfj	㔻	0
mfjbm	𠁆	20
mfk	奀	20
mfks	勡	20
mfln	剽	77
mfln	㓹	0
mfm	丕	80
mfmbc	願	20
mfmbc	顠	20
mfmff	厵	0
mfmmf	祘	61
mfmvn	㼼	0
mfmwv	嫑	73
mfmym	歪	480
mfnl	鄢	54
mfoiv	䬩	0
mfomi	𠀾	20
mfp	愿	70
mfr	否	360
mfrbc	𧶏	20
mfsmm	翲	20
mfu	礼	0
mfvnd	孬	73
mfyiu	𥜆	20
mg	王	692
mg	𤣩	20
mga	㬜	0
mgaa	琩	20
mgabt	瑥	20
mgabu	瑁	63
mgahm	瑋	63
mgahu	瑊	20
mgamh	獂	20
mgamo	瑅	20
mgana	𤩎	20
mganw	瓓	20
mgaph	㻛	20
mgapp	琨	63
mgau	琶	63
mgav	珢	20
mgawe	㻴	20
mgayf	璟	63
mgayk	琝	63
mgb	再	814
mgb	玥	63
mgbb	㻚	20
mgbbe	璦	63
mgbbq	𤩥	20
mgbcd	琛	63
mgbcv	瓔	63
mgbgr	琱	63
mgbhn	𤤌	20
mgbhu	现	911
mgbhx	瑫	20
mgbjj	琿	63
mgbkq	珲	63
mgbm	珇	63
mgbme	猺	63
mgbnd	琈	63
mgbof	㻮	0
mgbou	瑤	63
mgbou	瑶	63
mgbov	璎	63
mgbr	㺾	0
mgbsd	琤	63
mgbt	珊	211
mgbu	㺺	0
mgbuc	珼	20
mgbuu	現	911
mgbuu	䚈	0
mgby	玬	20
mgc	𨨖	20
mgc	琻	0
mgci	玜	20
mgcnh	珶	63
mgcsh	玢	63
mgcwa	璔	20
mgd	琹	20
mgdbb	㻷	0
mgdd	琳	63
mgddo	璴	20
mgdhe	玻	63
mgdk	玦	63
mgdl	㻋	0
mgdlc	瓎	0
mgdln	㻝	0
mgdmq	猼	20
mgdoo	琜	20
mgdwf	瑓	20
mgea	𤦊	20
mgegi	琺	63
mgeii	瑵	20
mgemn	𤤾	20
mgesd	璖	0
mgfb	琑	20
mgfbb	瑺	20
mgfbc	瑣	63
mgfbo	琐	63
mgfbw	璫	63
mgfdq	璘	63
mgff	琰	63
mgffd	𤪤	20
mgffg	㼆	20
mgffs	𤩂	20
mgfmu	珖	63
mgfqu	𤦔	20
mgfsm	珰	63
mgfv	珱	20
mgg	厓	76
mgg	𤣰	20
mggb	珃	63
mggce	𤦫	20
mggg	珪	63
mgggu	𤩊	20
mggi	珐	63
mggnf	瓙	20
mggni	璹	20
mggp	𤥴	20
mggsk	璈	63
mggwc	瓄	0
mgha	珀	211
mghae	瑑	63
mghaf	鳿	20
mghaf	鵄	20
mghaf	𪆒	20
mghag	瑝	20
mghbr	珦	63
mghby	珘	20
mghdc	璳	0
mghdd	㻑	20
mghdf	𤧐	20
mghdg	𤩏	20
mghdl	𤦋	20
mghdn	琍	20
mghds	琇	63
mghdw	璠	63
mghej	琒	20
mgher	珞	63
mghgr	𤥢	20
mghgu	珗	20
mghhe	瓈	20
mghhj	琕	20
mghhl	珋	63
mghhw	瑠	20
mghi	瑰	63
mghj	𤣳	20
mghjd	珠	214
mghje	瑖	20
mghjm	㻔	0
mghjr	𤪔	20
mghkb	𤩝	20
mghlb	獀	63
mghlc	瓆	20
mghlq	㻶	0
mghmo	㻄	0
mghmr	㻈	0
mghn	玑	63
mghnb	珮	20
mghnf	𤪧	20
mghni	㺬	0
mghnn	珟	0
mghoh	𤨤	20
mghoh	𤪱	20
mghon	珩	63
mghon	𤦷	20
mghoo	瑽	20
mghpa	琘	0
mghqi	珴	20
mghqm	珄	20
mghrb	瑡	20
mghrf	瑦	0
mghsk	璬	63
mghuc	瓚	63
mghul	䶍	0
mghuo	瓒	63
mghwp	璁	63
mghxc	璵	63
mghxu	𤦤	20
mgi	玉	63
mgi	玊	63
mgi	㺨	20
mgiav	琅	63
mgib	㻆	0
mgice	㻐	20
mgihm	珬	0
mgihr	犎	63
mgihs	珹	63
mgihs	臹	20
mgihu	玧	20
mgii	琖	63
mgiib	𤨡	20
mgiil	瑯	20
mgijc	㺷	0
mgije	球	651
mgik	㺴	0
mgikp	珑	63
mgilg	班	63
mgilr	瑭	63
mgine	𤤯	20
mging	𤧻	20
mgir	珆	20
mgirm	琙	20
mgisb	㻞	20
mgisk	璷	20
mgit	㕎	0
mgit	㺹	0
mgitc	㼅	0
mgjbc	瑱	63
mgjbm	𤦌	20
mgjch	獊	20
mgjck	㻠	0
mgjcr	瑢	63
mgjhw	𤪺	20
mgjii	瑼	20
mgjip	璤	20
mgjka	琽	0
mgjkp	珯	20
mgjkr	𤨥	20
mgjll	㻘	0
mgjmc	璸	63
mgjmc	璌	20
mgjmf	琮	63
mgjmm	犐	20
mgjmo	琔	20
mgjmo	𤨎	20
mgjmu	琓	20
mgjmu	𤩷	20
mgjnu	琬	63
mgjoc	瑸	0
mgjpn	𤪥	20
mgjrb	瑚	210
mgjrr	琯	63
mgjru	𤥣	20
mgjv	𤥃	20
mgjyu	𤪓	20
mgk	㺯	0
mgkb	珛	63
mgkcf	璙	20
mgkhr	𤨦	20
mgkkb	琋	20
mgkld	珔	63
mgkld	臶	20
mgkmb	㻟	0
mgkmr	琦	63
mgkoo	𤥵	20
mgks	玏	20
mgksr	珈	63
mgkss	珕	20
mgle	㻖	20
mglll	玔	63
mglln	𤤖	20
mgllv	㻲	0
mglmc	璝	63
mglmo	珧	63
mglmt	璶	20
mglmy	琲	63
mgln	到	985
mgln	㺫	0
mglq	珒	63
mglwk	㻀	0
mglwl	珅	63
mglx	璛	20
mgm	玒	63
mgma	𤤿	20
mgmbb	瓀	63
mgmbc	頊	52
mgmbe	𤫑	20
mgmbe	瓇	0
mgmbk	瑌	20
mgmbm	𤫩	20
mgmbo	顼	52
mgmbr	𤫢	20
mgmbs	㻬	80
mgmd	玗	63
mgmf	环	445
mgmf	𦤹	20
mgmfj	玶	63
mgmfm	㺽	0
mgmg	玨	20
mgmgh	璱	63
mgmgi	珏	63
mgmhl	琊	63
mgmhm	瓑	0
mgmia	瑨	63
mgmig	臸	20
mgmj	玕	63
mgmlb	㺰	0
mgmlm	𤦩	20
mgmlw	璢	20
mgmmp	𤫟	20
mgmmr	珸	20
mgmms	㺮	0
mgmmu	玩	523
mgmn	玎	63
mgmnr	珂	63
mgmpm	珷	63
mgmso	琢	360
mgmt	𤣿	20
mgmtb	𤪲	20
mgmua	㻸	0
mgmue	𤧶	20
mgmvh	玡	63
mgmvn	甄	63
mgmvn	珁	0
mgmwd	瑮	20
mgmwf	𤨧	20
mgmwj	㻼	20
mgnau	㻊	20
mgnbe	瓊	63
mgnbk	瑒	20
mgnd	㺭	20
mgne	𤣻	20
mgnf	珎	20
mgng	㺲	0
mgnhb	璚	63
mgnhd	瑈	20
mgnin	𤥀	20
mgnir	𤥁	20
mgnj	𤣲	20
mgnkg	珽	63
mgnkm	𤥻	20
mgnkq	𤧣	20
mgnl	郅	54
mgnl	鄄	54
mgnl	䣑	0
mgnlb	瓍	0
mgno	㺵	80
mgno	玖	63
mgno	歅	20
mgno	㱋	0
mgnot	璒	20
mgnqd	㻧	20
mgnsh	玚	20
mgnvm	玛	209
mgnyo	㺼	0
mgo	珡	63
mgog	琟	20
mgogs	㻽	80
mgogs	㻪	0
mgohb	𤦍	20
mgohh	珍	63
mgoii	玲	63
mgoin	琴	422
mgoin	玪	20
mgoip	玳	63
mgoip	𤦬	20
mgoir	琀	63
mgoir	瑲	63
mgoj	玝	20
mgoju	珤	20
mgok	致	496
mgok	玫	63
mgoll	玠	63
mgoma	璯	63
mgomb	𤦎	20
mgomd	㻌	20
mgomg	㻇	20
mgomi	㻅	63
mgomn	瑜	63
mgomr	珨	20
mgono	琁	63
mgooo	㻜	0
mgord	𤦸	20
mgosu	玱	63
mgotf	璑	0
mgotq	𤪕	20
mgowy	珻	63
mgoyk	𤨨	20
mgpa	珣	63
mgph	瑟	422
mgph	珌	63
mgphp	𤦏	20
mgpi	玓	63
mgpko	𤪦	20
mgpkp	𤧚	20
mgpp	玭	63
mgpp	琵	63
mgppa	瑄	63
mgpr	玽	0
mgpru	玸	20
mgpt	玴	20
mgptd	㻡	20
mgpu	𤤀	20
mgqhf	𤩦	20
mgqj	玤	63
mgqjm	㻰	20
mgqjp	𤪳	20
mgqka	瑃	63
mgqkd	瑧	63
mgqkd	臻	58
mgqkq	琫	63
mgqmb	𤦭	20
mgqmw	瑇	20
mgqo	玞	63
mgqoc	瓉	0
mgqs	玮	63
mgrb	琄	20
mgrhg	珵	63
mgrmr	璐	63
mgrpa	瑉	63
mgrr	噩	75
mgrrd	璪	63
mgrrj	𤩧	20
mgrvk	㻍	0
mgrvp	珉	63
mgrye	瑕	63
mgryo	珿	20
mgshr	玿	63
mgsj	珥	63
mgsje	㻓	0
mgsjl	瑘	0
mgsjr	琚	63
mgsk	厫	20
mgsk	䑒	0
mgskr	珺	63
mgsll	㺿	20
mgsmf	㻏	0
mgsmh	璆	63
mgsmi	璕	20
mgsmj	璻	20
mgsmm	珝	63
mgsmt	璼	0
mgsnd	㻵	0
mgsp	𤤗	20
mgsqf	瑪	209
mgsql	𤥶	20
mgstt	𤧅	20
mgstv	𤧷	20
mgsu	玘	63
mgsu	𤣱	20
mgsuu	㻕	0
mgt	弄	538
mgtbc	琠	63
mgtbn	獉	63
mgtc	珙	63
mgtcf	𤪌	20
mgtcg	璂	20
mgtch	𤦈	20
mgtcl	𤩐	20
mgtco	璞	63
mgtcw	㻥	0
mgtgi	㼁	0
mgtgk	𤧞	20
mgtgt	瓂	20
mgtgu	琷	20
mgthn	㻳	20
mgths	璓	0
mgti	㕑	20
mgtio	𤦧	20
mgtjs	𤨕	20
mgtlb	璊	20
mgtlf	𤫇	20
mgtlk	瑛	63
mgtlm	瑾	63
mgtlo	𤨢	20
mgtm	玵	20
mgtmc	琪	63
mgtmc	璜	63
mgtmj	璍	20
mgtmv	㻣	0
mgtnk	𤩸	20
mgtod	瑹	20
mgtod	𤨓	20
mgtoe	瓁	63
mgtpr	㻤	0
mgtq	珜	20
mgtqg	𤨩	20
mgtqm	瑳	63
mgtrg	瓘	63
mgtrk	璥	63
mgtt	㻂	20
mgtvi	𤧹	20
mgtxc	㻩	20
mgtyj	𤪼	20
mgu	玌	20
mguap	𤨾	20
mgufk	𤪖	20
mgumb	瑞	314
mgumt	𤧸	20
mguob	瓗	20
mguog	璀	63
mguon	琌	20
mguos	㼇	20
mgutn	𤩑	20
mgvid	瓅	20
mgvii	璣	63
mgvio	𤤳	20
mgviw	㼄	20
mgvl	㺩	20
mgvmp	璏	0
mgvne	琭	63
mgvno	猻	63
mgvvd	璅	63
mgvvv	㼃	0
mgvvw	瑙	209
mgwg	理	856
mgwhd	㻒	0
mgwjc	瑻	63
mgwk	珚	63
mgwkp	𤨒	20
mgwl	玾	20
mgwlb	㻦	0
mgwlg	㼈	0
mgwli	㻿	20
mgwlv	環	445
mgwol	琾	0
mgwr	㻁	0
mgwtj	㻫	20
mgwww	瓃	20
mgy	㺪	20
mgyaj	琸	20
mgybc	𤦹	20
mgybj	璭	20
mgybk	瓛	63
mgybp	瓏	63
mgybr	𤩅	20
mgybs	𤧭	20
mgybu	璿	20
mgybu	𤪻	20
mgyck	珓	63
mgydk	㻻	0
mgye	㺳	0
mgyed	璨	63
mgyed	𤨪	20
mgyfe	琡	20
mgygq	㼀	20
mgyhj	㻱	0
mgyhs	𤤁	20
mgyib	㻙	0
mgyij	㻭	0
mgyiu	琉	63
mgyiu	珫	20
mgyj	㺶	0
mgyjj	璉	63
mgyk	玟	63
mgykg	斑	276
mgykh	珳	63
mgykq	琏	63
mgylb	㺻	0
mgylc	𤥂	20
mgylh	㻉	0
mgymp	玼	63
mgymr	琂	20
mgyog	璡	63
mgyoj	琗	20
mgyok	𤥿	20
mgypd	㻯	0
mgypo	璩	63
mgypt	瓐	20
mgypu	琥	212
mgyr	玷	63
mgyrf	琼	63
mgyrn	𤧟	20
mgyru	𤦻	20
mgyrv	瓖	63
mgysd	㻢	20
mgysm	玙	63
mgyso	璇	63
mgytj	璋	63
mgyto	璲	63
mgytr	琣	20
mgytr	𤦺	20
mgytt	琎	63
mgytu	璄	0
mgyub	璃	63
mgyvi	玹	63
mgywm	璮	63
mgywv	瓌	20
mgyx	璾	20
mgyy	玣	0
mgyyb	瓋	20
mh	厂	76
mhae	厡	0
mhaf	原	722
mhaf	䲨	0
mhav	㸧	0
mhdd	厤	20
mhdf	㷴	20
mhdn	㽁	0
mhgu	𠀡	20
mhhaf	鴉	559
mhhh	㣉	0
mhjm	厜	76
mhlv	𥘅	20
mhmbc	䪵	0
mhni	巩	189
mhnl	邪	360
mhog	雅	313
mhoiv	餮	52
mhp	厇	0
mhpm	厎	76
mhpym	鸦	559
mhs	厏	20
mhxf	㕐	0
mibbe	靉	52
mifb	䨭	0
mig	至	751
mig	㦱	0
mihaf	䲰	20
mihaf	䴇	20
mihi	魂	180
mii	㦺	0
miia	晉	68
mijb	㕊	0
mik	厌	76
mikf	黡	51
miki	魇	51
mikl	厣	76
mikp	厐	51
miks	动	901
mikv	餍	52
mikw	靥	52
mile	霴	20
milnc	靅	0
mimgi	𤤴	20
mimii	䨺	0
mimm	㱐	0
minl	鄏	54
minl	䢵	20
mioin	霒	52
miond	霼	0
mipt	𤤙	20
mipu	霕	0
mir	䂖	80
mitgi	𤩺	20
miuh	厖	76
miyle	靆	52
mj	干	671
mjbc	厧	20
mjbt	㿻	0
mjbuu	䚓	0
mjf	烎	20
mjf	㶣	0
mjhaf	鳱	20
mjhaf	鷣	20
mjixp	麉	20
mjln	刊	77
mjmbc	頇	52
mjmbo	顸	52
mjmjl	郉	0
mjmvn	㼞	0
mjn	𢏗	20
mjnl	邗	54
mjog	䧲	0
mjok	敢	68
mjr	㕆	0
mjwj	厙	76
mjybp	䶬	0
mk	天	954
mkab	奣	73
mkali	蠺	0
mkd	檿	0
mkdhe	𥀬	20
mke	沗	0
mkg	壓	74
mkg	𡍶	20
mkhi	魘	51
mkhqm	甦	20
mklii	䗞	0
mklii	䘉	0
mklmy	䨿	0
mkln	㓴	0
mklsm	䪞	0
mkmvn	㼲	0
mkmwl	靨	52
mknl	郠	54
mkoiv	饜	52
mkp	憨	70
mkp	㤁	0
mkq	擪	20
mks	功	77
mktct	㬲	0
mku	无	918
mkv	嬮	20
mkwgf	黶	51
mkwgf	䵡	0
mkwl	厴	76
mkylm	㱘	0
ml	丌	80
mlb	帀	0
mlbo	兩	878
mlbu	両	20
mlby	雨	53
mllm	亞	594
mlls	丣	80
mllw	覀	20
mlm	工	828
mlmy	厞	76
mln	㓚	0
mlq	㧭	0
mlvs	丏	80
mlwk	更	769
mm	二	79
mmbb	丽	554
mmbbp	麗	554
mmbbv	婯	0
mmbc	項	404
mmbo	项	404
mmbuc	䝾	0
mmf	示	61
mmg	堊	74
mmhaf	鵡	51
mmhaf	鵛	20
mmhaf	䲹	0
mmi	云	79
mmig	厔	76
mmii	䰟	0
mmj	厈	0
mmks	勁	360
mml	亓	79
mmlmi	蝁	20
mmln	剄	77
mmm	三	830
mmmbc	頸	360
mmmbc	䪹	0
mmmgi	琧	0
mmmm	亖	79
mmmm	㠭	20
mmmv	辰	55
mmn	亍	79
mmn	厅	71
mmn	㐏	0
mmnl	邳	54
mmnl	䣆	0
mmno	㰳	0
mmok	政	68
mmp	惡	519
mmp	𢘫	20
mmps	㫄	0
mmpym	鹉	51
mmqmb	靕	20
mmr	吾	76
mmrn	㐚	0
mms	厉	76
mmt	㕃	0
mmti	厨	202
mmtj	㕏	0
mmu	元	678
mmue	厦	360
mmug	坖	0
mmuu	黿	51
mmvh	厊	20
mmvi	㕄	0
mmvn	瓨	20
mmvs	巧	401
mmyiu	巰	72
mmym	㱏	0
mmypu	虣	57
mn	丁	80
mnb	㱚	0
mnbm	殂	66
mnbnd	殍	66
mnbv	㱣	0
mnc	銎	54
mncsh	瓰	63
mncwj	殚	66
mndhe	㱟	0
mndhl	㱤	0
mndl	殐	0
mndwf	㱫	0
mnf	烈	64
mnfd	䊄	0
mng	型	74
mngbt	殪	66
mngce	㱥	0
mngth	㱶	0
mngwc	殰	66
mnhaf	鴷	51
mnhaf	殦	20
mnhbt	殈	66
mnhd	䅃	0
mnhe	瓪	0
mnhgu	㱡	0
mnhj	瓩	63
mnhjd	殊	66
mnhje	㱭	0
mnhk	殀	20
mnhml	歽	0
mnhne	殁	66
mnhpa	殙	66
mnhqm	殅	0
mnhqu	瓱	63
mnhui	㱱	0
mnhuk	殠	66
mni	歹	66
mniav	㱢	0
mnii	殘	66
mnij	残	66
mnije	殏	20
mnir	殆	66
mnj	瓧	63
mnjbm	殖	66
mnjim	殱	20
mnjmc	殥	66
mnjmc	殯	66
mnjmo	㱨	0
mnjnk	㱩	66
mnjnu	㱧	0
mnjoc	殡	66
mnjr	㱠	0
mnjru	殑	66
mnjtc	㱵	0
mnjwj	䡗	0
mnjyj	㱰	0
mnk	𣧂	20
mnklu	殗	66
mnkmr	㱦	0
mnkoo	殎	20
mnkpb	殢	20
mnks	劽	0
mnl	邛	54
mnlb	㡂	0
mnlbk	殃	66
mnle	殔	20
mnlmc	殨	66
mnlmi	蛩	57
mnlmo	㱮	66
mnln	列	77
mnlq	肂	20
mnma	瓸	63
mnmbc	頂	52
mnmbo	顶	52
mnmem	殛	66
mnmhm	㱹	0
mnmni	㱛	0
mnmr	䂬	0
mnmvm	殌	20
mnmvn	㼗	0
mnmvn	㼦	0
mnmvs	㱙	0
mnmwg	甅	20
mnmwm	殭	20
mnn	㐉	0
mnne	歿	66
mnnl	邒	0
mnnwf	鮤	20
mnoah	殤	66
mnogd	㱷	0
mnohh	殄	66
mnoim	殲	66
mnoiv	飱	20
mnomm	殓	66
mnomo	殮	66
mnonh	殇	66
mnp	死	786
mnp	恐	473
mnp	𢢭	20
mnp	㤠	0
mnpa	殉	66
mnpg	㘸	0
mnphh	歾	66
mnptd	殜	66
mnpu	瓲	20
mnpym	䴕	51
mnq	㧬	20
mnqkd	殝	0
mnqmc	㱴	0
mnqo	㠫	0
mnqo	巬	0
mnr	可	958
mnrbc	殞	66
mnrbo	殒	66
mnrn	㐓	0
mnrpa	㱪	0
mnrrj	殫	66
mnryo	跫	55
mnsj	聓	0
mnsrj	㱸	0
mntct	㱲	0
mntlj	鞏	189
mntlm	殣	66
mnumt	㱯	0
mnup	㤪	0
mnv	姴	20
mnw	㽝	0
mnwg	瓼	63
mnwlj	殬	0
mnwmv	㱬	0
mnwot	殟	20
mnyed	殩	0
mnyfu	殧	20
mnyhv	裂	536
mnymu	䶛	0
mnynq	㱻	0
mnyo	㱜	0
mnypt	㱺	0
mnyt	㱞	0
mnytr	殕	20
mo	仄	79
moau	豝	56
moav	豤	20
mob	丙	80
mobhu	觋	57
mobjj	䝍	0
mobm	豠	0
mobt	䀃	0
mobuu	覡	57
mobuu	䚖	0
mobvk	豯	20
moeee	䝌	0
mof	燹	63
mog	㕍	0
mog	䝅	0
mogbt	豷	56
mogc	贋	56
mogf	㷳	20
mogo	赝	56
mohaf	鵐	51
mohaf	鷢	20
mohaf	䴒	0
mohf	鴈	20
mohmu	䝈	0
mohne	豛	0
mohoo	豵	56
mohqm	甤	0
mohsn	豟	20
mohui	䰱	0
moijb	豧	0
moin	㕂	0
mojka	豬	350
mojlo	䝊	0
mojmf	䝋	0
mojtc	豶	56
mojto	豮	56
moju	厒	20
mok	攻	68
mokkb	豨	56
molii	蟸	0
mollv	䝏	20
molmi	蟨	57
moln	劂	77
momgi	㻹	0
momhf	豲	20
momo	厱	0
momr	㕉	0
momso	豩	20
momt	豜	56
monlb	䝐	0
moo	巫	72
moob	两	878
moog	雁	53
mook	𢽴	20
mopr	豞	56
mopu	豘	0
mopym	鹀	51
morye	豭	56
moryo	蹷	20
moseo	䝒	0
mosjj	䝕	0
motrg	䝔	0
moumb	䝎	20
movvv	䝓	80
mow	㐁	0
mowot	豱	56
moycb	豴	0
moyjj	豣	56
moytg	䝑	0
moyvo	豥	20
mpbuc	貮	20
mpbuu	䚕	0
mphaf	鸝	51
mphhh	彲	71
mpks	㱝	0
mpmm	弐	20
mpnl	酈	54
mpno	㰷	0
mpylm	武	66
mr	石	570
mrahm	䃏	0
mramh	碭	61
mrami	碍	248
mramo	碮	0
mrana	磵	61
mranb	礀	61
mranw	䃹	0
mrapp	䃂	0
mrapv	碣	61
mrav	硍	61
mravf	礘	0
mrbb	硼	61
mrbbb	磆	20
mrbbm	𥑬	20
mrbbr	碢	20
mrbf	䂹	0
mrbgr	碉	61
mrbhu	砚	269
mrbhx	𥔿	20
mrbj	鞷	20
mrbl	鬲	51
mrbm	砠	61
mrbmr	硐	61
mrbof	磜	61
mrbou	磘	20
mrbq	砽	20
mrbsd	碀	20
mrbtu	碙	20
mrbtv	䃃	0
mrbuc	𧵔	20
mrbuu	硯	269
mrbvk	磎	61
mrby	砃	61
mrc	𥐙	20
mrc	碒	0
mrcno	䃢	0
mrcor	硲	20
mrcru	䂱	0
mrcsh	砏	20
mrcwa	磳	20
mrcwj	䃅	20
mrd	䂞	0
mrdam	碴	61
mrdci	硹	20
mrdd	碄	20
mrddo	礎	61
mrdhe	破	61
mrdj	砞	20
mrdk	砄	61
mrdm	砵	61
mrdoo	䂾	0
mre	泵	65
mre	砅	61
mrea	䂿	20
mreed	磉	61
mrei	䂘	0
mresd	磲	61
mrfb	硝	328
mrfbq	礃	0
mrfbw	礑	20
mrfdq	磷	331
mrfdr	𥕝	20
mrfff	礯	20
mrffs	磱	20
mrfh	砂	61
mrfmu	硄	20
mrgce	碐	0
mrgg	硅	327
mrggu	磽	61
mrgi	砝	61
mrgis	䂶	80
mrgit	磕	61
mrglc	硳	0
mrgr	硈	20
mrgrr	礂	20
mrgsk	磝	20
mrha	砶	0
mrhab	䃇	0
mrhaf	䲽	0
mrhbk	礇	20
mrhdn	䂰	0
mrhdw	磻	61
mrheq	䂫	0
mrher	硌	61
mrhet	䃲	0
mrhey	䂢	0
mrhgr	硞	20
mrhhj	碑	170
mrhhw	磂	0
mrhi	磈	61
mrhio	砭	61
mrhjd	硃	402
mrhje	碫	61
mrhjm	硾	61
mrhjp	䂷	0
mrhju	碷	0
mrhkb	礄	61
mrhkl	硚	61
mrhl	厛	0
mrhlc	礩	20
mrhml	斫	68
mrhml	㪼	0
mrhmy	䂨	20
mrhn	矶	61
mrhn	𥐥	20
mrhne	砓	20
mrhni	矾	61
mrhni	碸	61
mrhnk	砜	61
mrhoo	磫	0
mrhp	矺	20
mrhpa	碈	61
mrhpm	砥	61
mrhq	㸴	0
mrhqi	硪	61
mrhrf	䃖	0
mrhs	砟	61
mrhsb	碥	61
mrhse	磤	61
mrhsk	礉	20
mrhsn	砨	20
mrhuc	礸	20
mrhvd	砾	61
mrhwk	硇	61
mrhwp	磇	20
mrhxc	礖	20
mrhxf	磶	0
mrhye	䃑	0
mrhyu	磃	20
mri	矿	104
mri	䂝	0
mriav	硠	20
mribi	磗	20
mridr	礳	20
mridy	䃺	20
mrie	砯	61
mrig	䂯	0
mrihf	磩	20
mrihr	碱	51
mrii	碊	0
mriih	磣	61
mrikf	䃣	0
mrikh	碜	61
mrilr	磄	20
mriod	䃯	0
mrip	㢦	0
mrirm	䂸	0
mrirp	䃭	0
mrism	𥔱	20
mritc	礦	104
mriuh	硥	20
mrixp	䃙	0
mrjbc	磌	20
mrjbf	䃰	0
mrjck	䃐	0
mrjcm	硿	20
mrjdk	䃝	0
mrjhr	碦	0
mrjii	磚	180
mrjim	䃱	0
mrjkd	硣	0
mrjki	硡	0
mrjkp	硓	20
mrjlv	䃀	0
mrjmc	礗	61
mrjmf	碂	0
mrjmm	碹	20
mrjmo	碇	67
mrjnu	碗	195
mrjp	砣	61
mrjpu	硗	61
mrjqr	磍	20
mrjr	𥑮	20
mrjrr	䃔	0
mrjwj	硨	61
mrkk	䂚	0
mrkkk	磢	20
mrklu	硽	0
mrkmr	碕	20
mrknj	砕	61
mrknn	䃎	80
mrkoo	硤	61
mrkq	砗	61
mrks	劯	0
mrksr	𥑆	20
mrkt	硖	61
mrlln	砩	61
mrlmo	䂪	0
mrln	㔏	0
mrln	矵	0
mrlq	硉	20
mrlwl	砷	61
mrlx	䃤	0
mrm	矼	61
mrmbb	礝	61
mrmbb	䃻	0
mrmbc	碩	79
mrmbc	䫊	0
mrmbc	䫷	0
mrmbg	礭	20
mrmbk	碝	61
mrmbo	硕	79
mrmbo	䂵	0
mrmbs	𥗠	20
mrmbu	礵	61
mrmbw	礌	61
mrmcw	硒	61
mrmfj	砰	61
mrmgi	砡	20
mrmgt	硦	20
mrmhm	礰	0
mrmj	矸	61
mrmjj	硏	61
mrmlk	硬	372
mrmlm	䃁	0
mrmmi	𥐯	20
mrmms	砺	61
mrmn	矴	20
mrmnr	砢	61
mrmpm	碔	61
mrmr	砳	61
mrmrb	䃒	0
mrmrr	磊	61
mrmso	硺	20
mrmsu	砈	61
mrmt	研	61
mrmtb	礪	61
mrmtn	硎	61
mrmu	矹	20
mrmua	䃡	0
mrmvb	磭	61
mrmvh	砑	61
mrmvm	硜	61
mrmvn	砙	0
mrmwf	磦	0
mrmwg	䃌	0
mrmwj	磹	61
mrmwm	礓	61
mrn	乭	20
mrnbg	确	61
mrncr	䃫	0
mrnd	矷	61
mrnf	䂧	0
mrnhe	砐	20
mrni	矽	61
mrnib	硧	0
mrnin	䂛	0
mrnkv	硟	0
mrnl	郚	54
mrnl	酃	54
mrnl	䂙	0
mrnmu	硊	20
mrno	砍	544
mrno	歌	66
mrno	㰤	0
mrnom	硁	61
mrnot	磴	61
mrnqd	磔	61
mrnr	哥	75
mrnri	䃨	0
mrnsh	砀	61
mrnvm	码	61
mrobg	確	61
mrodi	䂤	0
mrog	碓	61
mrogd	磼	20
mrogf	礁	261
mrohh	䂦	0
mroii	砱	20
mroim	䃸	20
mroin	砛	0
mroip	䂼	0
mrok	敔	68
mrok	䂠	0
mroll	砎	20
mrom	砼	61
mrom	䂡	0
mromb	碖	20
mromd	硢	20
mromg	硂	20
mromm	硷	61
mromn	䃋	0
mromo	礆	61
mromr	硆	0
mron	矻	61
mroog	䂳	0
mropd	砤	0
mrp	䂗	0
mrp	厑	0
mrpko	礙	248
mrpp	砒	61
mrppa	䃈	20
mrpru	砲	20
mrpsh	砌	61
mrptd	碟	417
mrpu	砘	61
mrqhk	碶	20
mrqj	䂜	0
mrqmb	碃	61
mrqmc	磧	61
mrqmo	碛	61
mrqmy	碡	61
mrqni	砖	180
mrqo	砆	61
mrqo	㠬	0
mrrbc	磒	20
mrrpa	䃉	80
mrrrj	磾	20
mrrrk	礹	20
mrrvp	䂥	0
mrrye	碬	61
mrryo	𨀂	20
mrsec	礥	20
mrseg	䃘	20
mrsfb	碿	0
mrsfk	礮	61
mrsit	礛	20
mrsk	𥐰	20
mrslb	砸	61
mrsma	磖	61
mrsmh	磟	20
mrsmv	䂻	20
mrsqf	碼	61
mrsrj	礔	20
mrsrr	𥕥	20
mrstv	碾	61
mrt	豆	289
mrta	碏	61
mrtav	礍	0
mrtbc	碘	61
mrtbf	礤	61
mrtbk	䃟	20
mrtbm	䃊	0
mrtbo	礞	61
mrtc	硔	20
mrtcd	礏	0
mrtcg	𥕛	20
mrtei	礴	61
mrtgi	礒	20
mrtgo	𥖄	20
mrtgr	磰	20
mrtgt	礚	61
mrtii	礡	20
mrtju	𥕜	20
mrtk	砹	61
mrtlf	𥗕	20
mrtlk	碤	20
mrtmc	磺	61
mrtmc	䃆	0
mrtmv	碪	20
mrtn	㐙	0
mrtop	硴	20
mrtov	礢	0
mrtpo	䃍	0
mrtqm	磋	61
mrtrg	礶	20
mrtst	礷	0
mrtt	硑	61
mrttb	䃓	0
mrttc	碰	357
mrtv	䜳	0
mrtvi	磁	61
mrtvi	𥔵	20
mrtvp	礠	0
mrtvs	磡	61
mrtwa	𥕢	20
mrtwi	礣	20
mrtwi	𥖁	20
mrtwk	磸	0
mrtwv	䃩	0
mrtxc	磏	20
mrtyv	硭	61
mrubb	磞	20
mruhi	䃬	0
mrumf	碳	61
mrumj	硸	0
mrumr	碋	0
mrumt	磑	61
mruob	磮	20
mruog	磪	61
mruon	硶	0
mrusu	硙	61
mruu	础	61
mrven	䃗	0
mrvid	礫	61
mrvii	磯	61
mrvne	碌	61
mrvvv	䃳	0
mrvvw	碯	61
mrw	畐	0
mrwd	硱	20
mrwd	䂺	0
mrwhd	碅	20
mrwk	䂩	0
mrwlj	礋	0
mrwmv	碨	20
mrwr	硘	0
mrwvf	磥	61
mrwww	礧	61
mrwyc	𥖏	20
mrwyi	砪	20
mryaj	䂽	0
mrybb	碲	61
mrybc	碵	20
mrybp	礲	20
mrybs	磅	61
mryck	䂭	0
mrycv	磙	61
mrycv	𥕦	20
mrydk	礅	61
mrye	㪃	80
mrye	㪮	0
mryg	砫	61
mrygq	䃮	0
mryhn	砊	0
mryhr	磓	20
mryiu	硫	332
mryjj	䃛	0
mryk	砇	20
mrylc	硛	0
mrylm	砋	0
mrymp	䂣	0
mrymr	䂴	20
mrynv	䃷	0
mryoj	碎	535
mryr	砧	428
mryra	䃴	0
mryrb	碻	61
mryrf	䃄	0
mryrn	碠	20
mrysk	䃚	0
mryso	䃠	0
mrysv	䃵	0
mryt	砬	61
mrytg	䃥	0
mrytj	𥕞	20
mryto	礈	0
mrytr	碚	61
mrytu	磀	0
mryvo	硋	20
mrywi	磠	61
mrywk	硵	61
mrywm	䃪	0
mrywv	䃶	0
ms	万	731
msgp	㕔	0
msh	㓛	0
mshaf	䲾	0
mshjg	𩅞	20
msho	豕	56
msko	豖	56
msks	励	77
msl	卭	20
mslmi	虿	57
msnl	鄠	54
msok	攷	20
msp	㤍	0
msqo	巭	0
msryo	趸	55
msu	厄	76
msv	𠩐	20
msv	㚽	0
msymr	䛒	0
mt	开	922
mt	幵	71
mta	厝	76
mta	晉	20
mtamo	䜻	0
mtavf	䝃	0
mtbt	㿼	0
mtbuu	䙹	0
mtc	亚	594
mtch	严	75
mtcl	厮	76
mtcp	䴡	0
mtdhe	䜵	0
mtdl	䜹	0
mtfd	䊙	0
mtgi	㕒	0
mthaf	鳽	51
mtheq	䜶	20
mthhh	形	605
mthhj	豍	56
mthhw	䝀	0
mthqu	毭	0
mtje	豉	56
mtjnu	豌	56
mtlm	厪	76
mtln	刑	77
mtm	豇	56
mtmbc	頭	897
mtmvn	㼛	0
mtnl	邢	54
mtnl	郖	20
mtno	㰢	0
mtno	㰯	0
mtog	雃	20
mtoge	䝄	20
mtomn	䜽	0
mtq	揅	69
mtshu	䜸	0
mtsme	䜷	0
mtsmm	䍾	0
mtta	䜺	0
mttxc	豏	56
mtuo	厥	76
mtwb	厲	76
mtwgf	䵤	0
mtye	䜴	0
mtyj	㪷	0
mtyta	䜾	0
mu	兀	78
mu	兀	0
mua	朁	67
muali	蠶	572
mub	襾	57
mudi	㝴	0
muf	炁	64
muhaf	鸘	51
muhaf	䲮	20
muhaf	䲫	0
muhaf	䲶	0
muhe	夏	472
mui	戛	70
muir	兘	78
mukll	奡	73
mulmi	虺	57
muln	刓	77
muln	㓰	0
mumbc	頑	52
mumbc	䪲	0
mumbo	顾	540
mumg	㒬	0
mumg	尫	0
mumrb	鬵	51
mumso	豗	56
mumso	㒮	0
mumvu	兓	0
munl	邧	54
munmu	卼	76
mup	㤅	80
mupym	鹴	51
musmm	𦒘	20
musmt	尶	72
muw	画	648
muyj	㪴	0
mv	匚	77
mv	匸	77
mva	㫳	0
mvb	脣	20
mvdh	牙	270
mvdi	辱	300
mvdo	㸦	0
mvhaf	䳩	0
mvhne	㲀	0
mvku	旡	68
mvl	㔿	0
mvlmi	蜃	57
mvmbc	䫃	0
mvni	瓦	117
mvnl	䣅	20
mvnm	互	79
mvno	㰮	0
mvok	敐	0
mvoma	䢈	0
mvphh	覅	57
mvr	唇	671
mvs	丂	80
mvvg	坙	0
mvvm	巠	72
mwabt	醖	54
mwahm	醒	54
mwaj	覃	57
mwamo	醍	54
mwapp	醌	54
mwate	䤖	0
mwbdi	酹	54
mwbhu	䩄	52
mwbm	䣯	0
mwbmr	酮	54
mwbnd	酻	0
mwbo	贾	87
mwbuc	賈	87
mwbuu	靦	52
mwbwi	釂	54
mwcmt	䤈	80
mwcsh	酚	54
mwd	栗	581
mwdd	醂	54
mwdhe	䩅	0
mwdi	酎	54
mweee	醊	54
mwf	䙳	0
mwfd	粟	311
mwff	醈	0
mwg	厘	76
mwg	垔	74
mwgg	㕓	20
mwgg	䙵	0
mwgit	醘	0
mwgni	醻	20
mwhaf	鶝	20
mwhbv	䙶	0
mwhd	酥	54
mwhd	䅇	0
mwher	酪	54
mwhgf	醺	54
mwhgr	酷	54
mwhgu	酰	54
mwhi	醜	495
mwhio	覂	57
mwhjd	䣷	0
mwhjr	䣶	0
mwhne	酘	20
mwhoe	覆	57
mwhqu	酕	54
mwhs	酢	54
mwhsk	覈	20
mwhxe	醙	20
mwi	䣬	0
mwiav	酿	224
mwice	酸	54
mwidd	醾	54
mwidd	䩋	0
mwidf	醿	0
mwidy	釄	20
mwihr	醎	20
mwii	醆	54
mwiih	醦	0
mwijb	酺	54
mwijb	䩉	0
mwik	䣭	20
mwikk	䣮	0
mwiku	𨠄	20
mwill	酬	383
mwilr	醣	54
mwilw	疈	0
mwip	䣧	0
mwit	䣲	0
mwive	酦	54
mwjb	䣪	0
mwjbm	䣾	0
mwjcs	醡	54
mwjdi	酧	20
mwje	䣫	0
mwjfe	䤇	0
mwjka	醏	20
mwjkd	酵	54
mwjnu	䩊	0
mwjp	酡	54
mwjr	酤	54
mwjrb	醐	54
mwk	䙲	0
mwkb	酭	0
mwkcf	䩍	0
mwki	酞	54
mwklu	醃	20
mwknj	酔	20
mwkrt	醢	54
mwks	勔	77
mwks	𠡳	20
mwks	䣦	0
mwksu	䙴	0
mwl	㕅	0
mwlbu	酖	54
mwlii	蠠	20
mwlkt	醠	20
mwlmc	靧	0
mwln	副	386
mwlut	醓	54
mwlyq	䤏	0
mwmbb	醹	54
mwmbr	醽	54
mwmd	酑	20
mwmdt	䣿	0
mwmf	㶾	0
mwmj	酐	54
mwmm	畺	62
mwmmf	票	61
mwmmi	酝	54
mwmmp	釃	54
mwmmu	酛	0
mwmn	酊	54
mwmnr	酠	20
mwmrw	㽬	0
mwmth	酽	54
mwmua	䤐	0
mwmvn	㽌	0
mwmwf	醥	20
mwmwj	醰	54
mwmwl	䤄	0
mwmww	靐	52
mwmww	䨻	0
mwnhb	䤎	0
mwnir	酩	54
mwnob	醑	54
mwnoe	醱	54
mwnok	䤆	20
mwnop	醗	20
mwog	醀	20
mwogf	醮	54
mwogf	䩌	0
mwoi	䣹	0
mwoik	覄	0
mwoim	䤘	0
mwoin	䩂	0
mwoir	䣻	0
mwoir	䤌	0
mwomd	酴	54
mwomg	酫	0
mwomn	䤅	0
mwomo	醶	20
mwomo	䩎	0
mwos	䩆	0
mwowy	酶	54
mwowy	䩈	0
mwp	䣥	0
mwpa	酯	54
mwpd	酏	54
mwpht	䤉	0
mwpi	酌	321
mwpou	醄	54
mwpp	䩃	0
mwpr	䣱	0
mwpru	靤	20
mwpu	䣩	0
mwqo	酜	20
mwqu	䣨	0
mwr	靣	52
mwrb	䣺	20
mwrhg	酲	54
mwrrk	釅	54
mwsj	䣵	0
mwsmh	醪	54
mwsmr	䣳	20
mwsrr	醧	20
mwss	䣰	0
mwsu	配	54
mwta	醋	338
mwtbo	䤓	0
mwtco	醭	54
mwtjb	覇	20
mwtjf	覊	20
mwtjr	覉	57
mwtkr	䤀	0
mwtlb	䤍	0
mwtlf	醼	20
mwtm	酣	54
mwtmc	䤑	20
mwtmd	䤂	0
mwtmv	䤁	0
mwtog	醛	54
mwtqm	醝	54
mwtsj	䤊	0
mwtwa	醩	20
mwtwi	䩏	0
mwtwt	醴	54
mwtwv	醲	20
mwuk	酗	54
mwuku	䣴	0
mwv	要	969
mwvib	酳	20
mwvid	䤕	0
mwvii	䤒	0
mwvne	醁	54
mwvoi	䤙	0
mwwlj	醳	54
mwwot	醞	54
mwycv	醸	20
mwyfd	醚	54
mwyiu	酼	20
mwyj	酙	20
mwyl	面	915
mwyoj	醉	54
mwypo	醵	54
mwyr	酟	20
mwyr	䩇	0
mwyra	醕	0
mwyrd	醇	54
mwyrf	䣼	0
mwyrv	釀	224
mwyta	䤃	0
mwytp	醷	20
mwytr	醅	54
mwyub	醨	54
mwyut	醯	54
mxye	敮	0
my	下	957
mybp	龎	51
myhn	颪	20
myhv	㕈	0
mylf	焉	64
mylm	正	862
mym	㠪	0
mymu	㒫	0
mymu	兏	0
myn	乤	0
myo	𤴓	20
myp	忑	71
mypt	𠫂	20
myt	㕇	0
mytj	厗	76
myvs	丐	80
myye	㪪	0
n	弓	71
na	𣄽	20
nahu	免	78
napo	象	715
nau	色	770
nau	弝	71
nbam	觛	20
nbami	䚟	0
nbamo	䚣	0
nbapp	䚠	0
nbb	弸	71
nbbue	敻	68
nbbue	夐	20
nbbue	𢿌	20
nbc	䥸	0
nbci	䚗	0
nbcwj	觯	56
nbd	㯐	0
nbdk	觖	57
nbdl	觫	56
nbdoo	䚞	0
nbf	烉	64
nbfdq	䚬	0
nbfh	觘	0
nbfmu	觥	56
nbg	角	360
nbg	墮	74
nbgg	觟	20
nbhaf	鷸	51
nbher	觡	57
nbhgu	䚚	0
nbhkb	䚩	0
nbhpm	觝	57
nbhq	𧣈	20
nbhqr	䚛	0
nbhqu	氄	66
nbhvo	觚	57
nbhvp	觗	0
nbhwj	䚜	0
nbhxu	觬	20
nbhyu	䚦	0
nbi	㦷	0
nbije	觩	56
nbjka	觰	20
nbk	奐	73
nbkmr	觭	56
nbks	勇	346
nbks	觔	57
nblmi	触	56
nbln	劀	77
nbln	㓩	0
nbmam	䚙	0
nbme	觨	20
nbmgi	瓕	20
nbmvn	㼧	0
nbnbe	觼	56
nbnhe	觙	20
nbnme	觮	0
nbnmm	䚥	0
nbnmu	觤	20
nbnoe	䚨	0
nbo	负	56
nboah	觴	56
nbogs	𧤤	20
nbogs	觹	0
nbonh	觞	56
nboo	𧢲	20
nbop	隳	53
nbp	恿	70
nbptd	䚢	0
nbpym	鹬	51
nbrrj	觶	56
nbshq	解	727
nbsmh	䚧	0
nbtgq	觲	20
nbtlc	觵	56
nbtlf	觾	56
nbtq	觧	56
nbtrg	䚭	0
nbu	嶞	72
nbuc	負	56
nbue	彏	20
nbuob	觿	56
nbuos	觽	56
nbv	㜷	0
nbvid	觻	20
nbvl	觓	20
nbwlb	䚤	0
nbwli	觸	56
nbwlv	䚪	0
nbwp	䚡	20
nbye	㪌	0
nbyj	斛	68
nbymr	䜐	0
nbyoj	䚝	0
nbytj	觪	0
nc	小	950
ncwj	弹	360
ncymr	詹	56
nd	子	980
ndbcv	孾	0
ndbt	孟	73
ndbuc	孭	73
ndf	孙	73
ndgrr	㝆	0
ndhaf	鶔	20
ndhe	㢰	0
ndhvf	孫	73
ndhvo	孤	73
ndir	孡	0
ndjmf	孮	20
ndlmt	孻	20
ndln	刴	77
ndmbb	孺	73
ndmlm	孲	20
ndnau	㝃	20
ndnbc	𡥼	20
ndnd	孖	73
ndnda	孴	20
ndndd	孨	73
ndnin	㜿	0
ndok	孜	73
ndoll	㜾	0
ndp	孞	0
ndpru	孢	73
ndqhl	㝂	0
ndr	𡥄	20
ndtlb	𡦖	20
ndu	孔	73
ndwyi	𣫮	20
ndymr	𡥪	20
ndyvo	孩	845
ne	氹	65
ne	氶	20
nef	焏	0
neg	𡍵	20
nehaf	䲯	0
neln	剥	360
neln	㔇	0
nem	丞	80
nemb	脀	20
nemf	烝	64
nemsu	卺	72
nemsu	巹	20
nesd	㣄	0
neu	㞼	0
nf	尔	855
nfaa	鯧	51
nfabt	鰛	51
nfagi	鰣	51
nfahm	鯹	0
nfail	鯽	51
nfaja	鱪	0
nfam	䱇	20
nfamh	鰑	0
nfamo	鯷	51
nfaph	鯣	20
nfapp	鯤	51
nfasm	鰨	51
nfau	䰾	80
nfawe	鰻	51
nfb	弰	71
nfbbb	䱻	20
nfbbe	鱫	0
nfbcj	鱡	0
nfbcn	鰂	51
nfbf	㢼	0
nfbgr	鯛	51
nfbjj	鯶	0
nfbm	䱉	0
nfbme	鰀	0
nfbmr	鮦	51
nfbnd	䱐	0
nfbof	鰶	20
nfbou	鰩	51
nfbtv	䱩	0
nfbuu	覙	0
nfbv	鮾	0
nfci	䰸	0
nfcim	䱵	0
nfcnh	鮷	0
nfcru	鮵	20
nfcsh	魵	51
nfcwa	鱛	0
nfdbn	䱨	0
nfdhe	鮍	51
nfdj	䱅	0
nfdlc	䲚	0
nfdln	鯻	0
nfdm	䱁	0
nfdn	粥	337
nfdoo	鯠	20
nfdw	鯟	0
nfdwf	鰊	20
nfefh	鯋	0
nfeii	鰠	20
nfemw	鿐	20
nfemw	䲤	0
nffb	鮹	20
nffba	鱨	20
nffd	䱊	0
nffdq	鱗	223
nfffs	䲏	0
nffh	魦	51
nffqu	䱧	0
nfg	𩵚	20
nfgce	鯪	51
nfgcg	鯥	51
nfgfo	䲌	0
nfgg	鮭	51
nfggu	鱙	20
nfgi	魼	20
nfgit	鰪	0
nfgni	䲖	0
nfgr	鮚	51
nfgrr	鱚	20
nfgyo	鯐	0
nfha	鮊	51
nfhae	鰁	51
nfhaf	鷠	0
nfhag	鰉	51
nfhal	䲙	0
nfhbn	鯯	0
nfhd	穌	61
nfhdd	鯚	20
nfhdf	鰍	51
nfhdn	鯏	20
nfhdv	鯘	0
nfhdw	鱕	20
nfhe	魬	51
nfher	鮥	20
nfhey	鮗	20
nfhgr	鯌	0
nfhhw	鰡	20
nfhir	鱵	51
nfhjd	鮢	20
nfhje	𩹨	20
nfhjg	䱰	0
nfhjr	䲘	80
nfhkb	鱎	20
nfhml	䰺	0
nfhmr	鮜	51
nfhon	䲗	0
nfhor	鯦	20
nfhp	魠	20
nfhpl	鮣	51
nfhqm	鮏	20
nfhqo	䱃	0
nfhqu	魹	0
nfhrb	鰤	20
nfhrf	鰞	0
nfhs	鮓	51
nfhvf	鯀	51
nfhvo	䱄	0
nfhwj	䱝	0
nfhxc	鱮	51
nfhxe	䱸	0
nfhxh	鯓	20
nfhxu	鯢	51
nfi	䰹	0
nfice	鮻	51
nfidd	䲈	0
nfihm	鯳	0
nfihr	鰔	20
nfihs	鯎	0
nfihv	鰄	20
nfii	䱠	0
nfiih	鰺	51
nfijb	鯆	51
nfije	鯄	20
nfikh	鯵	20
nfikk	鮁	51
nfiku	魷	51
nfilb	鱅	51
nfile	鱇	20
nfir	鮐	51
nfirm	䱛	20
nfirp	鱤	51
nfis	魲	0
nfisb	鯿	51
nfisk	𩸭	20
nfivl	䱶	0
nfjb	䰽	0
nfjcr	鰫	51
nfjd	鮇	20
nfjii	鱄	51
nfjjl	䱿	0
nfjka	鯺	0
nfjkp	鮱	0
nfjks	鮳	0
nfjmf	鯮	51
nfjmg	鰘	0
nfjmm	鰚	0
nfjmu	鯇	51
nfjp	鮀	20
nfjpa	鰭	222
nfjr	鮕	20
nfjrb	鰗	20
nfjtc	鱝	51
nfjv	鮟	20
nfkb	鮪	51
nfke	𩵼	20
nfkkb	鯑	20
nfklu	𩸆	20
nfkmb	鰖	0
nfkmf	䱞	0
nfkms	鮬	0
nfkn	鮧	0
nfksr	𩶛	20
nflbk	䱀	20
nflbu	魫	0
nflln	鮄	0
nfllv	䱾	0
nflmo	鮡	20
nflmy	鯡	51
nfln	魝	0
nflw	鮋	51
nflx	鱐	51
nfm	魟	20
nfmam	䱎	0
nfmbb	鱬	0
nfmbl	鮞	51
nfmbm	鱈	51
nfmbm	䱍	0
nfmbw	鱩	0
nfmcw	鯂	0
nfmfj	鮃	51
nfmfl	鰰	20
nfmfm	魾	51
nfmgi	玺	267
nfmgr	鱷	249
nfmlb	魳	0
nfmlk	鯁	51
nfmls	䱖	0
nfmmf	䱈	0
nfmmp	鱺	51
nfmmr	鯃	20
nfmmu	魭	51
nfmn	䰳	0
nfmnr	魺	51
nfmr	鮖	20
nfmrt	䱏	0
nfmrw	鰏	51
nfmtb	鱱	20
nfmto	鱖	51
nfmvm	魱	20
nfmwf	鰾	51
nfmwg	䱳	0
nfmwj	鱏	20
nfmwm	䲔	80
nfnao	鱌	20
nfnau	鮸	20
nfnbq	䲒	0
nfnd	䰵	0
nfndt	鯭	20
nfnff	鱻	20
nfnff	䲜	0
nfnhb	鱊	20
nfnhd	鰇	20
nfnhe	魥	0
nfnhx	䱤	0
nfnib	鯒	20
nfnin	魣	51
nfnjk	䲎	0
nfnkg	䱓	0
nfnkq	鰎	20
nfnkv	鯅	0
nfnlb	䲊	0
nfnmi	鯴	20
nfnmm	鰯	20
nfnmu	鮠	20
nfnob	䱬	0
nfnoe	鱍	20
nfnsd	䱆	0
nfnsd	䱢	0
nfnwf	䲆	0
nfo	魜	0
nfoae	鰒	51
nfob	魶	20
nfod	鮴	20
nfodi	鮒	51
nfog	䱦	0
nfoii	魿	20
nfoik	鮲	0
nfoin	䰼	0
nfoip	鯰	51
nfoir	䱽	20
nfok	䰻	20
nfold	鰷	51
nfolk	䱔	0
nfoll	魪	0
nfoma	鱠	51
nfomb	鯩	20
nfomd	鮽	20
nfomk	鯾	0
nfomo	䲓	0
nfomr	鮯	20
nfon	䰴	0
nfonk	鯸	51
nfop	魤	20
nfopd	䰿	0
nfowy	䱕	0
nfoyk	䲄	0
nfp	愻	20
nfpa	鮨	51
nfpfd	䱡	0
nfph	鮅	20
nfphh	魩	20
nfpi	魡	20
nfpmm	䱭	20
nfpmm	䱴	0
nfpp	魮	0
nfpr	鮈	20
nfpru	鮑	51
nfptd	鰈	51
nfpu	魨	51
nfqhk	䱮	0
nfqhl	䱑	0
nfqj	䰷	0
nfqka	鰆	51
nfqmb	鯖	51
nfqmc	鰿	20
nfqmv	䱪	0
nfqoa	䲋	0
nfqou	䲅	20
nfrau	䱒	0
nfrrd	鱢	20
nfrrj	鱓	20
nfrrs	鰐	565
nfrxu	鱦	20
nfrye	鰕	51
nfsav	鰋	51
nfseg	鰹	51
nfsfi	䲁	80
nfsh	魛	51
nfshr	鮉	0
nfsje	鯫	51
nfsjr	䱟	0
nfsju	鮿	51
nfskr	鮶	51
nfsll	䱌	0
nfsma	鰼	51
nfsmb	鯞	20
nfsme	鮼	0
nfsmi	鱘	51
nfsmm	鮙	0
nfsqf	鰢	0
nfsrr	鰸	0
nfss	鮔	0
nfstv	䱼	0
nfsu	魢	51
nfta	䱜	0
nftc	䱋	0
nftca	䲕	0
nftcl	䲉	0
nftcw	鰌	20
nftgi	䲑	0
nftgr	鱔	51
nftjs	鰳	51
nftkr	鰙	0
nftlc	鱑	0
nftm	魽	20
nftmc	鯕	51
nftoe	鱯	51
nftov	鱶	20
nftq	鮮	72
nftqg	鱃	0
nftqm	䱹	0
nftrg	鱹	20
nftt	鮩	0
nftvi	鰦	51
nftvp	𩼰	20
nftwa	鰽	51
nftwi	鱒	51
nftwi	鱴	20
nftwt	鱧	51
nftwu	䲛	0
nftxc	鰜	51
nftyv	𩷶	20
nfu	䰲	20
nfuce	鯼	0
nfujf	𩻃	20
nfumt	䱺	0
nfvhl	鱜	0
nfvid	鱳	20
nfvis	䱂	0
nfvmi	鱂	0
nfvne	䱚	0
nfvno	䱲	0
nfvvd	䲃	0
nfvvv	鱲	20
nfvvw	鯔	51
nfwg	鯉	567
nfwj	弾	20
nfwjr	鯝	51
nfwl	魻	20
nfwla	鱰	0
nfwlb	鰅	51
nfwle	鰥	51
nfwlv	鱞	20
nfwmv	鰃	0
nfwo	鮂	20
nfwot	鰮	51
nfwp	鰓	51
nfwr	鮰	20
nfybb	𩼣	20
nfybb	䱱	0
nfybs	鰟	51
nfyck	鮫	51
nfydl	䲇	0
nfyfe	䱙	0
nfyhn	魧	20
nfyhr	𩺬	20
nfyhs	魴	51
nfyiu	鯍	0
nfyjj	鰱	51
nfyk	魰	20
nfyle	𩻸	20
nfymf	鮛	20
nfymh	鱥	51
nfymo	鱁	20
nfyoj	䱣	0
nfypk	鰬	20
nfypm	鱋	20
nfyps	䲐	0
nfypt	鱸	51
nfypu	鯱	20
nfyr	鮎	51
nfyrb	鰝	20
nfyrd	鯙	51
nfyrf	鯨	566
nfyso	䲂	0
nfysy	鯲	20
nfyt	𩶘	20
nfytj	鱆	20
nfytv	鯜	20
nfyv	䰶	0
nfyvi	鮌	0
nfywm	鱣	51
nfyx	鱭	51
ng	丑	495
ngi	厾	76
ngmbc	頲	52
ngmbo	颋	52
ngmwm	疆	62
nhate	䂍	0
nhbcr	矞	62
nhbue	矡	0
nhd	柔	447
nhdv	㢻	0
nhe	及	644
nhep	㤂	0
nhfb	矟	62
nhhuc	䂎	0
nhli	虱	57
nhlii	蟊	57
nhlmi	䂈	0
nhlmi	䖥	0
nhnao	䂊	0
nhng	䂇	0
nhnvm	骘	51
nhoii	矝	20
nhoin	矜	62
nhok	敄	0
nhoks	務	77
nhonk	䂉	0
nhpi	䂆	0
nhpm	弤	71
nhs	乃	396
nhsqf	騭	51
nhta	矠	62
nhv	𡛺	20
nhvo	弧	71
nhx	臽	58
nhytg	䂌	0
ni	夕	74
ni	弘	71
ni	龴	0
niail	𡖖	20
nibq	甬	63
nic	䥒	0
nif	㢱	0
nihaf	鵵	51
nihq	犟	63
nihqm	夝	20
nij	㚈	0
nijmc	夤	74
niks	勥	0
nili	強	571
niln	劖	77
ninh	矛	278
nini	多	949
ninii	𠓗	20
ninl	酁	20
ninl	邜	0
ninn	予	79
nioiv	飧	52
niq	舛	58
nir	名	885
nisl	夘	20
nisu	夗	74
nitc	彍	20
niv	婱	20
niwj	圅	0
nixp	麁	51
niy	外	846
niyj	斘	0
niymr	謽	20
niymr	𧥧	20
niyo	癶	62
nj	卂	77
njbc	㣀	0
njg	塦	0
njhaf	鳵	20
njjwp	聼	59
njlii	蝨	20
nk	又	904
nk	夊	74
nk	廴	71
nka	暓	0
nkbcr	𢌡	20
nkbr	㢠	20
nkbu	瞀	62
nkc	鍪	54
nkd	楘	66
nkf	煞	64
nkf	㷺	0
nkg	堥	20
nkha	廹	20
nkhaf	鶩	51
nkhaf	䳫	0
nkhg	廷	71
nkhml	郔	54
nkhym	延	71
nki	戣	70
nki	㢬	0
nklb	㡔	0
nklmi	蝥	57
nklq	建	71
nklw	廸	71
nkmcw	廼	20
nkmrt	䜼	0
nknl	鄈	54
nknvm	骛	51
nknwf	䱯	0
nkog	䨁	0
nkoiv	饏	0
nkp	愗	70
nkp	㤵	0
nkpym	鹜	51
nkrhg	𢌥	20
nksqf	騖	51
nktlj	鞪	20
nku	嵍	0
nkv	婺	73
nkvif	䋷	0
nkvvv	廵	0
nkwr	廻	71
nkwsl	廽	0
nkyv	㢟	0
nl	引	541
nl	弔	20
nl	阝	20
nla	阳	534
nlafu	𨻙	20
nlag	陧	53
nlamh	陽	534
nlamo	隄	20
nlav	限	53
nlavf	隰	53
nlb	阴	53
nlbhf	䧦	0
nlbhx	䧟	20
nlbi	𢏐	20
nlbm	阻	53
nlbmp	隱	53
nlbof	際	53
nlbqr	䧓	0
nlbsp	隠	20
nlbt	盄	20
nlbuu	䧋	0
nlbv	䧌	0
nlcnh	𨹥	20
nlcor	䧍	0
nldhe	陂	53
nldk	䦼	0
nldoo	䧒	0
nldw	陳	53
nldwk	敶	20
nle	阥	0
nlf	阦	0
nlfb	陗	0
nlfbg	隚	0
nlfdq	隣	20
nlfhf	隙	53
nlgce	陵	53
nlgcg	陸	53
nlggu	隢	20
nlgi	阹	53
nlgni	隯	0
nlgsk	隞	53
nlgyo	陡	53
nlhaf	隝	0
nlhag	隍	53
nlhau	﨩	0
nlhbk	隩	53
nlhe	阪	53
nlhej	䧏	0
nlhem	隆	297
nlheq	降	360
nlher	䧄	0
nlhhj	陴	53
nlhhw	𨻧	20
nlhi	隗	53
nlhj	阡	53
nlhjd	陎	53
nlhjg	隀	20
nlhjm	陲	53
nlhlb	𨺲	20
nlhpm	阺	20
nlhqr	䧊	0
nlhrf	隖	20
nlhs	阼	53
nlht	阩	0
nlhta	陹	0
nlhtg	陞	20
nlhwp	䧭	0
nlhxg	隉	53
nlice	陖	53
nlihu	阭	20
nlihv	隇	20
nlii	䧖	0
nlijb	陠	0
nlikp	陇	53
nlikv	䧪	0
nlilb	䧡	0
nlilr	䧜	0
nlirm	䧕	0
nlisn	阸	20
nlj	䦹	0
nljii	䧠	0
nljip	䧥	20
nljka	陼	53
nljmc	䧬	0
nljmo	䧑	20
nljmu	院	640
nljp	陀	53
nljqp	䧮	0
nljtc	隫	0
nljwj	陣	531
nlkb	陏	53
nlkd	陈	53
nlki	䧀	0
nlkmb	隋	53
nlkmm	隓	20
nlkmr	陭	20
nlkms	陓	20
nlkn	䧅	0
nlkoo	陜	53
nlkoo	陝	53
nlkq	阵	531
nlks	阞	53
nlkt	陕	53
nll	䦿	0
nllmc	隤	20
nllmy	陫	20
nlma	陌	53
nlmbb	隭	0
nlmbk	陾	53
nlmbl	陑	53
nlmbv	陋	53
nlmf	阫	0
nlmfb	隬	20
nlmfj	𨸶	20
nlmfm	𨸹	20
nlmlw	䧈	0
nlmmf	际	53
nlmmu	阮	53
nlmmv	陙	0
nlmn	䦺	0
nlmnr	阿	53
nlmob	陃	20
nlmpm	陚	0
nlmrb	隔	53
nlmsu	阨	53
nlmu	阢	53
nlmvm	陘	53
nlmwf	䧣	0
nlmwg	陻	20
nlmym	阷	0
nlnbs	𨺳	20
nlnd	䦻	0
nlnff	䧰	0
nlnhx	陷	537
nlnin	陊	20
nlnin	䦽	0
nlnj	阠	20
nlnjk	䧩	0
nlnla	陥	20
nlnmu	陒	0
nlnom	陉	53
nlnot	隥	20
nlnri	䧯	0
nlnsp	隐	53
nlo	队	612
nloae	䧗	0
nlodi	附	74
nlog	陮	0
nloii	陰	53
nloip	䧔	0
nloll	阶	522
nlomb	陯	20
nlomd	除	465
nlomm	险	53
nlomn	隃	53
nlomo	險	53
nlon	阣	20
nlopd	陁	53
nlosi	隂	0
nlpd	阤	53
nlpfd	陱	20
nlpou	陶	53
nlpp	阰	53
nlppa	階	522
nlppg	陛	53
nlpr	䧁	0
nlqki	陦	20
nlqu	陆	53
nlrb	䧎	0
nlrbc	隕	53
nlrbo	陨	53
nlrd	𨹦	20
nlsav	隁	20
nlshr	䧂	0
nlsje	陬	53
nlsko	陿	0
nlsqf	䧞	0
nlsrj	隦	0
nlsrr	䧢	0
nltc	䧆	0
nltcd	䧨	0
nltco	䧤	0
nltct	隘	53
nltgi	䧧	20
nltgi	䥀	0
nltpo	隊	612
nltt	阱	61
nltxc	隒	53
nlumi	䧝	0
nlumt	隑	20
nluop	䧙	0
nlvno	䧘	0
nlvvd	隟	53
nlw	䧃	0
nlwg	䧉	0
nlwlb	隅	53
nlwmv	隈	53
nlwol	𨺬	20
nlx	彇	0
nlybp	隴	53
nlybs	䧛	0
nlyhm	隡	20
nlyhn	阬	20
nlyhs	防	53
nlyhv	䧇	0
nlyj	阧	0
nlykb	随	582
nlykb	隨	582
nlylh	陟	53
nlylm	阯	20
nlylo	𨺗	20
nlypu	䖎	0
nlyr	阽	53
nlyrb	䧚	0
nlyrd	䧐	0
nlyro	䧫	0
nlyta	隌	0
nlyti	隵	0
nlytj	障	53
nlyto	隧	53
nlytr	陪	53
nlyvo	陔	53
nlyx	隮	20
nm	㢧	0
nm	厃	0
nma	驲	52
nma	㢶	0
nmaa	鲳	51
nmabt	鳁	51
nmadi	鲥	51
nmail	鲫	51
nmamo	鳀	51
nman	弼	71
nmapp	鲲	51
nmasm	鳎	51
nmau	鲃	80
nmawe	鳗	51
nmbg	㣆	0
nmbgr	鲷	51
nmbm	驵	52
nmbmr	鲖	51
nmbn	𢏺	20
nmbn	䰜	0
nmbon	鲗	51
nmbou	鳐	51
nmbwd	彚	0
nmd	弙	0
nmdhe	鲏	51
nmdl	疎	20
nme	驭	52
nmeii	骚	353
nmeq	驿	51
nmfb	彌	71
nmfbi	鲿	51
nmfdq	鳞	223
nmfft	彞	71
nmgce	鲮	51
nmgg	鲑	51
nmgr	鲒	51
nmha	鲌	51
nmhae	鳈	51
nmhag	鳇	51
nmhd	稣	61
nmhdf	鳅	51
nmhed	鲦	51
nmher	骆	51
nmhhw	骝	51
nmhjr	鳤	80
nmhkl	骄	492
nmhmr	鲘	51
nmhpl	䲟	51
nmhqo	𡘓	20
nmhvf	鲧	51
nmhwp	骢	51
nmhxu	鲵	51
nmice	骏	51
nmike	鲅	51
nmikh	骖	51
nmiku	鱿	51
nmilb	鳙	51
nmir	骀	52
nmirp	鳡	51
nmis	驴	342
nmisb	骗	51
nmism	骟	51
nmj	㢨	0
nmjks	鲓	0
nmjmf	骔	51
nmjmu	鲩	51
nmjp	驼	343
nmjpa	鳍	222
nmjpu	骁	51
nmjto	鲼	51
nmjv	䯃	0
nmk	驮	80
nmkb	鲔	51
nmkk	驳	392
nmkmr	骑	360
nmks	劲	360
nmleg	鲣	51
nmlk	驶	52
nmlll	驯	52
nmlmi	蜑	57
nmlmy	鲱	51
nmln	刭	77
nmlpc	骥	51
nmlw	鲉	51
nmlws	骋	51
nmlx	骕	51
nmm	彐	71
nmmbb	骊	51
nmmbl	鲕	51
nmmbo	颈	360
nmmbs	鳕	51
nmmbu	骦	51
nmme	录	71
nmmfj	鲆	51
nmmlk	鲠	51
nmmn	夛	20
nmmnr	鲄	51
nmmr	䃧	0
nmmrw	鲾	51
nmms	㢪	0
nmmto	鳜	51
nmmu	㞪	0
nmmwf	骠	51
nmnhi	鲺	20
nmnib	鲬	20
nmnim	弱	71
nmnmf	鶸	51
nmnmm	骉	51
nmnok	骙	51
nmnsm	驺	51
nmoae	鳆	51
nmodi	驸	52
nmog	骓	51
nmoip	鲶	51
nmok	矦	62
nmomi	鲙	51
nmomm	验	51
nmopj	骅	51
nmos	鲊	51
nmosu	䲝	0
nmpd	驰	52
nmpr	驹	341
nmpru	鲍	51
nmptd	鲽	51
nmpu	鲀	51
nmqka	䲠	51
nmqmb	鲭	51
nmrb	㣂	0
nmrob	䯄	51
nmrr	彁	20
nmrrs	鳄	565
nmseo	骤	51
nmsfi	鳚	80
nmsh	鱽	51
nmsje	鲰	51
nmsje	䯅	0
nmsk	驱	68
nmskr	鲪	51
nmsma	鳛	51
nmsme	骎	51
nmsmi	鲟	51
nmsnd	骣	51
nmsu	危	76
nmtcw	䲡	0
nmtjs	鳓	51
nmtmc	骐	51
nmtoe	鳠	51
nmtq	鲜	72
nmtt	骈	52
nmttr	鳝	51
nmtwi	鳟	51
nmtwt	鳢	51
nmtxc	鳒	51
nmua	㣅	0
nmvm	弳	71
nmvvw	鲻	51
nmwc	驷	52
nmwd	骒	51
nmwg	鲤	567
nmwg	㢾	0
nmwjr	鲴	51
nmwk	骃	51
nmwlf	鳏	51
nmwm	彊	20
nmwmv	鳂	20
nmwn	弻	20
nmwp	鳃	51
nmwvf	骡	342
nmybs	鳑	51
nmyck	鲛	51
nmyg	驻	52
nmyhs	鲂	51
nmyiu	疏	62
nmykl	鲚	51
nmykq	鲢	51
nmyr	鲇	51
nmyrf	鲸	566
nmyrv	骧	51
nmys	鲈	51
nmyt	䲞	0
nmytj	骍	51
nmyvo	骇	173
nmywm	鳣	51
nn	了	997
nn	亇	79
nnbqr	㚋	0
nnd	㮗	0
nngr	夡	0
nnhe	𢎽	20
nnje	㩼	0
nnkf	㷇	20
nnlmc	㚍	0
nnm	孑	73
nnmbc	預	52
nnmbc	䫂	0
nnmbo	预	52
nnmc	㢲	80
nnmrb	鬻	51
nnmrb	𩱳	20
nnmrb	䰞	0
nnnao	豫	56
nnnin	㐨	0
nno	孓	73
nnok	㢸	0
nnom	弪	71
nnp	㥤	0
nnpr	夠	74
nnqo	承	70
nnqo	𠄘	20
nnr	叾	20
nnsl	卶	0
nnsmm	翗	20
nnu	𠙶	20
nnvvu	郺	20
nnwd	㚌	0
nnyvo	㚊	0
no	飞	674
no	久	611
no	欠	66
noam	疍	62
nob	胥	59
nobt	㿿	0
noc	鐆	20
nodi	弣	71
nof	弥	71
nof	灸	64
nof	𤉋	20
nofd	粂	20
nog	墜	74
nog	墬	74
nohaf	䴂	0
nohne	癹	20
nohto	飛	674
nohv	㢳	0
nok	矤	0
noks	勨	0
nolmi	蛋	57
nomj	癷	0
nomk	癸	62
nomku	発	20
nomr	㢵	0
nomrn	凳	292
nomrt	登	62
nonhe	發	938
nonk	㢿	0
nonoo	飝	0
nop	𢝵	20
nopd	㢮	0
noph	𢞵	20
npd	弛	71
npi	㢩	0
npo	张	750
nptd	弽	0
nq	丮	80
nq	𢩦	20
nqd	桀	67
nqg	㘶	0
nqg	㙰	0
nqlmi	蟹	568
nrb	弲	0
nrilo	㗮	0
nrli	强	571
nrmvn	甔	63
nrog	𨿅	20
nrpp	㲋	80
nrppi	毚	66
nrppk	㚟	0
nrrj	彈	360
nrv	娿	0
nrvp	㢯	0
nsbt	盈	62
nsbul	鼐	51
nsc	䥐	0
nsd	檃	66
nsd	争	63
nsd	朶	20
nsdhe	皱	62
nsdj	㭆	0
nse	夃	20
nse	𠃮	20
nsf	尕	72
nsg	埅	0
nshaf	䳱	0
nshr	弨	71
nsj	弭	71
nsjn	㢽	0
nsjr	呄	0
nsk	奦	0
nsll	弬	0
nsm	刍	58
nsmls	戼	0
nsmv	張	750
nsnd	孕	241
nsnin	㚉	0
nsnl	邹	54
nsog	雏	53
nsp	急	71
nsrr	彄	20
nss	弡	0
nsv	㜈	20
ntbh	彅	20
ntbuu	覴	0
nthaf	䳾	0
nthb	㣁	0
nthqu	㲪	0
nti	戤	70
ntks	勐	77
ntln	㔁	0
ntmc	彉	71
ntmvn	㽅	0
ntnl	鄧	54
ntnl	𨜏	20
nu	乙	79
nu	㢫	0
nuab	𡦀	20
nubt	盌	20
nubu	眢	62
nue	函	258
nue	弢	71
nue	弢	20
nuhaf	鴛	51
nuhqu	䶰	0
nui	兔	347
nuje	㩻	0
nuks	勉	77
nulb	㠾	0
nulmi	䖤	0
numbc	頠	20
numbc	顄	20
numvn	㼝	0
nuni	㢷	0
nunl	䣀	0
nup	怨	475
nupym	鸳	51
nusqf	駌	20
nuv	妴	20
nuw	㽜	0
nv	饣	52
nvamg	䭪	0
nvapp	馄	52
nvawe	馒	52
nvbbb	馉	52
nvbv	馁	52
nvdam	馇	52
nvgit	馌	52
nvhbr	饷	52
nvhe	饭	52
nvher	饹	52
nvhg	饪	52
nvhhw	馏	52
nvhk	饫	52
nvhn	饥	52
nvhp	饦	52
nvhqi	饿	52
nvhxe	馊	52
nvibi	馎	52
nvice	馂	52
nvij	饯	52
nvir	饴	52
nvjbd	饽	52
nvjbv	馕	52
nvjpu	饶	52
nvjrr	馆	58
nvlii	䗺	0
nvlmi	蚀	57
nvlmo	馈	379
nvmn	饤	52
nvmrt	饾	52
nvnhx	馅	334
nvno	饮	80
nvnsh	饧	52
nvnuy	馋	52
nvoks	饬	52
nvolb	饰	52
nvomd	馀	52
nvomn	饩	52
nvomr	饸	52
nvpru	饱	52
nvpu	饨	52
nvruc	馔	60
nvsj	饵	52
nvsm	马	782
nvsmr	饲	52
nvtak	馍	336
nvtbk	馓	52
nvtlm	馑	52
nvtqg	馐	52
nvtt	饼	336
nvuu	饳	52
nvwd	馃	52
nvyck	饺	335
nvyhv	饻	20
nw	乪	79
nwbue	𡕷	20
nwf	魚	59
nwfa	魯	51
nwks	勇	20
nwlmi	螴	20
nwlu	亀	79
nwlv	彋	20
nwm	鱼	59
nwma	鲁	51
nwni	㢴	80
nwtj	彃	20
nwu	龟	564
nx	卍	76
nxff	燄	20
nxhaf	鵮	51
nxno	欿	66
nxpym	鹐	51
nxu	龜	564
nybn	㣃	20
nybu	䀤	0
nye	㢭	0
nyk	买	56
nyo	疋	62
nyrd	弴	20
nyrf	弶	71
nyrp	夞	0
nytj	㢹	0
nytv	㢺	0
nyvi	弦	420
o	人	994
oa	㒲	0
oaa	倡	78
oabuu	䚐	0
oahe	复	71
oahu	𠋥	20
oahwj	朇	0
oail	㑡	0
oaln	劊	77
oam	但	912
oamh	偒	0
oamo	偍	20
oan	們	987
oana	僴	78
oanb	僩	78
oanl	鄶	54
oaph	㑥	0
oapp	倱	20
oapv	偈	78
oasm	傝	20
oate	儤	78
oav	佷	79
oavf	儑	20
oawe	僈	20
oayf	𠎠	20
ob	內	744
ob	仴	20
obau	俷	78
obb	倗	20
obbb	傦	20
obbe	僾	78
obbq	僢	0
obch	儩	78
obcn	側	78
obd	倸	0
obf	㷶	0
obg	隺	20
obgb	偁	78
obgr	倜	78
obhaf	鸙	20
obhd	龢	51
obhf	僞	78
obhu	伔	20
obhyu	𧈛	20
obhyu	䶵	0
objj	㑮	0
obkf	㒄	0
obm	伹	79
obmbc	龥	51
obmc	俱	78
obmp	㒚	0
obmr	侗	79
obnd	俘	683
obno	龡	51
obo	肉	59
obof	傺	78
obon	侧	78
obou	傜	78
obp	憊	390
obppa	龤	51
obq	佣	79
obr	㕯	80
obsmm	𦒈	20
obuc	倶	78
obuf	㒡	0
obuu	俔	79
obv	俀	20
obvk	傒	78
obvne	龣	0
obyhn	䶳	0
obyr	㑾	20
oc	仈	79
ocb	佾	79
oci	伀	79
ocim	傟	0
ocip	倊	0
ocnh	俤	78
ocor	俗	79
ocru	侻	20
ocsh	份	79
ocwa	僧	78
od	休	79
odbuc	賲	20
odc	鎥	20
odci	倯	20
odd	㑣	0
oddf	僸	20
oddo	儊	78
ode	叙	354
odf	烋	64
odf	㷛	20
odf	溣	20
odg	堡	360
odh	𠆫	20
odhaf	䳜	0
odhe	佊	0
odhf	鵂	51
odi	付	79
odl	㑛	0
odm	体	807
odmq	偉	78
odnl	䣄	0
odog	雓	20
odog	䨀	0
odoj	𠓼	20
odok	敘	354
odoo	倈	20
odp	怹	70
odp	恷	20
odpm	鸺	51
odrxu	䵹	80
odsmg	糴	60
odt	俫	20
odw	𤲞	20
odw	倲	0
odye	敍	20
odyj	斜	480
oe	仅	78
oe	氽	65
oe	汆	65
oe	㲻	0
oeog	傩	78
oevif	䌓	0
of	伙	690
of	尓	72
of	尒	20
ofb	俏	688
ofbc	償	250
ofbd	㒉	0
ofbf	儻	78
ofbg	㑽	20
ofbi	偿	250
ofbk	僘	0
ofbr	倘	677
ofbu	傥	78
ofbw	儅	78
ofd	籴	60
ofdq	僯	78
ofdv	偻	78
off	倓	78
offd	儝	0
offg	𠐓	20
offn	㒌	0
offs	僗	20
ofh	仯	0
ofhae	㶗	0
ofhaf	鷦	51
ofhaf	鷡	20
ofhqu	㲬	0
ofhu	偗	20
ofj	伞	78
ofln	劁	77
ofmbc	顦	20
ofmu	侊	20
ofmvn	甒	63
ofnl	鄦	54
ofp	您	565
ofpym	鹪	51
ofq	伴	689
ofqf	儯	0
ofqu	倦	389
oft	㑞	0
ofw	畲	62
og	仕	79
og	隹	53
ogbo	赁	56
ogbuc	賃	56
ogbuu	観	20
ogce	倰	20
ogd	集	53
ogd	栠	20
ogdi	侍	79
oge	隻	934
oge	雙	561
ogee	䨇	0
ogf	焦	64
ogf	㶵	0
ogf	㸈	0
ogg	佳	79
oggu	僥	78
oghaf	鶴	556
oghaf	鵀	51
oghaf	䳡	20
oghn	凭	453
oghq	犨	63
ogi	佉	79
ogil	㑢	0
ogivg	雠	56
ogj	隼	53
ogks	勧	20
oglms	雋	53
ogln	剉	20
ogmbc	顀	0
ogmcw	䣸	0
ognhs	隽	53
ogni	儔	78
ogno	歓	66
ogog	雔	20
ogogd	雧	0
ogogg	雥	20
ogogg	𠓾	20
ogogl	䨊	0
ogp	恁	70
ogpym	鹤	556
ogr	佶	79
ogr	售	75
ogr	㘜	0
ogrg	儓	78
ogrr	僖	78
ogrr	𠏼	20
ogsk	傲	687
ogtj	倖	20
ogvif	䋕	0
ogwc	儥	20
ogyc	䧶	0
ogymr	讐	56
ogyrg	讎	56
oh	入	746
oha	伯	360
ohaf	鳰	20
ohag	偟	78
ohbt	侐	79
ohbu	㑑	0
ohbv	侬	78
ohby	侜	79
ohce	傻	684
ohdd	㑧	0
ohdf	偢	78
ohdi	俬	20
ohdn	俐	677
ohdp	僁	20
ohdr	俰	20
ohdv	倭	78
ohdw	僠	20
ohe	仮	20
oheh	俢	0
oheq	佭	0
oher	佫	79
ohew	俻	0
ohey	佟	79
ohfp	僽	20
ohg	任	725
ohgi	𠑥	20
ohgr	俈	20
ohgs	働	78
ohgu	侁	79
ohhh	㐱	0
ohhj	俾	78
ohho	乑	80
ohi	仫	79
ohi	傀	78
ohj	仟	79
ohjd	侏	79
ohjg	偅	20
ohjm	倕	20
ohjr	佸	79
ohju	偱	78
ohjx	偛	20
ohk	仸	20
ohkb	僑	684
ohkl	侨	684
ohlb	偊	20
ohlc	儨	0
ohlo	俽	20
ohml	伒	20
ohn	仉	79
ohnb	佩	79
ohne	伇	79
ohnf	𠏵	20
ohni	偑	20
ohni	𠆩	20
ohnk	㐽	0
ohnn	㑉	0
ohoa	偺	20
ohoi	偫	78
ohoo	傱	20
ohor	倃	78
ohp	仛	0
ohpa	㒐	0
ohpm	低	466
ohq	件	79
ohqi	俄	79
ohqo	佚	79
ohqu	𠇔	20
ohrf	𠌥	20
ohs	作	924
ohsb	偏	331
ohsg	僱	293
ohsk	儌	78
oht	㐼	0
ohuc	儹	78
ohvf	係	360
ohvl	仰	271
ohwp	傯	78
ohxc	㒜	0
ohxe	傁	20
ohxh	㑗	0
ohxu	倪	78
ohxu	㒨	0
ohyu	傂	20
oi	伐	79
oiabt	饂	20
oiai	飠	52
oiamh	餳	52
oiapp	餛	52
oiapv	餲	52
oiar	倉	368
oiav	俍	79
oiav	食	52
oiav	䬶	0
oiawe	饅	52
oiayf	䭘	0
oibbb	餶	52
oibhx	饀	20
oibi	傅	682
oibjj	餫	52
oibm	飷	0
oibmp	䭡	0
oibmr	餇	52
oibp	㑷	0
oibv	餒	52
oice	俊	80
oicnh	䬾	0
oicru	䬽	0
oicyo	餩	52
oid	𠇲	20
oidam	餷	52
oidj	䬴	0
oidl	餗	20
oidm	䬱	0
oieee	餟	52
oifbd	饓	20
oifbg	饄	52
oiff	餤	52
oifq	䬳	0
oig	垡	74
oigbt	饐	52
oiggu	饒	52
oigit	饁	52
oigrr	饎	52
oigte	䵾	0
oihaf	鴒	51
oihag	餭	20
oihbr	餉	52
oihdv	餧	20
oihe	飯	52
oiher	餎	52
oihf	傶	20
oihg	飪	52
oihhl	飹	20
oihhw	餾	52
oihi	餽	20
oihjr	餂	52
oihk	飫	52
oihn	飢	52
oihne	䬦	0
oihon	餰	20
oihp	侂	79
oihp	飥	52
oihpi	䬫	0
oihq	侔	79
oihqi	餓	52
oihs	飵	20
oihs	𠉛	20
oihsb	䭏	0
oihuc	饡	20
oihup	䭒	0
oihxe	餿	52
oii	俴	78
oiibi	餺	52
oiice	餕	52
oiidf	䭧	0
oiidr	饝	20
oiidy	䭩	0
oiif	㒍	0
oiih	傪	0
oiii	餞	52
oiijb	餔	20
oiilr	餹	20
oiiq	䬻	0
oiir	飴	52
oiitc	䭠	0
oiitf	䭖	0
oijb	俌	20
oijbd	餑	52
oijbf	𩟔	20
oijbv	饢	52
oije	俅	79
oijln	䭄	0
oijpn	䭢	0
oijrb	餬	20
oijrr	館	58
oijtc	饙	52
oik	伏	79
oik	仪	78
oikcf	䭜	0
oike	㑓	0
oikf	偽	78
oikjt	餴	0
oikkb	餙	20
oikkb	餚	20
oiklu	餣	0
oikmb	䭉	0
oiks	伪	78
oiku	优	78
oilb	傭	79
oilbk	䬬	20
oilmc	饋	379
oilmi	蝕	57
oilmm	韱	52
oilmo	餆	0
oiln	刽	77
oilr	傏	0
oimbc	領	551
oimbk	餪	52
oimbo	领	551
oimf	䬪	80
oimgi	㺸	20
oimig	䬹	0
oimj	飦	20
oimmu	䬧	0
oimn	飣	52
oimo	佽	79
oimrt	餖	52
oimua	䭙	0
oimvn	瓴	63
oin	今	696
oinc	貪	126
oindo	𡦈	20
oinhx	餡	334
oini	令	600
oinin	䬷	20
oinjk	䭛	0
oinkq	䭈	0
oinl	邻	246
oino	飲	80
oinp	念	75
oinr	含	76
oinri	饞	52
oint	盦	62
oinv	衾	57
oinw	酓	20
oio	飤	0
oioae	𩜲	20
oiohg	餁	0
oiohh	飻	0
oioi	俯	79
oioip	䭃	0
oiok	俟	79
oioks	飭	52
oiolb	飾	52
oioma	䭝	0
oiomd	餘	52
oiomr	餄	52
oion	䬣	0
oiond	餼	52
oionk	餱	20
oiop	㒣	0
oiord	䭋	0
oip	代	792
oip	怤	20
oipc	㒃	0
oipf	儦	78
oipgr	䭇	0
oiph	飶	52
oipkn	䬨	0
oipm	侙	0
oipr	䬲	0
oipru	飽	52
oiptd	䭎	0
oipu	飩	52
oipym	鸰	51
oiqmt	䭍	0
oir	佁	20
oirau	䭂	0
oirb	䬼	0
oirp	㖚	0
oiruc	饌	60
oish	䬢	0
oishr	䬰	0
oishu	䬿	0
oisj	餌	52
oisk	㑦	0
oism	傓	78
oismm	翎	59
oismr	飼	52
oismv	餦	0
oisrr	饇	20
oit	㑘	0
oitak	饃	336
oitbk	饊	52
oitbo	饛	20
oitc	儣	0
oitei	䭦	0
oitgf	餻	20
oitgp	䭐	0
oitgr	饍	20
oitgt	饚	0
oitk	餀	52
oitlk	䭊	0
oitlm	饉	52
oitov	䭥	0
oitpd	䭟	0
oitq	䬺	0
oitqg	饈	52
oitt	餅	336
oitxc	䭑	0
oitys	餝	20
oiumr	𩜠	20
oiumt	䭓	0
oiuob	䭨	0
oiuu	飿	52
oiv	姇	20
oiva	储	314
oivii	饑	52
oivio	䬮	0
oivno	餯	52
oiwd	餜	52
oiwjr	䭅	0
oiwlg	饠	0
oiwlj	䭞	0
oiwmv	餵	20
oiwtj	饆	0
oiyck	餃	335
oiyg	飳	0
oiyhr	䭔	0
oiyhv	餏	0
oiyjj	餠	52
oiylr	䭤	0
oiymh	饖	20
oiynj	䭀	0
oiyr	䬯	0
oiyrv	饟	20
oiytg	䭚	0
oiytk	餸	20
oiytr	餢	0
oiytu	䭗	0
oiyvo	䬵	0
oiywm	饘	20
oiyx	䭣	0
oiyy	飰	52
oj	什	879
oj	午	395
ojb	伂	20
ojbc	傎	78
ojbd	侼	0
ojbj	㑲	0
ojbm	值	78
ojbm	𠊙	20
ojbv	儾	0
ojcm	倥	78
ojcr	傛	20
ojd	佅	20
ojdi	㑏	0
oje	伎	679
ojg	㙦	80
ojhaf	鶽	20
ojhhh	𢒑	20
ojhp	侘	79
ojii	傳	649
ojij	儎	20
ojip	僡	20
ojiq	傤	78
ojjk	僌	0
ojk	仗	79
ojka	偖	20
ojkd	侾	0
ojkf	𠐟	20
ojkp	佬	682
ojks	侤	0
ojlk	使	876
ojln	倳	20
ojlo	倢	78
ojm	伫	79
ojmc	儐	78
ojmf	倧	20
ojmm	𠊿	20
ojmmr	啎	75
ojmn	佇	79
ojmo	傢	959
ojmo	𠉵	20
ojmu	俒	0
ojnu	倇	20
ojoc	傧	78
ojon	𠍅	20
ojp	佗	79
ojpn	儜	78
ojpu	侥	78
ojpu	㑻	0
ojr	估	79
ojrk	做	847
ojrr	倌	78
ojrr	㑸	0
ojsl	厁	0
ojtc	僨	78
ojtg	僿	78
ojto	偾	78
ojty	㒏	0
oju	缶	60
ojv	侒	20
ojwj	俥	20
ok	攵	68
ok	矢	62
ok	㐲	0
okb	侑	79
okbu	䀺	0
okbuu	䂓	0
okc	鋚	0
okcf	僚	78
okcu	傄	0
okcwa	矰	62
okd	㑈	0
oke	伖	0
okf	焂	20
okgr	䂒	0
okgtj	䂔	0
okhae	瀪	20
okhaf	鴙	20
okhaf	𪄴	20
okhby	矪	0
okhdv	矮	295
okhg	俇	20
okhk	矨	62
okhkb	矯	62
okhkl	矫	62
oki	㑀	20
okjt	倴	20
okkb	俙	20
okkk	傸	20
oklb	佈	20
okld	侟	0
oklu	俺	78
okm	佐	79
okmf	倷	78
okmr	倚	680
okmrt	短	62
okms	侉	79
okn	仇	231
okn	侇	79
oknd	𢻯	20
oknj	伜	79
oknl	矧	62
oknn	偧	0
oknwf	鰵	51
oknwm	鳘	51
okog	雉	53
okok	㑵	0
okoo	俠	676
okoog	矬	62
okp	悠	81
okp	慜	70
okpb	僀	0
okq	伡	0
okr	知	881
okr	佑	79
okryo	跾	20
oks	仂	79
okshr	䂏	0
oksr	伽	79
okss	矩	247
okt	侠	676
oktlj	䩦	80
oktoe	矱	62
okuu	䂐	0
okv	㛜	0
okvif	繁	60
okvno	䂕	0
okwlp	矲	20
okymp	䂑	0
ol	个	989
ol	仲	176
olb	㠳	0
olbk	佒	20
oleg	㑠	0
olha	㫦	0
olhaf	䲸	0
olhf	倐	0
olhi	䖺	0
olhw	偹	0
oll	介	79
ollk	敒	0
olln	佛	360
ollp	㖋	0
olmbu	睂	62
olmc	僓	20
olmo	佻	79
olmt	儘	606
olmy	俳	78
olnk	候	741
olno	㰡	0
olob	脩	59
olod	條	703
olof	絛	60
olof	鯈	51
olof	儵	20
oloh	修	78
oloj	鞗	52
olok	倏	78
olok	攸	68
olom	翛	59
olp	𠊞	20
olpb	偝	78
olq	侓	0
ols	们	987
olw	伷	20
olwl	伸	79
olws	俜	79
olwv	僂	78
om	丘	80
om	亼	79
om	仝	79
om	仜	20
om	㒰	0
oma	佰	79
omami	𦉡	20
ombb	儒	686
ombc	㑯	0
ombe	優	78
ombk	偄	0
ombl	侕	20
ombn	俞	79
ombo	㑔	0
ombp	愈	70
ombp	𢜒	20
ombt	侖	79
ombv	兪	78
omc	兵	78
omd	余	79
omd	㐵	20
omdm	伍	79
omdm	儮	20
omdp	悆	70
omdu	峹	72
omdu	嵞	72
omdw	畬	62
omf	伓	20
omfb	儞	78
omfj	伻	79
omfm	伾	79
omfm	佥	78
omfr	俖	20
omg	全	833
omgb	侢	79
omgc	釒	0
omgk	𠊷	20
omgn	倒	78
omgt	㑝	0
omh	乒	80
omhf	傆	0
omi	乓	80
omig	侄	697
omj	仠	0
omjr	舍	69
omjv	钅	20
omky	㒎	0
oml	㐃	0
omlb	倆	334
omlb	𠉴	20
omlk	便	816
omlm	俹	20
omln	剑	399
omlo	㑒	0
omlw	価	20
omm	仁	348
ommf	佘	79
ommi	会	960
ommi	伝	20
ommm	仨	79
ommp	儷	78
ommr	俉	79
ommu	㐾	0
ommv	佞	79
ommv	侲	20
ommvn	㽂	0
omn	气	826
omn	仃	79
omnl	邱	54
omnl	䣃	0
omnn	例	79
omno	歙	66
omnr	何	737
omob	俩	334
omob	㑂	0
omok	敛	68
ompm	倵	78
omr	合	664
omrb	龠	51
omrl	命	774
omrm	翕	59
omro	僉	78
omrp	龕	51
omrp	㥐	0
omrq	拿	567
omrq	搻	20
omrr	樖	20
omrt	弇	71
omrt	盒	62
omrt	侸	0
omru	𥅽	20
omrw	偪	20
omrw	畣	20
omsl	卸	76
omsp	屔	20
omsu	伌	0
omth	俨	78
omtn	侀	79
omu	岳	637
omu	㐳	0
omua	僭	78
omvh	伢	79
omvi	傉	20
omvm	俓	20
omvn	佤	79
omwa	會	960
omwa	㑹	0
omwc	價	79
omwd	傈	78
omwd	僳	78
omwf	僄	78
omwl	偭	78
omwm	僵	78
omwq	僲	0
omwu	僊	20
omwv	偠	20
omye	㪧	0
omyf	傿	78
omym	佂	20
on	乞	79
on	亿	78
on	㐈	0
ona	氜	66
onabt	氲	66
onamh	氱	20
onao	像	810
onau	俛	79
onbc	偩	78
onbhu	觎	57
onbs	𠋀	20
onbuu	覦	57
oncr	儋	78
oncsh	氛	66
ond	仔	360
ondw	氭	0
onf	你	978
onfb	㲵	0
onfd	氣	826
onff	氮	329
ong	𡌅	20
onhaf	鳹	20
onhb	僪	20
onhd	㑱	0
onhe	伋	79
onhey	氡	66
onhqu	毹	66
onhs	仍	450
oni	㐴	0
oni	㒱	0
onib	俑	79
onin	侈	198
onin	伃	20
onir	佲	20
onjk	㒈	0
onjru	氪	66
onjv	氨	66
onk	気	20
onkc	䫛	0
onkg	侹	79
onkl	鄇	54
onkq	健	78
onks	㔕	0
onl	伄	79
onl	氕	66
onl	𠇁	20
onl	㲴	0
onll	氘	66
onlll	氚	66
onlln	氟	66
onln	刉	20
onln	㓱	0
onlwl	氠	66
onmcw	氥	66
onmk	侯	675
onmlm	氬	66
onmob	氞	0
onmtc	氩	66
onmu	佹	79
onmvm	氫	329
onmvn	㼶	0
onnhs	氖	66
onnl	鄃	20
onno	歈	66
onno	㰟	0
onnom	氢	329
ono	㐸	0
onob	氝	66
onob	偦	20
onog	雂	53
onok	㩿	0
onot	僜	78
onp	忥	20
onqd	傑	166
onqmb	氰	66
onri	儳	78
onrp	㖌	0
onrrj	㲷	0
onsd	鿇	20
onsm	㑇	80
ontq	氧	330
onu	氙	66
onvm	㐷	78
onvne	氯	66
onwa	𠐔	20
onwd	𣱣	20
onwk	氤	66
onwot	氳	66
onye	㪁	0
onye	㪂	0
onyvo	氦	66
onywi	㲶	0
oo	从	919
ooa	㫺	80
ooah	傷	78
oob	㐻	0
oobg	傕	78
oobm	俎	79
oobo	肏	59
oof	伱	79
oog	坐	633
oog	倠	20
ooge	夎	20
oogf	僬	78
oogs	㑺	20
oogs	儁	20
ooi	㦰	0
ooic	僋	20
ooii	伶	688
ooin	仱	20
ooip	㑫	0
ooir	傖	78
ooj	仵	79
ookr	倁	0
ooks	伤	78
ool	㑖	0
ooll	价	79
ooln	劍	399
oom	丛	76
ooma	儈	78
oomb	倫	454
oomb	㒢	0
oombc	顩	20
oombu	䁞	0
oomc	㑟	0
oomd	俆	0
oomg	佺	79
oomi	侩	78
oomm	俭	78
oomn	偷	78
oomn	㐹	0
oomo	儉	78
oomr	佮	20
oomv	偸	78
oon	仡	79
oond	㑶	0
oono	歛	66
oono	㰸	0
ooo	㐺	80
ooo	众	62
ooog	侳	20
oooj	傘	78
oook	斂	68
oooo	𠈌	20
oop	伦	454
oorm	㒆	0
oosh	劎	0
ooshi	劒	20
oosj	耸	59
oosk	劔	20
oosu	伧	78
ootf	㒇	0
ootq	儛	0
oou	佡	79
oowy	侮	79
ooye	㪘	0
ooyk	𠍁	20
ooym	㑅	0
op	化	691
op	伈	79
opa	侚	79
opbo	货	56
opbuc	貸	205
opbuc	貨	56
opbue	䦆	53
opbym	䥾	0
opd	他	992
opd	㐌	80
opd	柋	20
opg	垈	74
oph	佖	20
ophh	伆	0
ophms	䥿	0
ophq	牮	63
opi	仢	0
opim	伨	20
opism	䦂	0
opive	䥽	20
opj	华	568
opjiv	䦄	0
opko	儗	20
opkp	偬	78
oplb	帒	20
opmc	傾	377
opmku	䥻	0
opmo	倾	377
opmvh	䥺	0
opo	伥	78
opok	敜	68
opp	仳	79
oppa	偕	78
opphh	䥼	0
opqjl	䦁	0
opr	佝	79
opru	佨	0
opsmm	䦀	0
opt	伳	20
optd	偞	20
optja	䦃	20
opttr	䦅	0
opu	岱	72
opu	伅	20
opuu	㑳	80
opwgf	黛	403
opyhv	袋	57
oq	年	974
oq	㐿	0
oqbu	儬	0
oqd	㑍	0
oqhaf	鵇	0
oqhf	𠎧	20
oqhk	偰	78
oqhl	㑜	0
oqj	仹	0
oqka	偆	20
oqke	傣	78
oqki	俦	78
oqkq	俸	184
oqmb	倩	78
oqmc	債	686
oqmf	傃	20
oqmo	债	686
oqmv	俵	78
oqni	传	649
oqo	伕	79
oqoa	僣	78
oqoc	儧	0
oqs	伟	78
or	㐰	80
ora	智	456
orau	俋	20
orbc	傊	0
orbuc	䝷	0
orc	伿	20
ord	保	647
ordf	䳰	0
ordhe	㿯	0
orhaf	鴿	558
orhaf	鶬	51
orhaf	鵨	20
orhqu	㲛	0
orhr	侶	675
orhu	侃	678
orhu	㑆	0
ori	戧	70
orijb	舖	20
orikp	龛	51
orjrr	舘	20
orln	創	77
orln	㓣	0
orln	㓧	0
orlr	佀	0
ormbc	頜	52
ormbc	頷	52
ormbo	颔	52
ormcw	䣽	0
ormg	侱	0
ormk	俣	79
ormvn	㼨	0
ormwt	盫	0
orn	㐛	0
ornin	舒	513
ornl	郃	54
orno	欱	66
orog	䧻	0
orog	䧾	0
orok	㑨	0
orok	㪉	0
orp	𢜔	20
orpym	鸽	558
orq	㧱	0
orr	侣	675
orrd	僺	0
orrj	僤	20
orrk	儼	78
orrr	偘	20
orrs	偔	0
orrxu	鼅	51
orsj	偮	20
orsmm	䎏	0
oru	㐶	0
oruc	僎	78
orvk	俁	79
orxu	僶	20
orye	假	532
orye	敆	20
oryo	促	237
osav	偃	78
osav	𠍾	20
osd	榘	20
oseg	㒑	0
oset	㒘	0
oshi	仞	79
oshr	佋	20
osim	㒊	0
osj	佴	79
osjj	㒤	0
osjl	倻	78
osjr	倨	78
osju	㑙	0
osk	伊	79
oskr	侰	20
osll	𠈄	20
osm	仺	0
osme	侵	79
osme	㑴	0
osmg	偓	78
osmg	㑌	20
osmg	㒛	0
osmgi	㺱	20
osmh	僇	78
osmr	伺	79
osmt	儖	20
osmv	倀	78
osnd	僝	78
osno	飮	52
oso	伬	20
osoy	侭	20
osp	伲	79
osp	㤰	0
osqf	傌	78
osql	㑚	0
osrj	僻	78
osrr	傴	78
oss	佢	79
osso	㒪	0
ossr	侷	20
ostt	偋	20
osu	仓	368
osuu	倔	78
ota	借	78
otaj	䓥	0
otbc	倎	20
otbg	㒗	0
otbn	偂	0
otc	供	467
otcd	㒒	0
otch	𠊠	20
otcl	㒋	0
otcl	䣏	0
otco	僕	696
otco	僛	20
otcw	偤	20
otdd	橆	66
otf	無	918
otgi	儀	78
otgr	僐	20
othb	備	78
othn	𠍆	20
otif	儰	20
otja	㒂	0
otkr	偌	78
otlk	偀	20
otlm	僅	78
otlo	傼	20
otm	佄	0
otmc	倛	20
otmc	僙	20
otmv	偡	78
otniq	舞	58
otog	儺	78
otpb	僃	78
otpd	僷	0
otq	佯	681
otqm	傞	78
otrk	儆	78
otsj	傇	20
ott	併	824
ottb	傋	20
otw	㑤	20
otw	㑋	0
otwa	傮	78
otwb	㒖	20
otwi	僔	78
otwi	㒝	0
otwn	儚	20
otwt	僼	20
otwt	𥂝	20
otwv	儂	78
otxc	傔	78
ou	仙	685
ou	仚	79
ou	屳	20
ouami	罎	60
oubb	傰	20
oubtu	罁	60
ouce	儍	78
oudk	缺	60
oudm	缽	153
ouf	缹	20
oufbh	𦉘	20
oufbq	罉	60
ouhio	䍇	0
ouhjm	䍋	0
ouhmr	缿	20
oui	戗	70
oujmn	䍆	0
oujt	㒥	20
oulmo	罀	20
ouln	创	77
ouln	㓡	0
oum	缸	155
oumb	偳	20
oumbc	𩓥	20
oumd	䍂	0
oumfj	䍈	0
oumvn	缻	0
oumwj	罈	415
ouni	㑕	0
ouno	缼	0
ouob	儶	0
ouog	催	78
ouoii	䍅	0
ouon	侺	20
ouos	㒞	0
oupym	鸧	51
ourc	䍉	0
ousl	缷	20
outif	䍎	0
outrg	罐	416
outt	缾	20
outwi	罇	20
ouu	㑁	0
ouu	㒴	0
ouwjc	罆	60
ouyck	䍊	0
ouymr	諐	0
ouypd	罅	60
ouypt	罏	60
ouypu	𧇍	20
ouyr	䍄	0
ouytr	䍌	0
ov	㚢	0
ov	亾	0
ovav	银	54
ovbk	钢	54
ovbmr	铜	324
ove	伮	0
ovfb	㒙	0
ovhqo	铁	509
ovhu	㠩	0
ovii	僟	20
ovio	似	563
ovis	㑃	0
ovjbc	镇	455
ovjmo	锭	54
ovjr	㑬	0
ovl	钟	478
ovno	㑰	0
ovoi	㒩	0
ovoii	铃	425
ovp	㤀	0
ovp	㥋	0
ovr	侞	20
ovvd	㑿	0
ovvu	㑎	0
ovvv	儠	20
ow	佃	79
owbp	𠏋	20
owc	伵	0
owd	倮	78
owg	俚	79
owgj	㒁	0
owhaf	䳺	0
owhr	㑼	0
owj	毎	20
owjc	𠍿	20
owjr	個	989
owks	侽	79
owlb	偶	150
owlg	儸	78
owli	㒔	0
owln	㑩	78
owlv	儇	78
owml	㑭	0
owmv	偎	680
owno	㱃	0
owog	䨄	0
owp	偲	78
owr	佪	79
owvf	傫	0
owwf	儽	78
owwg	㒦	0
owww	儡	78
owyi	每	825
owyi	㑄	0
owyta	韽	20
oy	仆	696
oyaj	倬	78
oybb	偙	0
oybc	偵	691
oybg	㒧	0
oybo	侦	691
oybp	儱	78
oybs	傍	78
oycb	㒀	0
oyck	佼	79
oydu	儭	78
oyed	𠍇	20
oyed	儏	0
oyem	㒠	0
oyfe	俶	78
oyfu	僦	78
oyg	住	778
oygq	㒓	20
oyhh	偐	20
oyhn	伉	79
oyhs	仿	437
oyhv	依	79
oyhvf	緐	20
oyib	俼	0
oyjj	僆	20
oyk	伩	79
oykk	傚	20
oykl	侪	78
oykl	㑪	0
oyks	俲	20
oylc	㑊	80
oylm	企	79
oylr	儙	0
oym	仩	20
oymf	㑐	0
oymp	佌	79
oymr	信	832
oymt	𠈔	20
oymy	佧	79
oynv	㒅	0
oyoj	倅	78
oyok	敏	68
oypd	偨	78
oypp	儢	20
oypu	俿	0
oyqd	𠎀	20
oyr	佔	20
oyra	儲	314
oyrb	傐	20
oyrf	倞	78
oyri	傠	0
oyrn	停	78
oyro	儫	20
oyrv	偯	78
oyrv	儴	20
oysk	倣	20
oyso	偼	0
oysv	㒟	0
oyt	位	892
oyta	偣	20
oytg	僮	78
oytj	傽	20
oyto	𠎵	20
oytp	億	78
oytr	倍	78
oytt	傡	0
oytu	傹	0
oytv	倿	0
oyub	禽	61
oyvg	㒕	0
oyvi	伭	79
oyvif	䋣	0
oyvo	侅	79
oyvv	侫	20
oyvw	傗	0
oywm	儃	78
oyx	儕	78
oyyib	𣫺	20
oyyiu	毓	66
p	心	946
pa	旨	68
pa	旬	68
pabt	愠	70
pac	銞	54
pafu	愰	20
pahaf	鶛	20
pahm	惺	70
paiu	慨	468
paj	㔬	0
paks	勓	20
pam	怛	71
pamh	愓	70
pami	㥂	0
pamj	悍	246
pamo	惿	20
pamo	㔭	0
pan	㥃	0
panb	憪	70
pand	㝁	0
pank	憫	466
panl	郇	54
pano	㰬	0
panp	㦖	0
panu	㦦	0
panw	㦨	0
paph	惕	70
papp	惃	20
papv	愒	70
pate	懪	20
pathu	䭫	0
pav	恨	476
pavvu	䭬	0
pawe	慢	439
payf	憬	70
payk	㥗	0
pbac	慏	20
pbb	㥊	0
pbbb	愲	20
pbbe	懓	20
pbbe	㥅	0
pbcd	㤾	0
pbcn	惻	70
pbcr	㤯	0
pbd	㥒	0
pbg	墯	20
pbgr	惆	192
pbhx	慆	70
pbjj	惲	70
pbkf	㦓	0
pbkq	恽	70
pbm	怚	71
pbmc	惧	473
pbme	愋	20
pbmp	懚	20
pbmr	恫	70
pbof	憏	0
pbon	恻	70
pbou	愮	70
pbsd	𢛵	20
pbtu	𢜟	20
pbtv	惘	70
pbu	䀏	0
pbue	戄	70
pbug	懼	473
pbuu	悓	0
pbvc	眞	62
pbvk	慀	20
pc	惍	20
pchaf	鷆	20
pci	忪	71
pcim	慃	0
pciu	恱	0
pcks	勩	77
pcmbc	顚	52
pcnh	悌	70
pcp	𢣁	20
pcru	悅	70
pcsh	㤋	0
pcwa	憎	70
pcwj	惮	70
pd	也	966
pdd	惏	70
pddf	㦗	0
pddo	憷	70
pdhaf	鵴	20
pdhaf	𪃸	20
pdhe	怶	0
pdi	忖	71
pdk	快	723
pdl	悚	70
pdlc	懶	487
pdlo	懒	487
pdm	㤓	0
pdmbc	穎	95
pdmbc	㯋	0
pdmbo	颖	95
pdmq	愇	20
pdwyi	乸	79
peee	惙	70
peg	怪	71
pei	㣾	0
peii	慅	70
pembc	潁	64
pembo	颍	64
peq	怿	70
pf	灳	0
pfb	悄	70
pfbf	戃	20
pfbg	憆	0
pfbr	惝	70
pfd	匊	77
pfdq	憐	467
pfdv	㥪	0
pff	惔	70
pffe	㦪	0
pffr	𢥏	20
pffs	憦	0
pfmbc	熲	64
pfmbc	頴	52
pfmbc	顈	20
pfmbo	颕	52
pfmu	恍	70
pfq	怑	20
pfqu	惓	70
pfuk	悩	20
pgbt	㦉	20
pgcc	懗	0
pgce	㥄	20
pgdi	恃	70
pgg	㤬	0
pggu	憢	20
pgi	怯	70
pgii	㥘	0
pgis	㤼	0
pgit	㔩	0
pgit	㥺	0
pglc	㤸	0
pgni	懤	70
pgow	懎	0
pgp	𢙺	20
pgr	恄	20
pgrg	懛	0
pgrr	憘	20
pgsk	慠	20
pgth	憉	20
pgtj	悻	70
ph	必	661
pha	怕	472
pha	曶	20
pha	㫚	0
phag	惶	70
phal	㦢	0
phbk	懊	192
phbq	甮	63
phbr	恦	20
phbt	恤	80
phbu	䀜	0
phbuu	覕	20
phcn	懰	70
phcwa	㬟	0
phdb	憡	20
phdd	悸	70
phdf	愀	70
phdn	悧	70
phdw	憣	0
phe	㤆	0
pher	恪	70
phey	㤏	0
phgr	悎	20
phgs	慟	70
phh	勿	77
phhaf	鴓	0
phhn	匑	77
phhr	匔	77
phi	愧	471
phj	忏	70
phjr	恬	70
phk	㤇	0
phkb	憍	70
phkl	㤭	0
phkp	悿	20
phlc	懫	70
phln	刎	77
phlo	惞	20
phml	忻	71
phmr	㤧	20
phmso	䝆	0
phmy	𢘛	20
phn	𢖯	20
phn	𢖾	20
phni	忛	20
phni	𢞁	20
phnl	邲	54
phon	㤚	0
php	忽	71
phpa	惛	70
phpe	匓	0
phqm	性	783
phqo	怢	20
phs	怍	71
phsb	惼	20
phsk	悷	70
phsk	憿	20
phua	㦧	0
phuc	㦫	0
phvi	怟	0
phvp	忯	20
phwp	憁	20
phxc	懙	0
phxe	㥰	0
phxo	㥚	0
phyhv	袃	20
phyu	㥴	0
pi	勺	288
pi	勾	259
piav	悢	70
pibi	愽	20
pice	悛	70
pidi	懡	0
pidy	戂	0
pihf	慽	20
pihi	㤜	0
pihq	恈	0
pii	㥇	0
piih	慘	70
pijb	匍	77
pijc	怵	70
pije	㤹	0
pikh	惨	70
piku	忧	70
pilb	慵	70
pile	慷	467
pim	勻	116
pim	匀	116
pine	怺	20
pipc	㦐	0
pipm	恜	0
pir	怡	71
pirm	惐	0
pirp	憾	469
pit	悈	20
pitc	懭	20
piuh	㤶	0
piv	怴	20
pixp	㦇	0
piyr	惦	70
pjb	㤄	0
pjbc	慎	464
pjbd	悖	70
pjbm	㥀	0
pjbo	懥	70
pjcm	悾	70
pjcr	愹	0
pjd	怽	0
pje	忮	71
pjhaf	鴇	51
pjhp	㤞	0
pjhr	愘	20
pjii	慱	70
pjim	懴	20
pjip	憓	20
pjjl	慚	70
pjka	㥩	0
pjkp	恅	20
pjlk	㤦	0
pjlv	悽	20
pjmf	悰	70
pjmm	愃	70
pjmn	㤖	0
pjnu	惋	70
pjpa	愭	70
pjpn	懧	20
pjpym	鸨	51
pjqp	㦥	0
pjr	怙	71
pjrr	悺	20
pjsqf	駂	20
pjtc	憤	469
pjto	愤	469
pk	忕	71
pk	匁	20
pkb	㤢	0
pkcf	憭	70
pkf	恢	70
pki	忲	71
pkj	㤒	0
pkja	㦋	0
pkk	匆	238
pkk	㤊	0
pkkb	悕	70
pkki	恡	0
pkkk	慡	20
pklb	怖	71
pkld	𢙨	20
pklg	恠	20
pklq	肄	59
pklu	㤿	20
pklu	匎	20
pkmb	惰	486
pkmbc	𩓙	20
pkmr	㥓	0
pkms	恗	0
pkn	恞	70
pkn	勼	20
pknio	疑	62
pknj	忰	20
pkno	欵	66
pkok	愱	0
pkoo	悏	0
pkp	怱	20
pkpb	㦅	0
pkql	惭	70
pkr	㤑	0
pks	忇	0
pksb	愶	20
pkss	恊	20
pl	忡	71
plbk	怏	71
plbu	忱	71
ple	㥆	0
pleg	悭	70
plgm	㦎	0
plln	怫	70
plmc	憒	70
plmo	恌	70
plmo	愦	70
plmy	悱	70
plp	㥙	0
plpb	㔨	0
plpc	懻	20
plsk	悯	466
plw	怞	71
plwk	㤤	0
plwv	慺	20
pmak	懨	70
pmam	恒	70
pmbb	懦	70
pmbc	頃	52
pmbc	愩	20
pmbc	㥧	0
pmbe	懮	70
pmbk	愞	0
pmbm	恆	70
pmbo	顷	52
pmbo	㦭	0
pmcw	恓	70
pmf	怀	70
pmfj	匉	77
pmfj	怦	71
pmfm	怌	20
pmfr	㤳	0
pmg	忹	0
pmhf	㥳	0
pmig	恎	0
pmik	恹	70
pmis	恸	70
pmj	忓	0
pmjp	鸵	51
pmku	怃	70
pmmi	忶	0
pmmr	悟	433
pmmu	忨	20
pmn	忊	0
pmnl	邬	54
pmnn	㤡	0
pmob	怲	70
pmrt	㤱	0
pmrw	匐	77
pmrw	愊	70
pmtoe	鹱	51
pmua	憯	70
pmvh	㤉	0
pmwd	慄	581
pmwd	憟	20
pmwf	慓	20
pmwj	憛	20
pmwl	愐	70
pmyf	㥼	0
pmym	怔	71
pn	乜	79
pn	忆	70
pnau	悗	20
pnbk	愌	20
pnbq	懈	70
pnbs	愑	70
pncr	憺	70
pndt	𢛴	20
pnem	㥛	0
png	忸	71
pnhb	憰	20
pnhe	忣	20
pnhx	惂	0
pni	匇	0
pnib	悀	70
pnin	恀	20
pnjk	㦑	0
pnlb	憜	20
pnlm	㦕	0
pnlp	㦩	0
pnmm	愵	0
pnmu	恑	0
pno	忺	71
pnob	㥠	20
pnot	憕	20
pnsj	㥝	0
pnyi	惤	20
poae	愎	70
poah	慯	20
pod	恘	70
podi	㤔	20
pog	惟	70
poge	愯	70
pogf	憔	70
pogs	懏	20
pohg	㤛	0
poii	怜	467
poim	懺	70
poin	忴	20
poip	惗	20
poir	愴	70
poir	㤷	0
poj	忤	71
poju	匋	77
poks	勚	77
poll	忦	0
poma	懀	20
pomb	惀	20
pomd	悇	20
pomg	恮	20
pomn	愉	70
pomo	憸	70
pomr	恰	283
pomvn	㽈	0
pon	忔	20
ponbg	觺	56
pond	愾	70
posu	怆	70
potf	憮	70
powy	悔	232
pp	比	818
pp	㤈	20
ppa	恂	70
ppa	恉	70
ppad	惸	70
ppbc	愼	70
ppd	枈	0
ppdhe	㿫	0
ppfd	粊	20
ppfd	㥌	0
ppg	坒	74
pph	怭	70
ppha	皆	62
pphp	惚	70
pphqu	毞	20
ppi	㣿	0
ppj	毕	62
ppje	㩺	0
ppko	懝	0
ppkp	愡	20
ppmnp	毙	68
ppo	怅	191
ppp	惢	20
ppp	㐂	0
pppd	橤	20
pppf	繠	60
pppg	悂	0
ppph	毖	66
ppr	怐	71
ppru	怉	20
ppt	怈	0
pptd	惵	20
ppu	忳	20
ppuk	恟	70
ppuu	㥮	80
ppyhv	䘡	0
pqjp	懳	0
pqke	㥭	0
pqki	㤽	70
pqmb	情	917
pqmc	㥽	0
pqmf	愫	70
pr	句	76
prau	悒	70
prb	悁	70
prbc	愪	0
prc	怾	0
prhaf	鴝	51
prhg	悜	70
prhml	斪	20
prhqu	㲒	0
prhu	怳	20
prks	劬	77
prmbc	䪷	0
prmk	悮	70
prnin	够	74
prnl	邭	0
prno	欨	66
prog	雊	53
prok	敂	0
prpa	惽	20
prpym	鸲	51
prrd	懆	70
prrj	憚	70
prrs	愕	70
prru	㦍	0
prrxu	䵶	20
pru	包	77
pruc	㦏	0
prvk	悞	70
prvp	怋	20
prxu	憴	20
psav	愝	20
pseg	慳	70
psh	切	687
psh	忉	71
pshi	㣼	0
pshr	怊	71
psit	懢	20
psje	慑	70
psjj	懾	70
psju	㤴	0
psk	怄	70
psko	愜	80
pskt	惬	80
psly	㥱	0
psma	慴	20
psmg	恇	70
psmg	𢣷	20
psmh	憀	70
psmi	憳	20
psmr	𢘜	20
psmv	悵	191
psp	怩	71
pspd	㥡	0
psrr	慪	70
pss	怇	0
pstr	㥾	0
psu	忋	0
pt	世	880
pta	惜	215
ptaj	愺	0
ptak	慔	20
ptbc	㥏	80
ptbo	懞	370
ptbuc	貰	56
ptc	㤨	0
ptcw	㥢	0
ptd	枼	0
ptgi	㦠	0
ptgt	㦈	0
pthg	懂	70
ptkr	𢜪	20
ptlb	慲	20
ptlj	愅	20
ptlk	愥	0
ptlm	慬	70
ptm	㤌	0
ptmc	㥍	20
ptmj	㦊	20
ptms	懄	0
ptmv	愖	20
ptno	㰥	0
ptoe	㦜	0
ptor	匒	20
ptov	懩	20
ptpo	㥞	0
ptpp	憽	0
ptrg	懽	20
ptt	恲	20
ptwa	慒	20
ptwi	懱	70
ptwn	懜	0
ptwu	懵	488
ptwv	憹	20
ptxc	慊	70
ptyg	𢤦	20
ptyu	慌	235
ptyv	恾	20
pu	屯	239
pua	旾	0
pub	胷	0
puce	惾	20
pudhe	皺	62
puf	炰	64
puhaf	鶵	20
puhvo	㼊	0
puk	匈	77
puk	忷	20
puln	刨	360
pumb	惴	70
pumbc	頓	52
pumbo	顿	52
pumt	愷	70
punl	邨	54
punl	鄒	54
puno	㱀	0
puog	雛	53
puog	慛	20
pupu	芻	58
pusu	恺	70
puu	㤕	0
pve	怓	20
pvid	㦡	20
pvis	怮	20
pvno	㥟	0
pvo	匃	0
pvsm	乌	64
pvvw	惱	477
pw	甸	63
pwb	㥜	0
pwbp	㦙	20
pwc	怬	20
pwd	悃	70
pwd	惈	70
pwg	悝	70
pwim	慖	20
pwjc	慣	326
pwjo	惯	326
pwkp	𢞴	20
pwlb	㥥	0
pwlg	㦬	0
pwlj	懌	70
pwlr	㦒	20
pwls	愣	488
pwlv	懁	20
pwmo	㥵	0
pwmv	愄	20
pwot	慍	70
pwp	愢	20
pwr	恛	70
pyaj	悼	248
pybs	㥬	0
pyck	恔	70
pydk	憞	0
pyfu	憱	20
pyg	𠣕	20
pyhj	㦀	20
pyhm	㦃	0
pyhn	忼	0
pyhr	慥	70
pyhs	㤃	0
pyia	𢡠	20
pyib	㥔	0
pyiu	㤝	0
pyjj	慩	0
pyk	忟	20
pykr	悋	20
pymr	訇	56
pymr	𢚘	20
pyoj	悴	70
pypd	㦆	0
pypm	憈	0
pypo	懅	70
pyr	怗	71
pyra	㥫	0
pyrd	惇	70
pyrf	惊	487
pyrn	悙	0
pyrv	懹	20
pysd	枭	67
pysn	凫	51
pysu	岛	80
pysv	袅	73
pyta	愔	70
pytg	憧	70
pytj	慞	20
pytp	憶	70
pytr	㥉	0
pyuk	恼	477
pyv	忙	71
pyvi	怰	0
pyvo	㤥	0
pyvu	㤺	0
pyvw	慉	70
pywd	懍	70
pywf	懔	70
pywi	㔪	0
pywm	憻	0
pywv	懷	70
pywv	懐	20
pyx	懠	70
pyy	忭	71
q	手	905
qa	抇	20
qabk	㩎	0
qabt	揾	69
qabt	擝	20
qafu	㨪	20
qahaf	𪂹	20
qail	揤	20
qaiu	摡	20
qam	担	69
qame	𢸶	20
qamh	揚	69
qami	㧹	0
qamj	捍	70
qamo	提	695
qan	捫	69
qana	𢵧	20
qanb	撊	69
qang	撋	69
qank	捑	20
qanl	䣠	0
qano	㨛	0
qanr	擱	69
qanw	攔	497
qaph	掦	0
qapp	掍	69
qapv	揭	69
qase	撮	69
qasm	搨	69
qate	㩧	20
qau	把	931
qav	拫	69
qawe	摱	20
qayf	撔	0
qb	抈	70
qbac	㨠	0
qbb	掤	69
qbbb	搰	69
qbbe	授	69
qbbhu	靓	52
qbbr	𢰸	20
qbbsd	靜	470
qbbuu	靚	52
qbcd	探	69
qbcv	攖	69
qbd	採	69
qbdi	捋	69
qbfmu	靗	20
qbhaf	鶄	20
qbhhh	𩇕	20
qbhx	搯	20
qbjj	揮	292
qbjmo	靛	52
qbk	㧏	0
qbkf	撚	69
qbkq	挥	292
qbm	抯	20
qbm	㧇	0
qbme	援	69
qbmr	挏	20
qbmu	揺	20
qbnau	靘	20
qbnd	捊	20
qbnl	郬	20
qbnsd	静	470
qbof	摖	0
qbomn	靔	52
qbond	靝	20
qbou	搖	69
qbov	撄	69
qbpym	䴖	20
qbq	拥	69
qbqr	㨄	0
qbsd	掙	69
qbtoe	䨼	0
qbtu	掆	0
qbu	𢫏	20
qbue	攫	69
qbug	㩴	0
qbuu	挸	20
qbv	挼	69
qbvk	㨙	0
qbwi	㩊	0
qbwi	㩱	0
qbyr	㨱	0
qc	扒	360
qcbuu	䚍	0
qchq	掰	197
qcim	㨣	0
qcip	捴	0
qcks	勣	20
qcnh	挮	20
qcnl	鄼	0
qcno	撳	69
qcrp	搃	0
qcru	挩	20
qcsh	扮	70
qcwj	掸	198
qd	耒	59
qdam	揸	69
qdami	䎪	0
qdau	耙	59
qdb	拺	20
qdbm	耝	59
qdbms	耡	59
qdcor	䎥	0
qdd	㨆	20
qddf	㩒	20
qddhe	耚	0
qdfbr	耥	20
qdfdv	耧	59
qdff	䎦	0
qdffs	耮	59
qdfh	耖	59
qdhe	披	410
qdhqu	耗	59
qdhvo	㼍	0
qdidr	耱	59
qdir	耛	20
qdj	抹	360
qdk	抉	70
qdklu	䎨	0
qdksr	耞	59
qdl	捒	0
qdlc	攋	69
qdln	揦	69
qdlo	摗	0
qdlwv	耬	59
qdmbc	頛	20
qdmbe	耰	59
qdmmi	耘	59
qdmn	耓	0
qdmvi	耨	59
qdnd	耔	59
qdnl	䣂	0
qdomb	耣	0
qdomr	耠	59
qdon	䎢	0
qdqdd	䆐	20
qdqmc	耫	0
qdrlr	耜	59
qdss	耟	20
qdssr	䎤	0
qdta	耤	59
qdtal	䎰	0
qdtal	䣢	0
qdtbs	耢	59
qdtlo	䎯	0
qdtoe	耯	20
qdtt	耕	63
qdttb	耩	59
qdtvi	𦔒	20
qduce	䎫	0
qdvii	耭	20
qdvio	䎣	0
qdvvw	䎩	0
qdw	㨂	0
qdwf	揀	524
qdwlb	耦	59
qdwli	䎬	0
qdwlp	䎱	0
qdybs	耪	59
qdycb	䎮	0
qdyhr	䎭	0
qdytr	䎧	0
qdywv	耲	59
qea	㧺	0
qec	鋬	54
qee	㧐	80
qeed	搡	69
qeee	掇	69
qeem	𢶣	20
qefh	挱	20
qei	扠	70
qeii	搔	181
qeli	掻	20
qemwl	麺	51
qeog	摊	385
qepfd	麹	51
qeq	择	360
qeqo	麸	80
qes	㧟	69
qfb	捎	69
qfbf	攩	20
qfbg	摚	20
qfbk	撇	508
qfbq	撐	69
qfbq	撑	69
qfbu	搅	525
qfbw	擋	497
qfdq	撛	0
qfdv	搂	525
qff	掞	69
qffd	㩞	20
qffr	攚	0
qffs	撈	507
qfh	抄	70
qfhs	挘	20
qfhu	㨘	20
qfhu	毮	0
qfmu	挄	0
qfpi	䋤	0
qfq	拌	549
qfqq	搼	0
qfqu	捲	76
qfsm	挡	497
qfvk	擞	69
qfyaj	繛	20
qg	扗	70
qgb	抩	20
qgbt	撎	0
qgce	掕	0
qgdi	持	492
qgg	挂	407
qggu	撓	181
qggy	掛	407
qgi	抾	20
qgit	搕	69
qgj	㔼	0
qgji	𢴇	20
qglc	捇	20
qgni	擣	69
qgr	拮	69
qgrc	擷	69
qgrg	擡	20
qgro	撷	69
qgrv	㨬	0
qgsk	𢳆	20
qha	拍	531
qhaf	㨶	0
qhag	揘	69
qhai	𢯊	20
qhal	擳	20
qham	𢴈	20
qhau	搗	69
qhbd	㩭	0
qhbf	攥	69
qhbk	擙	20
qhbu	攪	525
qhcq	攑	20
qhcq	㩮	0
qhd	栔	67
qhdb	㩍	0
qhdf	揪	215
qhdl	㨀	0
qhdv	捼	69
qhdw	播	69
qhe	扳	70
qhe	洯	20
qhej	捀	20
qhen	拠	20
qher	挌	69
qhfb	𢶠	20
qhgi	㩐	80
qhgr	捁	20
qhgu	㧥	20
qhher	㗉	0
qhhj	捭	69
qhhl	㧕	0
qhhq	㸷	0
qhhv	挀	20
qhhw	㨨	0
qhio	抸	20
qhj	扦	70
qhjd	㧣	0
qhjg	揰	69
qhjl	挿	20
qhjm	捶	69
qhjr	括	69
qhju	揗	69
qhjx	插	69
qhk	契	449
qhk	扷	20
qhkb	撟	69
qhkk	㧞	0
qhkl	挢	69
qhkm	𢶍	20
qhko	擌	0
qhkp	掭	69
qhlc	㩫	0
qhlmi	蛪	20
qhlo	抓	531
qhlo	掀	177
qhmb	㩶	0
qhml	折	468
qhmr	䂮	20
qhmr	㧨	0
qhmvn	㼤	0
qhmy	拆	328
qhnb	㧩	0
qhnbg	觢	20
qhnd	挆	0
qhne	投	70
qhoa	揝	69
qhoo	摐	20
qhoo	𢲛	20
qhor	撘	20
qhp	托	532
qhp	恝	70
qhpa	捪	0
qhpm	抵	70
qhq	挈	69
qhq	㧳	0
qhqi	㧴	0
qhqo	抶	70
qhqu	㧌	0
qhrf	摀	69
qhs	拃	69
qhsb	掮	69
qhsb	揙	20
qhsk	捩	69
qhsk	撽	69
qhsm	搧	69
qht	抍	0
qhtn	擶	20
qhu	兂	0
qhuc	攢	69
qhuk	搝	0
qhul	擤	69
qhuo	擨	69
qhuu	撬	69
qhv	㛃	80
qhvd	㧰	69
qhvif	絜	60
qhvl	抑	204
qhvo	㧓	0
qhvp	扺	20
qhvu	㨮	0
qhwp	摠	69
qhx	㧮	0
qhxe	搜	182
qhxh	㧶	0
qhxm	捏	518
qhxm	揑	20
qhxu	掜	20
qhye	搬	69
qhymr	䛚	0
qhymu	齧	20
qhyu	搋	69
qi	找	684
qibi	搏	69
qibo	贽	56
qibp	㨢	0
qice	捘	69
qidq	擵	0
qidy	攠	20
qif	热	589
qif	㧠	0
qig	垫	74
qih	㧔	0
qihf	搣	69
qihf	摵	20
qihm	掋	20
qihr	㨔	0
qihu	抁	20
qihv	揻	69
qii	拡	20
qiih	摻	69
qiil	𢲲	20
qiip	撡	0
qij	𢫨	20
qijb	捕	69
qije	捄	20
qik	㧋	0
qikf	撝	69
qikh	掺	69
qiki	㧑	69
qikj	撪	0
qikk	拔	250
qikp	拢	69
qiks	势	77
qiku	扰	352
qikw	㨧	0
qilmi	蛰	57
qilo	掶	0
qilr	搪	69
qine	𢫕	20
qing	㨩	20
qioi	捬	20
qiok	挨	69
qipd	攈	69
qipd	攗	20
qipf	㩠	0
qipm	拭	231
qipw	攟	69
qipym	鸷	51
qiq	挚	203
qir	抬	70
qirm	掝	20
qirp	撼	69
qis	护	56
qisk	㩤	0
qisn	㧖	0
qisu	㨭	0
qit	拚	69
qit	𢬿	20
qitc	擴	69
qitf	摭	69
qive	拨	528
qivif	絷	60
qixp	摝	20
qiyr	掂	69
qj	丰	80
qj	丯	20
qjb	㧊	0
qjbc	搷	69
qjbd	挬	20
qjbf	擦	529
qjbf	𢱢	20
qjbj	揇	20
qjbk	擜	0
qjbm	㨁	20
qjbv	攮	69
qjc	㧒	0
qjcc	攧	69
qjck	𢲷	20
qjck	揬	0
qjcl	撺	69
qjcm	控	69
qjcn	挖	208
qjco	搲	69
qjco	𢱑	20
qjcq	㨓	0
qjcr	㩈	0
qjcr	搈	0
qjcs	搾	20
qjcv	攛	69
qjd	㧲	0
qjd	抺	0
qje	技	70
qjhp	挓	69
qjhr	揢	20
qjhu	抭	20
qjig	擮	0
qjii	摶	69
qjim	㩥	0
qjji	撠	20
qjjj	擀	499
qjjj	搟	20
qjjl	摲	69
qjjn	㨴	20
qjk	扙	20
qjka	㨋	0
qjkp	㧯	80
qjkr	㨳	0
qjks	拷	69
qjlo	捷	80
qjlv	捿	20
qjmc	擯	69
qjmm	揎	69
qjmn	拧	69
qjmo	掟	69
qjmr	砉	61
qjmu	捖	20
qjnau	艳	58
qjnl	邦	173
qjnl	鄻	54
qjnu	捥	69
qjoa	摍	20
qjoc	摈	69
qjog	㩁	0
qjp	拕	20
qjpa	搘	69
qjpn	擰	69
qjpu	挠	181
qjpu	㨸	0
qjqp	攇	20
qjqr	搳	69
qjrau	邫	0
qjrr	捾	0
qjru	𢭪	20
qjsh	㓞	0
qjsm	彗	71
qjsmf	熭	20
qjsmp	慧	455
qjtd	㩟	0
qjtf	㩷	0
qjtg	㩙	0
qjto	攓	69
qjtv	攐	69
qjty	㩃	0
qjv	按	460
qjwj	捙	20
qka	春	68
qkali	蠢	70
qkap	惷	20
qkbo	赘	56
qkbuu	䚉	0
qkce	摋	20
qkcf	撩	69
qkdi	寿	74
qke	泰	65
qkf	拻	20
qkgg	㨒	0
qkhd	秦	61
qkhk	奏	303
qkhx	舂	58
qkhxp	憃	70
qkja	撦	20
qkjon	䵅	0
qkjt	捹	20
qkkb	𢯎	20
qkkk	摤	0
qkla	㫪	0
qklb	抪	20
qkld	拵	20
qkln	㓶	0
qklu	掩	495
qkmb	㨊	0
qkmbc	䫔	0
qkmf	捺	69
qkmr	掎	69
qkms	挎	69
qkn	挗	0
qkni	执	414
qkns	抛	499
qknvm	骜	51
qknwm	鳌	51
qkoo	挾	69
qkp	㤗	0
qkp	㥿	0
qkpb	摕	0
qkq	奉	319
qkr	嗸	0
qkrd	𢱌	20
qks	扐	70
qksb	搚	20
qksj	𢱕	20
qkso	摦	69
qksr	拁	20
qkss	拹	20
qkt	挟	69
qkus	拋	499
qkv	嫯	0
qkvc	拣	524
qla	晢	68
qlb	㧆	0
qlbk	抰	20
qlbu	抌	70
qlbu	䀸	0
qlc	銴	20
qldhe	㿱	0
qle	捸	20
qlf	焎	20
qlg	埑	0
qlgm	㩇	0
qlhab	幚	0
qlit	㨫	80
qliu	揽	69
qllb	帮	71
qllmi	蜇	57
qlln	拂	232
qlmc	撌	20
qlmo	挑	295
qlmr	硩	20
qlmy	排	537
qln	乴	79
qlnc	㩌	0
qloiv	䭁	0
qlp	悊	70
qlpb	揹	20
qlr	哲	454
qlryo	踅	55
qls	扪	69
qlsr	搁	69
qlv	娎	0
qlvif	䋢	0
qlvk	擻	69
qlw	抽	70
qlwe	捜	20
qlwl	抻	70
qlwp	拽	360
qlwv	摟	525
qlx	㩋	20
qlyhv	裚	20
qlymr	誓	56
qm	扛	523
qm	龶	0
qma	𢫦	20
qmak	擫	20
qmam	𢬎	20
qmb	青	614
qmbb	擩	69
qmbc	摃	20
qmbe	擾	352
qmbg	攉	69
qmbi	㩕	0
qmbk	㨎	0
qmbl	㧫	0
qmblm	靑	52
qmbo	责	390
qmbs	摴	69
qmbuc	責	390
qmbv	𢸍	20
qmbw	擂	69
qmcw	拪	69
qmd	扜	20
qmdm	攊	20
qmf	抔	70
qmfb	擟	0
qmfj	抨	70
qmfm	抷	0
qmfr	㧵	0
qmg	抂	20
qmgg	捱	69
qmgk	㨖	0
qmgn	捯	69
qmgt	挵	20
qmhe	麦	16
qmhl	捓	69
qmia	搢	69
qmig	挃	20
qmj	扞	20
qmjk	撖	69
qmkr	㧷	0
qmku	抚	233
qmky	㩑	0
qmlb	掚	0
qmlk	挭	20
qmlm	掗	69
qmlw	㩅	0
qmmi	抎	20
qmmp	攦	20
qmmr	捂	69
qmms	扝	0
qmmu	抏	70
qmmv	振	69
qmn	打	821
qmnn	挒	0
qmnr	抲	0
qmob	抦	70
qmqj	拝	20
qmr	拓	360
qmrb	搹	20
qmrdi	夀	74
qmre	揼	20
qmrr	㩡	0
qmrt	𢭃	20
qmrw	揊	20
qmso	㧻	20
qmsu	扼	254
qmtc	挜	69
qmto	撅	69
qmu	扤	70
qmua	撍	20
qmv	表	796
qmvh	㧎	0
qmvi	搙	0
qmvif	素	60
qmvm	挳	20
qmvn	㧚	0
qmwd	搮	20
qmwf	摽	69
qmwj	撢	69
qmwm	㩖	0
qmwn	㨽	0
qmwyf	纛	60
qmwyi	毒	66
qn	㧈	0
qnau	挽	69
qnbg	捔	20
qnbj	㩂	0
qnbk	換	69
qnbq	𢶷	20
qncr	擔	69
qndf	搎	69
qndt	掹	20
qnem	拯	69
qng	扭	527
qnhd	揉	519
qnhe	扱	70
qnhs	扔	530
qnhx	掐	216
qni	专	72
qnib	捅	545
qnin	抒	70
qnin	拸	20
qnj	扟	0
qnkg	挺	69
qnkm	挻	20
qnkq	揵	69
qnlb	撱	69
qnlo	𢵌	20
qnmm	搦	69
qnmu	㧪	0
qno	扻	70
qnob	揟	20
qnoe	撥	528
qnok	揆	69
qnot	撜	20
qnqd	搩	0
qnri	攙	509
qnsd	挣	69
qnsh	扬	69
qnsm	㤘	80
qnst	㨕	0
qnuy	搀	509
qnwa	擼	508
qo	夫	815
qoa	替	67
qoah	摥	20
qob	抐	20
qobg	搉	69
qobhu	规	66
qobuc	賛	20
qobuu	規	66
qodi	拊	69
qog	推	69
qogb	㩦	20
qoge	㩳	80
qoge	㨦	0
qogf	撨	0
qogs	携	330
qohaf	鳺	20
qohg	拰	20
qohh	抮	20
qoii	拎	69
qoim	攕	20
qoin	扲	20
qoip	捻	502
qoir	搶	69
qoiv	搇	20
qojwj	輦	55
qokf	㩯	0
qokq	辇	55
qoll	扴	20
qom	拞	0
qomb	掄	69
qomc	捠	0
qomd	捈	20
qomg	拴	231
qoml	掵	20
qomm	捡	69
qomn	揄	69
qomn	㧉	0
qomo	撿	69
qomq	𢲡	20
qomr	拾	308
qomr	捨	69
qomt	揜	69
qomu	捳	0
qon	扢	70
qonl	邞	20
qooa	𢵄	20
qoog	挫	69
qooo	㧿	0
qop	抡	69
qopd	拖	518
qoqo	㚘	0
qord	㨐	0
qorm	㩉	0
qorq	搿	69
qosu	抢	69
qotf	撫	233
qowy	挴	20
qoy	扵	0
qoya	摿	20
qoyb	擒	69
qp	抋	0
qpa	指	665
qpa	㧦	0
qpd	扡	70
qpec	㩩	0
qpfd	掬	69
qph	㧙	0
qphp	㧾	20
qpi	扚	20
qpi	抅	20
qpko	擬	78
qpkp	揔	0
qpmm	揯	20
qpou	掏	526
qpp	批	70
qppa	揩	69
qpr	拘	185
qpru	抱	70
qpt	抴	70
qptd	揲	69
qpu	扽	70
qpuu	搊	69
qpyr	揈	20
qpyu	捣	69
qq	抙	0
qqhaf	䳞	0
qqhk	揳	69
qqjl	挷	20
qqjp	㩨	0
qqjs	㨹	0
qqka	𢰦	20
qqkd	搸	20
qqkk	揍	69
qqkq	捧	521
qqkx	摏	69
qqmb	掅	20
qqmf	㨞	0
qqmv	㧼	0
qqni	抟	69
qqo	扶	70
qqoc	攅	20
qqoj	攆	69
qqoq	撵	69
qqou	摫	20
qqq	掱	69
qqu	扥	20
qr	扣	445
qrau	挹	69
qrb	捐	379
qrbc	損	311
qrbo	损	311
qrc	抧	0
qrhu	拀	0
qrji	擑	0
qrlb	𢬢	20
qrln	剨	20
qrmg	挰	0
qrn	㐝	0
qrpa	㨉	0
qrr	捛	0
qrrd	操	69
qrrj	撣	198
qrsh	拐	69
qrsj	揖	69
qrsn	捌	69
qruc	撰	69
qrvp	抿	69
qryo	捉	69
qs	韦	52
qsabt	韫	52
qsav	揠	69
qsbhx	韬	257
qsce	㩔	0
qseg	擓	69
qseg	摼	20
qsfb	㨝	0
qsh	㧅	0
qshe	𢲈	20
qshi	扨	20
qshr	招	69
qshu	捤	20
qsike	韨	52
qsit	㩜	80
qsj	挕	20
qsje	掫	69
qsjj	攝	69
qsjl	揶	69
qsjo	摂	20
qsjr	据	80
qsk	抠	501
qskr	捃	69
qslb	㧜	20
qsle	报	755
qsll	挋	20
qsm	扫	529
qsma	摺	69
qsmb	掃	529
qsmg	握	534
qsmg	擢	69
qsmh	摎	69
qsmi	撏	69
qsmj	㩣	0
qsmm	挧	20
qsmv	掁	20
qso	択	20
qsog	㨤	0
qsokc	䫨	0
qsp	抳	20
qsql	挪	78
qsrj	擗	69
qsrr	摳	501
qss	拒	332
qsshi	韧	52
qssr	挶	69
qstt	摒	69
qstv	搌	69
qsuu	掘	69
qswu	攬	69
qsyj	搱	0
qsyq	摨	20
qta	措	69
qtak	摸	69
qtav	擖	69
qtbc	捵	20
qtbf	攃	69
qtbf	𢶕	20
qtbh	㨵	0
qtbk	撒	69
qtbn	揃	69
qtbo	㩚	0
qtbs	捞	507
qtc	拱	69
qtcd	擈	0
qtce	𢹸	20
qtcl	撕	521
qtco	撲	498
qtct	搤	20
qtcw	揂	20
qtge	㨾	0
qtgi	𢷮	20
qtgi	㩘	0
qtja	擆	0
qtjd	㨲	0
qtjp	𢶤	20
qtkl	擲	523
qtkr	掿	0
qtlb	㨺	0
qtlm	㨷	0
qtm	拑	69
qtmc	掑	20
qtmc	撗	20
qtmj	撶	20
qtmm	拦	497
qtmv	揕	69
qtob	㨅	0
qtod	搽	69
qtoe	擭	69
qtog	攤	385
qtoo	擹	0
qtor	搭	69
qtov	攁	20
qtpa	㨚	0
qtpd	擛	20
qtqm	搓	520
qtqu	撯	20
qtrd	㩰	0
qtrg	㩲	0
qtrk	擏	20
qtsj	搑	0
qtt	拼	301
qttb	搆	20
qttc	掽	20
qtub	搠	69
qtw	描	271
qtwi	撙	69
qtwi	㩢	0
qtwv	擃	20
qtxc	搛	69
qu	扎	360
qu	击	69
qu	㧄	0
quce	㨑	0
qud	槼	67
qumb	揣	69
qumf	㨏	0
qumrb	鬹	20
qumt	㨟	0
quob	攜	330
quog	摧	539
quos	㩗	20
quos	𢹂	20
quu	拙	69
quv	嫢	20
quvif	紥	20
quwp	㩄	0
qvfb	㨥	0
qvfc	㩪	0
qvfe	𢲩	20
qvfi	𢺳	20
qvfu	撧	69
qvhaf	䳲	0
qvid	擽	69
qvio	拟	78
qvis	拗	70
qvis	抝	20
qvl	㧃	0
qvmi	摪	0
qvno	掾	69
qvoi	攭	20
qvvd	摷	69
qvvn	拶	69
qvvv	擸	69
qwd	捆	504
qwd	捰	20
qwg	捚	20
qwgf	㩏	0
qwhr	撂	69
qwim	摑	69
qwjc	摜	69
qwji	㩛	0
qwjo	掼	69
qwjr	㧽	0
qwk	㧢	20
qwkp	摁	69
qwl	押	70
qwlg	攞	20
qwli	摆	522
qwli	擉	69
qwlj	擇	360
qwlp	擺	522
qwlv	擐	69
qwmi	掴	69
qwmo	㨡	0
qwmv	揋	20
qwot	搵	69
qwp	揌	69
qwtj	𢳂	20
qwvf	摞	69
qwwm	㩸	0
qwwm	㩹	0
qwwv	攌	20
qwww	攂	69
qwyi	拇	69
qxbuu	䚎	0
qxi	㦼	0
qy	扑	498
qyaj	掉	364
qybb	揥	69
qybb	撾	69
qybc	揁	20
qybg	攡	20
qybk	撤	69
qybk	㩵	0
qybp	攏	69
qybs	搒	69
qycb	摘	527
qyck	挍	69
qycv	㨰	0
qydi	挝	69
qydk	撴	20
qydl	㨯	0
qyfe	掓	0
qyfu	㩆	0
qyg	拄	69
qygq	撻	69
qyhj	摓	69
qyhn	抗	70
qyhr	搥	20
qyhs	㧍	0
qyhv	挔	20
qyij	摔	69
qyiu	㧤	0
qyiu	㧧	0
qyj	抖	70
qyjj	摙	69
qyk	抆	70
qykl	挤	503
qykl	㨈	0
qykm	摌	0
qylh	捗	69
qylm	扯	506
qymb	掯	69
qymi	㩬	0
qymp	㧗	0
qymy	拤	69
qyoj	捽	69
qyok	掖	517
qypd	摢	0
qypk	㨜	0
qypk	㩀	0
qypm	摣	0
qypo	據	80
qypp	攄	69
qyps	擄	69
qypt	攎	20
qypu	㨿	0
qyr	拈	69
qyrb	搞	69
qyrd	㨃	80
qyrf	掠	150
qyrf	𢴒	20
qyrn	㧸	20
qyrn	揨	20
qyrn	攍	20
qyro	㩝	0
qyrv	攘	69
qysd	揓	69
qysd	𢰧	20
qyso	㨗	20
qyt	拉	768
qyta	揞	69
qytg	撞	173
qytr	掊	69
qytu	摬	20
qytv	接	748
qyub	摛	69
qyvg	擁	69
qyvo	㧡	0
qyvq	撁	0
qyvw	搐	69
qywm	擅	69
qyx	擠	503
qyy	抃	70
qyyb	擿	69
r	口	788
raa	唱	75
rag	㖏	0
rail	唧	75
raiu	嘅	75
rajv	𠹵	20
ram	呾	20
ramh	啺	75
ramj	哻	20
ramo	㖷	0
ramw	嗮	0
ranb	㗴	0
ranh	𠻻	20
rank	㘚	80
ranr	㗿	0
ranw	㘓	0
ranx	嚪	20
rapv	喝	75
rase	嘬	75
rate	嚗	75
rau	吧	598
rau	邑	54
rav	哏	75
rawe	𠼦	20
raye	敯	20
rayf	𠾶	20
rayt	喅	0
rb	肙	59
rbbb	嗗	20
rbbe	噯	75
rbbe	㖟	0
rbbr	喎	75
rbca	囎	20
rbcv	嚶	75
rbd	啋	20
rbdi	哷	20
rbdu	啂	0
rbgr	啁	75
rbhaf	鵑	51
rbhn	㕴	0
rbhx	㗖	20
rbjj	喗	0
rbkf	嘫	75
rbln	剐	77
rbm	咀	75
rbmc	㖵	0
rbme	喛	0
rbmr	哃	75
rbmvn	瓹	0
rbnd	哹	0
rbo	员	791
rbof	㗫	0
rbou	嗂	20
rbov	嘤	75
rbpym	鹃	51
rbsd	𠲜	20
rbsmm	翤	0
rbsmr	嗣	75
rbss	𠱂	20
rbtk	𠹻	20
rbuc	員	791
rbuc	唄	75
rbug	㘗	0
rbuu	哯	20
rbv	哸	20
rbvk	嗘	20
rbwi	嚼	75
rbyp	𡄯	20
rc	只	934
rc	叭	76
rc	唫	75
rcah	𡃶	20
rcbuu	䚋	0
rchaf	鶰	0
rci	㕬	0
rcim	嗡	75
rck	㕮	20
rckn	嗲	75
rcks	勛	77
rcl	吖	76
rcmbc	䫟	0
rcms	𠯋	20
rcmwv	嘦	75
rcnh	㖒	0
rcnl	鄖	54
rcno	㰨	0
rcor	唂	75
rcru	哾	0
rcsh	吩	76
rcst	㖹	0
rcte	𡆇	20
rcwa	噌	75
rcwj	啴	75
rcyq	𡅈	20
rd	呆	489
rd	㕲	20
rdam	喳	360
rdd	啉	75
rddf	噤	75
rdhl	唽	0
rdhqu	氉	66
rdhr	𠺝	20
rdi	吋	76
rdjr	喖	0
rdk	吷	20
rdlc	𡃤	20
rdln	喇	134
rdln	劋	20
rdlo	嗽	357
rdm	呠	75
rdmg	𠶖	20
rdmk	𠼰	20
rdmq	喡	20
rdnl	鄵	54
rdoo	唻	20
rdqq	𠾴	20
rdrd	槑	66
rdrj	𡀞	20
rdw	㖦	0
rdws	㘄	0
rdyn	𠵉	20
re	叹	75
rea	𠴲	20
rebb	𠿭	20
rede	啵	75
reed	嗓	222
reee	啜	75
reev	嘙	0
refh	唦	20
rehp	𠻹	20
reiv	𠺘	20
rejf	𡄽	20
reoy	嗨	75
rf	吙	20
rfb	哨	75
rfba	嚐	20
rfbc	嗩	75
rfbg	嘡	75
rfbn	𠸑	20
rfbo	唢	75
rfbw	噹	20
rfd	咪	75
rfdj	𠺫	20
rfdq	噒	20
rfdv	喽	75
rff	啖	75
rffd	㘇	0
rffo	㗵	0
rffs	嘮	75
rfgi	㘍	0
rfh	吵	76
rfhu	㗂	80
rfkt	𡃇	20
rfmu	咣	75
rfog	𠻘	20
rfqu	啳	20
rg	吐	355
rgb	呥	20
rgbt	噎	75
rgcc	嚇	360
rgce	㖫	0
rgfe	㘑	0
rgg	哇	75
rggu	嘵	75
rggy	啩	20
rghaf	鷕	51
rgi	呿	75
rgis	𠲵	20
rgit	嗑	75
rgkc	嚽	20
rglc	哧	75
rgni	嚋	20
rgnl	郢	54
rgob	𡁻	20
rgou	𠺬	20
rgpd	哋	75
rgr	咭	75
rgrg	㘆	0
rgrr	嘻	75
rgsk	嗷	75
rgth	嘭	75
rgtj	啈	20
rgwc	𡂝	20
rgwg	𠹺	20
rgyo	唗	20
rha	㕷	20
rhad	嘄	20
rhaf	鳴	299
rhag	喤	75
rhai	啲	75
rhaj	嗥	75
rhal	㘉	20
rhap	唣	75
rhbk	噢	75
rhbn	𠶜	20
rhbr	响	52
rhbu	咱	78
rhbv	哝	75
rhcn	嚠	20
rhd	咊	0
rhda	㗍	0
rhdf	啾	75
rhdn	唎	75
rhdp	𡀝	20
rhdp	㗭	0
rhdr	啝	20
rhds	唀	0
rhdv	唩	0
rhdw	噃	20
rhej	㖓	0
rher	咯	360
rhey	咚	295
rhfb	𠿫	20
rhfd	呼	533
rhg	呈	335
rhgf	嚑	0
rhgi	𠲍	20
rhgr	哠	20
rhgs	㗢	0
rhhe	嚟	75
rhhj	啤	75
rhhk	㗛	20
rhhv	哌	75
rhi	𠺌	20
rhi	吆	20
rhj	吀	0
rhjd	咮	75
rhjg	喠	0
rhjm	唾	160
rhjr	咶	20
rhjx	喢	20
rhk	㕭	20
rhkb	嘺	20
rhkp	㖭	20
rhml	听	797
rhmo	噬	75
rhmr	㖃	0
rhn	叽	75
rhnd	哚	75
rhnd	𠼝	20
rhne	吺	0
rhni	㕨	0
rhoa	喒	20
rhoi	嘚	75
rhoiv	䬭	0
rhon	哘	20
rhon	㗸	0
rhon	㘅	0
rhoo	嘥	75
rhoo	㗰	0
rhoq	𠷈	20
rhor	㗳	20
rhp	吒	76
rhpa	㖧	0
rhpl	喞	20
rhpm	呧	75
rhq	吽	76
rhqi	哦	75
rhqj	㗑	0
rhqo	呹	0
rhqu	㕰	20
rhr	呂	76
rhrf	嗚	75
rhrn	𠵯	20
rhs	咋	360
rhsk	唳	75
rhsk	噭	75
rht	呏	75
rhu	兄	78
rhuc	囋	20
rhuj	嘷	20
rhuk	嗅	75
rhul	嚊	20
rhvo	呱	75
rhwg	囖	20
rhxd	㘀	0
rhxe	嗖	75
rhxe	㖬	0
rhxu	唲	75
rhyu	嗁	20
ri	𠯫	20
riav	哴	0
ribi	㗘	0
ribp	𠹌	20
rice	唆	75
ridi	嚒	20
ridq	嚤	20
ridr	嚰	0
rifb	𡁜	20
rift	𡅏	20
rihf	嘁	75
rihm	㖅	0
rihq	哞	75
rihr	喊	441
rihu	吮	76
rihv	喴	20
riih	嘇	0
riil	啷	75
rijb	哺	239
rijc	嘛	75
rik	吠	165
rikf	噅	20
rikk	㕹	0
rikp	咙	669
riku	㕱	0
rilb	嘃	0
rill	㖄	20
rimi	唥	20
rine	咏	56
riog	雖	53
riok	唉	75
ripp	𠳓	20
rir	咍	75
rirm	㖪	0
risn	呝	75
rit	㖑	0
ritc	嚝	75
rite	喥	75
ritf	嗻	75
riuh	哤	75
riyp	㖢	0
riyr	𠶧	20
rj	叶	76
rjal	嘟	75
rjbc	嗔	75
rjbd	哱	75
rjbf	嗦	75
rjbf	嚓	75
rjbj	喃	75
rjbm	𠵌	20
rjbo	嚏	75
rjbv	囔	75
rjca	噾	20
rjcg	㗧	0
rjcm	啌	20
rjd	味	75
rjdk	嘋	0
rje	吱	360
rjhaf	鷤	20
rjhp	咤	75
rjhq	哰	75
rjhr	喀	75
rji	戰	639
rji	戢	70
rjig	𡁶	20
rjjb	嘲	75
rjji	囀	75
rjji	𠽤	20
rjjj	𡆀	20
rjka	啫	75
rjkd	哮	300
rjkp	咾	75
rjks	𠱼	20
rjlo	啑	20
rjlv	啛	0
rjmg	㗌	0
rjmm	喧	351
rjmmv	辴	20
rjmn	咛	75
rjmo	啶	75
rjmo	𠺢	20
rjmu	唍	20
rjnl	鄲	54
rjnu	啘	0
rjon	嘜	75
rjp	咜	20
rjpa	嗜	75
rjpn	嚀	75
rjpu	哓	75
rjpu	嘧	75
rjqr	嗐	75
rjr	咕	75
rjrb	㗅	20
rjrc	𡅅	20
rjrr	𠴨	20
rjru	𠳭	20
rjstv	囅	75
rjt	𠱥	20
rjtc	噴	216
rjtc	㘔	0
rjtg	噻	75
rjto	喷	216
rjto	㗷	0
rjv	咹	75
rjwj	唓	20
rk	㕦	0
rka	暋	68
rkb	哊	0
rkbl	喐	20
rkbu	睯	62
rkcf	嘹	75
rkf	咴	75
rkgg	喹	75
rkhf	唙	0
rki	吰	76
rki	呔	75
rkit	㗐	0
rkjt	喯	0
rkkb	唏	75
rkki	㖁	0
rklb	咘	20
rklu	唵	75
rkm	咗	75
rkmf	㖠	0
rkmr	𠵇	20
rkms	咵	0
rkn	咦	75
rkn	㕤	0
rkoi	𡁯	20
rkoo	唊	75
rkp	愍	70
rkpb	㗣	0
rkqi	啭	75
rkrd	㗎	20
rkrf	𡃉	20
rks	另	76
rks	叻	76
rksb	嗋	20
rksj	𠸊	20
rksr	咖	360
rku	㟩	0
rlb	吊	76
rlbk	咉	20
rlbu	㕪	0
rlgm	㗲	20
rlll	嘨	0
rlln	咈	75
rlmc	嘳	20
rlmi	虽	53
rlmo	咷	75
rlmt	嚍	20
rlmy	啡	75
rlon	𠸐	20
rlq	㖀	0
rlsk	㘎	80
rlwl	呻	75
rlwp	㖂	0
rlwu	黾	51
rlwv	嘍	75
rlx	嘯	75
rm	叿	0
rma	咟	0
rmak	嚈	0
rmam	咺	75
rmamh	踼	55
rmamo	踶	55
rmang	躙	55
rmanm	躢	0
rmanw	躝	20
rmaph	踢	514
rmasm	蹋	55
rmau	跁	55
rmav	跟	55
rmb	跀	20
rmbb	嚅	75
rmbb	𨂃	20
rmbbb	𨃴	20
rmbbr	踻	0
rmbc	嗊	75
rmbc	㖽	0
rmbd	踩	515
rmbdi	䟹	0
rmbe	嚘	20
rmbg	嚯	75
rmbhx	蹈	55
rmbi	嘠	20
rmbkf	蹨	20
rmbl	㖇	0
rmbm	跙	55
rmbm	𠽌	20
rmbo	唝	75
rmbou	䠛	0
rmbr	㘊	0
rmbsd	踭	20
rmbt	跚	55
rmbt	䟸	0
rmbuc	䟺	0
rmbue	躩	55
rmbug	躣	55
rmbuk	䠐	0
rmbvk	蹊	55
rmc	趴	512
rmcw	哂	75
rmcw	唒	20
rmcwa	蹭	516
rmd	吁	360
rmdam	蹅	55
rmdb	䟱	0
rmdhe	跛	55
rmdk	趹	55
rmdl	踈	55
rmdlc	䠭	0
rmdm	嚦	75
rmdm	㕶	0
rmdoo	𨂐	20
rmea	踏	516
rmeb	䠌	0
rmeee	䟾	0
rmei	䟕	20
rmf	吥	76
rmfb	踃	20
rmfbg	蹚	55
rmfbh	𨅝	20
rmfbk	䠥	0
rmfbr	䠀	80
rmfbw	𨆉	20
rmfcb	蹐	55
rmfdq	蹸	20
rmffe	躞	55
rmfh	䟞	0
rmfj	呯	75
rmfm	呸	75
rmfm	㗏	0
rmfq	跘	20
rmfqf	䠮	0
rmfqu	踡	55
rmfr	𠳝	20
rmg	㕵	0
rmgce	踜	55
rmgcg	踛	20
rmgdi	跱	55
rmgg	啀	75
rmgg	跬	55
rmggu	蹺	55
rmgi	䟩	0
rmgil	踋	55
rmgn	噖	0
rmgni	躊	55
rmgt	哢	75
rmgyo	跿	20
rmhdf	踿	20
rmhdv	踒	55
rmhdw	蹯	55
rmheq	跭	0
rmher	路	733
rmhgu	跣	55
rmhhj	䠋	20
rmhhw	蹓	55
rmhio	䟪	0
rmhjd	跦	55
rmhjg	踵	1
rmhjo	踬	55
rmhjr	䟯	0
rmhju	踲	0
rmhk	跃	317
rmhkb	蹻	20
rmhke	䟦	0
rmhlb	踽	55
rmhlc	躓	55
rmhml	斲	20
rmhmy	跅	55
rmhnd	跺	55
rmhne	䟝	0
rmhon	䟰	0
rmhoo	蹤	237
rmhoo	蹝	55
rmhqo	跌	55
rmhs	䟭	20
rmhsb	蹁	55
rmhsk	躈	20
rmhuc	躦	55
rmhuk	䠗	0
rmhuo	躜	55
rmhvd	跞	55
rmhvi	䟡	0
rmhvp	䟗	0
rmhwp	䠘	0
rmhyu	蹏	20
rmiav	踉	55
rmice	踆	55
rmig	咥	75
rmigi	躕	55
rmihf	䠞	80
rmii	踐	55
rmiim	䠁	0
rmij	践	55
rmijc	䟣	0
rmije	䟵	0
rmikk	跋	55
rmior	䠖	0
rmir	跆	55
rmism	𨃩	20
rmite	踱	55
rmitf	蹠	20
rmiv	䟠	0
rmiwg	躔	55
rmixp	蹗	20
rmiyr	踮	55
rmjb	䟛	0
rmjbc	蹎	55
rmjbj	𨂾	20
rmjcl	蹿	175
rmjco	䠚	0
rmjcv	躥	175
rmjd	跊	0
rmje	跂	55
rmjk	噉	20
rmjka	踷	0
rmjkd	踍	20
rmjlo	踕	20
rmjmf	踪	244
rmjmn	𨀉	20
rmjnu	踠	55
rmjoa	蹜	55
rmjp	跎	55
rmjpu	跷	55
rmjr	跍	55
rmjrb	䠒	0
rmjrr	䠉	0
rmk	吴	76
rmkcf	蹽	55
rmkgg	䠑	0
rmkmr	踦	55
rmkms	跨	317
rmkn	跠	20
rmkpb	蹛	20
rmkr	㖔	0
rmks	呖	75
rmksr	跏	55
rmku	呒	75
rmky	㗺	0
rmlb	啢	75
rmle	䠈	0
rmlk	哽	75
rmlm	啞	75
rmlmc	蹪	55
rmlmo	跳	510
rmlmy	䠊	0
rmln	㓸	0
rmlq	𨀞	20
rmlwp	跩	55
rmmcw	跴	20
rmmd	趶	20
rmmf	呩	20
rmmfb	躎	20
rmmfr	踎	20
rmmgi	𨆼	20
rmmi	呍	20
rmmig	跮	55
rmmlb	䠃	0
rmmlk	𨁈	20
rmmmi	蹰	55
rmmml	䟚	0
rmmmp	躧	55
rmmmv	䟴	20
rmmn	䟓	0
rmmnr	跒	0
rmmp	噁	20
rmmpm	䟼	0
rmmr	唔	75
rmmr	跖	55
rmmre	𨂽	20
rmmrw	踾	20
rmmt	趼	55
rmmto	蹶	55
rmmv	㖘	20
rmmvm	踁	20
rmmwu	蹮	55
rmn	叮	76
rmnbs	踴	55
rmncr	䠨	0
rmnf	䟢	0
rmnhb	蹫	0
rmnhd	蹂	55
rmnhe	趿	55
rmnib	踊	55
rmnih	䟥	0
rmnin	跢	20
rmnkq	踺	55
rmnmu	跪	510
rmnn	咧	75
rmnoe	蹳	20
rmnok	䠏	0
rmnot	蹬	514
rmnr	呵	75
rmnsd	跥	0
rmntl	䠬	0
rmob	唡	75
rmob	䟜	0
rmodi	跗	55
rmog	踓	20
rmohh	跈	20
rmoi	𡁷	20
rmoii	跉	0
rmoik	䟮	0
rmoin	趻	0
rmoip	踗	20
rmoir	蹌	55
rmokr	踟	55
rmom	䟬	0
rmomb	踚	20
rmomb	䠯	0
rmomd	䟻	0
rmomg	跧	55
rmomn	踰	20
rmomr	跲	55
rmon	趷	55
rmoog	䟶	0
rmooo	踨	20
rmora	䠦	0
rmorm	蹹	0
rmosu	跄	55
rmoto	𨆯	20
rmotq	躌	20
rmou	𠶲	20
rmowy	踇	20
rmoym	𨀣	20
rmpfd	踘	55
rmph	䟤	0
rmpi	趵	55
rmpmc	蹞	20
rmppj	跸	55
rmpr	跔	20
rmpru	跑	55
rmpsh	䟙	0
rmpt	跇	20
rmptd	蹀	55
rmqd	𨀤	20
rmqhl	䟷	0
rmqka	踳	20
rmqki	踌	55
rmqkx	蹖	20
rmqmc	蹟	20
rmqo	趺	55
rmr	𠰴	20
rmrb	嗝	75
rmrbc	䠝	0
rmre	㗞	0
rmrj	𠹶	20
rmrr	𠹭	20
rmrrd	躁	55
rmrrj	䠤	0
rmrse	䠍	0
rmrt	哣	20
rmruc	䠣	0
rmrvp	䟨	0
rmryo	踀	20
rmsei	䠱	0
rmseo	䠫	0
rmsja	䠧	0
rmsje	踙	20
rmsjj	躡	55
rmsjr	踞	55
rmsju	踂	20
rmsmg	躍	317
rmsmg	䠎	0
rmsmh	蹘	0
rmsmv	䠆	0
rmso	啄	75
rmsp	跜	20
rmsrj	躃	55
rmss	距	55
rmssr	跼	20
rmstv	蹍	20
rmsu	呃	76
rmsup	跽	55
rmsuu	䠇	0
rmswu	𨈇	20
rmt	咞	20
rmta	踖	55
rmtag	躪	55
rmtb	𡂖	20
rmtbc	䠄	0
rmtc	哑	75
rmtce	躨	20
rmtco	蹼	55
rmtcw	䠓	0
rmtja	躇	55
rmtkl	躑	55
rmtkr	蹃	0
rmtlb	蹣	55
rmtlg	躏	55
rmtmb	蹒	55
rmtmc	踑	20
rmtmj	𨅯	20
rmtmv	踸	20
rmto	噘	75
rmtpo	䠔	0
rmtqa	躤	20
rmtqm	蹉	55
rmtrg	䠰	0
rmtsj	䠜	0
rmtt	跰	20
rmttc	踫	20
rmtwa	蹧	55
rmtwi	蹲	511
rmu	䟖	0
rmua	噆	20
rmubb	蹦	176
rmue	嗄	75
rmuhi	𨅏	20
rmui	嘎	75
rmumb	踹	242
rmuw	𠵾	20
rmvh	呀	521
rmvi	嗕	75
rmvid	躒	55
rmvim	躖	20
rmvmi	蹡	55
rmvn	咓	20
rmvne	䟿	0
rmvs	号	57
rmvvi	䠪	0
rmvvv	躐	55
rmw	䟧	0
rmwc	𠿪	20
rmwd	踝	662
rmwd	㗚	0
rmwf	嘌	75
rmwg	喱	75
rmwg	㖶	0
rmwhd	䠅	0
rmwj	嘾	20
rmwjc	躀	20
rmwl	喕	20
rmwli	躅	55
rmwtj	蹕	55
rmwv	喓	75
rmwyi	𧿹	20
rmy	吓	360
rmy	䟔	0
rmyaj	踔	55
rmyav	蹆	20
rmybb	蹄	340
rmybp	躘	20
rmybs	䠙	0
rmycb	蹢	55
rmyck	跤	55
rmydk	蹾	55
rmyf	嘕	20
rmyfe	踧	55
rmyfu	蹴	55
rmyg	跓	20
rmygq	躂	55
rmyhj	跹	55
rmyhn	䟘	0
rmyhs	趽	0
rmyij	𨄮	20
rmyiu	䟲	0
rmyiu	䟽	0
rmyjj	蹥	20
rmyk	跶	55
rmykl	跻	55
rmylc	跡	243
rmylh	踄	20
rmylm	趾	663
rmymh	䠩	0
rmymp	跐	55
rmymu	躚	55
rmyoj	踤	55
rmypd	䠕	0
rmypm	䠡	0
rmypo	躆	20
rmyr	跕	55
rmyrv	躟	20
rmytg	蹱	20
rmytr	踣	55
rmytv	踥	55
rmyx	躋	55
rnbg	唃	75
rnbg	𡃏	20
rnbj	嘝	20
rnbk	喚	410
rnbs	㗈	0
rncr	噡	20
rnd	吇	20
rndt	𠵼	20
rndu	吼	351
rne	𠱁	20
rng	吜	76
rng	𡋾	20
rnhb	噊	20
rnhd	㖻	0
rnhe	吸	533
rnhs	𠮨	20
rnhx	啗	20
rnin	哆	75
rnir	𠱷	20
rniy	𠰻	20
rnkm	唌	20
rnl	吲	76
rnlb	𡃴	20
rnlf	𡁸	20
rnlm	唨	20
rnlm	𠾐	20
rnlr	啊	75
rnmk	㗋	0
rnmu	𠱓	20
rnn	𠮩	20
rno	吹	76
rnoe	㗶	0
rnot	噔	75
rnqd	𠹳	20
rnri	嚵	75
rnsp	喼	75
rnvm	吗	680
rnwa	嚕	75
rnxu	𪚩	20
ro	㕥	80
ro	叺	20
rob	吶	76
robq	𤰉	20
rod	咻	75
rodi	咐	75
rof	焁	0
rog	唯	75
rog	㘴	0
rogd	㗱	20
rogf	噍	75
rogp	㗹	0
rohe	𠿬	20
rohf	喺	75
roic	嗿	75
roif	𠼮	20
roii	呤	75
roin	吟	76
roip	唸	20
roip	𠰺	20
roir	唅	75
roir	嗆	75
roiv	喰	75
roiv	𠹸	20
roj	吘	20
rok	呚	0
roks	勋	77
roll	吤	20
rom	𠰋	20
roma	噲	75
romb	㖮	0
romd	唋	20
romi	哙	75
roml	啣	20
roml	𠵴	20
romm	噏	75
romn	喻	75
romo	噞	75
romq	嗱	20
romr	哈	75
romr	啥	75
romt	啽	75
romv	喩	20
ron	吃	721
rond	𠺪	20
ronk	喉	670
ronl	郧	54
roob	𠹹	20
roog	唑	75
rop	吪	76
ropd	咃	0
ropj	哗	75
roq	哖	20
rorp	㘛	0
rosk	咿	76
rosmm	䟳	0
ross	𠳔	20
rosu	呛	75
rotf	嘸	75
roto	𡂈	20
roud	嚹	20
roum	𠼭	20
rowr	嗰	20
royb	噙	75
roym	㖉	0
royv	𠵱	20
rp	叱	76
rp	吣	75
rpa	咰	20
rpbmr	㖰	0
rpcsh	哛	0
rpd	吔	76
rph	咇	75
rphaf	鴖	20
rphh	吻	76
rphp	唿	75
rpim	呁	20
rpko	㘈	0
rplii	蟁	20
rpln	刡	77
rpmbc	䪸	20
rpok	敃	68
rpoll	㖎	0
rpou	啕	75
rpp	吡	76
rppa	喈	75
rppj	哔	75
rpr	呴	75
rpru	咆	301
rpt	呭	20
rptd	喋	75
rpu	吨	75
rpuc	噸	75
rpuk	哅	20
rpuu	㗙	0
rpvk	㕼	0
rpvm	呜	75
rpwp	㥸	20
rpym	鸣	299
rqam	𠵆	20
rqbu	𡃁	20
rqde	𠵿	20
rqdm	𠾵	20
rqfh	𠳕	20
rqha	啪	296
rqhf	噄	0
rqhk	喫	20
rqhl	哳	75
rqhu	囓	20
rqhw	𡃓	20
rqj	㕩	0
rqjm	嘒	75
rqjp	嚖	0
rqka	㖺	0
rqkd	嗪	75
rqkq	唪	75
rqmb	啨	0
rqmc	嘖	75
rqme	唛	75
rqmf	嗉	75
rqmm	𠻺	20
rqmn	咑	75
rqmo	啧	75
rqne	𠳖	20
rqo	呋	75
rqyg	𡃵	20
rqyj	唞	75
rqym	𠳏	20
rqyt	啦	75
rr	吕	76
rrau	唈	75
rrbnq	䑝	0
rrbyj	斝	68
rrc	呮	0
rrf	喣	75
rrhaf	鷺	51
rrhn	咒	75
rrhu	呪	20
rrik	獸	148
rrik	哭	75
rrikr	器	546
rrill	喌	75
rrmcr	囂	75
rrmjs	咢	20
rrmmk	嚴	75
rrmms	咢	75
rrmor	嚣	75
rrmr	噐	20
rrmr	𡀔	20
rrms	呺	75
rrmvs	㕺	0
rrnl	郘	20
rrnvm	骂	350
rrob	㖞	75
rrpa	㗃	0
rrpym	鹭	51
rrr	品	635
rrrd	喿	75
rrrd	噪	75
rrrh	𠻝	20
rrrj	嘽	75
rrrk	㘙	0
rrrr	碞	61
rrrr	㗊	20
rrrs	㗁	20
rrru	喦	75
rrru	嵒	20
rrsk	㖐	0
rrslr	嚚	75
rrsn	哵	0
rrsqf	駡	350
rrtu	㖾	0
rruc	噀	75
rrvlr	嘂	75
rrvp	呡	75
rrw	㽞	0
rrwj	單	75
rrwmr	嘼	0
rrwmu	鼉	51
rrye	㗇	20
rryo	哫	75
rs	㕧	0
rsbn	唰	75
rsbuu	覨	0
rsec	㘋	0
rsef	𡁵	20
rsf	𤏩	20
rsfk	㘐	0
rsh	叨	76
rshaf	鴞	51
rshaf	鶚	51
rshb	嘱	75
rshu	𠳿	20
rshwj	㗗	0
rsit	嚂	20
rsj	咠	75
rsj	咡	75
rsje	嗫	75
rsje	㖩	0
rsjj	囁	75
rsjl	㖿	20
rsjl	㗦	0
rsjr	啹	20
rsk	呕	355
rsk	吚	20
rsl	叩	76
rslb	咂	75
rsll	𠱸	20
rsln	別	823
rsln	㓵	0
rsm	叼	303
rsma	㗩	0
rsmbc	顎	1
rsmbc	䪽	0
rsmbo	颚	1
rsme	唚	75
rsmg	哐	75
rsmg	喔	75
rsmg	嚁	20
rsmh	嘐	75
rsmi	㖊	75
rsmi	噚	75
rsmj	噿	20
rsmr	呞	0
rsnl	鄂	54
rso	呎	75
rsoiv	飸	0
rsp	呢	702
rspym	鹗	51
rsqf	嗎	680
rsql	哪	75
rsrj	噼	75
rsro	𡂿	20
rsrr	嘔	355
rss	𠰠	20
rssec	䫗	0
rsseo	㰺	0
rssl	卾	20
rssu	𠱃	20
rsuu	啒	20
rswu	囕	0
rsyi	囑	75
rsypu	號	57
rta	唶	75
rtak	嗼	20
rtav	噶	75
rtaw	囒	0
rtbc	唺	0
rtbo	𡁏	20
rtbs	唠	75
rtc	哄	75
rtcd	㗼	0
rtcg	𠼻	20
rtcl	嘶	299
rtco	噗	75
rtct	嗌	75
rtgf	㗝	20
rtgi	嚉	75
rtgi	囈	75
rtgk	𠸍	20
rtgu	唴	20
rthv	𠾭	20
rtj	𠯢	20
rtjg	嚡	20
rtjp	㗾	20
rtjs	嘞	75
rtk	哎	75
rtk	咲	20
rtkp	㘃	0
rtkr	喏	75
rtkr	𠸏	20
rtlf	嚥	20
rtlj	㗆	0
rtlk	𠸄	20
rtlo	嘆	75
rtm	咁	75
rtmc	唭	20
rtmd	㖼	0
rtmj	嘩	75
rtmv	啿	20
rtn	呓	75
rtnd	囌	491
rtod	嗏	20
rtoe	嚄	75
rtoi	𠸖	20
rtor	嗒	75
rtor	嗬	75
rtox	嚿	20
rtph	㖴	0
rtq	咩	75
rtqm	嗟	75
rtrg	嚾	20
rtst	㘕	0
rttb	㗕	0
rtub	嗍	75
rtui	嗴	0
rtvi	嗞	75
rtvp	㘂	0
rtw	喵	75
rtw	㖆	0
rtwa	嘈	75
rtwb	噧	0
rtwi	噂	75
rtwi	囆	75
rtwv	噥	75
rtxc	嗛	75
rtyb	嚆	75
rtyj	𡂴	20
ru	巳	72
ru	𠮿	20
rubb	嘣	75
rudi	导	72
rug	㙱	0
ruhjj	𢁅	20
ruhne	㱼	0
ruhr	𠸉	20
ruk	㕳	0
rukb	𨚼	20
rumb	喘	356
rumc	巺	0
rumg	嘊	0
rumi	嗤	75
rumr	啱	75
rune	㖤	0
runi	哕	75
runl	鄳	20
runl	䣞	0
runo	㰝	0
ruog	嗺	20
ruoiv	饕	52
ruok	攺	68
ruon	㖗	20
rurau	䣈	0
rurhu	㒭	0
rutc	巽	72
ruu	咄	75
ruvi	㗀	0
rv	𠯆	20
rve	呶	75
rveq	𠸎	20
rvfb	𠺶	20
rvff	噝	75
rvfh	𠴕	20
rvfi	喲	75
rvfj	𡃈	20
rvfu	𠾼	20
rvhi	𠹷	20
rvi	吆	76
rvid	嚛	0
rvii	嘰	75
rvio	㕽	0
rvis	呦	75
rvis	𠯻	20
rvjd	𠵈	20
rvjr	𠵎	20
rvl	叫	726
rvmi	哟	75
rvnc	呉	20
rvne	㖨	0
rvnk	吳	76
rvno	喙	75
rvp	民	740
rvvm	咝	75
rvvu	嗈	75
rwb	喟	75
rwc	呬	75
rwfr	嚸	0
rwg	哩	75
rwgf	嘿	75
rwgg	嚜	75
rwgn	嘢	75
rwhd	㖥	20
rwim	嘓	75
rwjr	𠴱	20
rwk	咽	360
rwkp	嗯	75
rwks	𠲸	20
rwl	呷	75
rwlb	喁	75
rwlc	嘪	20
rwlg	囉	75
rwli	噣	20
rwlj	㘁	0
rwln	啰	75
rwls	㗄	0
rwlv	噮	20
rwmi	啯	75
rwmv	喂	163
rwnl	鄙	54
rwot	嗢	20
rwtj	嗶	75
rwvf	𠼱	20
rwyi	呣	75
rxu	黽	51
ry	卟	76
ryaj	啅	75
ryao	噷	75
rybb	啼	298
rybb	㗻	20
rybg	囄	0
rybk	囐	0
rybp	嚨	669
rybs	嗙	75
ryc	𠯿	20
rycb	嘀	75
ryck	咬	75
rydg	囃	20
rydk	噋	0
rydl	噺	20
rydl	㗥	0
rydu	嚫	20
ryfu	噈	20
ryg	𠰍	20
rygq	噠	75
ryhc	嚬	75
ryhc	㘖	0
ryhh	喭	75
ryhn	吭	76
ryhr	㗓	0
ryhs	㕫	0
ryhv	𠲖	20
ryib	唷	75
ryid	𠾍	20
ryj	呌	20
ryjj	嗹	75
ryk	呅	20
rykl	哜	75
rymb	啃	304
rymh	噦	75
rymp	呲	75
rymr	唁	75
rymu	嚙	75
rymy	咔	75
rynb	嗵	75
ryo	足	562
ryoe	𡃀	20
ryoj	啐	75
ryok	㖡	20
ryon	㘌	0
rypb	嘴	75
rypc	嘘	75
rypd	喍	20
rypd	嘑	20
rypf	㗪	0
rypk	噳	75
rypk	㗔	0
rypm	噓	75
rypm	㖸	0
rypo	噱	75
rypt	嚧	20
rypu	唬	75
ryr	呫	75
ryrb	嗃	75
ryrd	啍	75
ryrn	哼	75
ryro	嚎	301
ryru	喨	75
ryrv	嚷	75
ryrv	㗒	20
ryse	叚	20
rysk	嗾	75
ryso	𠸝	20
rysy	唹	75
ryt	㕸	20
ryta	喑	75
rytg	噇	75
ryti	嚱	75
rytj	㖕	0
rytp	噫	75
rytr	㖣	0
rytv	唼	75
ryub	𠻗	20
ryvg	噰	20
ryvi	呟	20
ryvo	咳	360
ryvw	㗜	0
rywe	嚃	75
rywo	𠺖	20
rywo	嚺	0
rywr	啚	0
ryx	嚌	75
s	尸	72
sahaf	鷵	20
sahni	飁	20
sai	㦻	0
sammu	翫	20
sanl	䣝	20
sau	㞎	80
sav	匽	77
sbcc	屭	20
sbe	㕞	0
sbhg	朢	20
sbln	刷	77
sbln	㔉	0
sbo	屃	72
sbuc	屓	72
sbug	匷	20
sc	匹	77
scb	㞕	0
schaf	鴄	51
schne	殿	66
scwa	層	525
sd	杘	0
sdb	㞖	0
se	尿	360
se	㞋	0
seb	臀	660
seb	腎	656
seb	㬾	0
sebu	䁂	0
sebu	瞖	0
sebuc	賢	56
sebuc	贀	20
sec	鋻	20
sed	棸	67
sef	焣	20
sef	㷂	0
sef	㷅	0
seg	堅	497
seg	埾	20
seg	壂	20
seg	㙠	0
sehaf	鷖	51
sehde	䵖	0
sehq	㹂	0
selmi	蜸	20
selmi	䗟	0
sembo	颞	52
semcw	醫	654
semgi	瑿	63
semgi	𤩱	20
semoo	毉	66
semr	硻	61
semr	䃜	0
semrt	豎	61
semrt	䝂	0
send	孯	0
seobo	臋	0
seog	匯	77
seooo	聚	59
sepym	鹥	51
seq	掔	69
ser	㗨	0
sesmm	翳	62
seu	㞑	0
sev	娶	73
sev	婜	20
sev	嫛	20
sevif	緊	482
sevif	繄	60
sewgf	黳	20
seyt	竪	61
sfa	馹	52
sfaa	䮖	20
sfabt	𩥈	20
sfajv	騴	20
sfamj	駻	51
sfamo	騠	20
sfapp	騉	51
sfapv	騔	20
sfb	屑	72
sfbbb	䮩	0
sfbbr	騧	51
sfbbu	䮭	0
sfbcr	䮐	20
sfbdi	䮑	0
sfbgr	騆	51
sfbjj	䮝	20
sfbm	駔	52
sfbmr	駧	20
sfbr	駉	20
sfbvk	騱	20
sfck	䭸	0
sfcru	駾	51
sfcsh	䭻	20
sfcwa	驓	20
sfd	屎	72
sfdhe	駊	0
sfdi	尉	360
sfdi	㷉	20
sfdk	駃	20
sfdl	駷	20
sfdoo	騋	51
sfdv	屡	72
sfe	馭	52
sfeed	䮣	0
sfeee	䮕	0
sfeii	騷	353
sfeli	騒	20
sff	㷦	0
sffdq	驎	20
sfffq	䮼	0
sffmu	駫	0
sffqf	驣	20
sffwj	騨	20
sfgbd	驝	0
sfgce	䮚	0
sfgcg	𩣱	20
sfggu	驍	51
sfgi	䮃	0
sfgni	䮻	0
sfhae	騡	20
sfhag	騜	20
sfhdp	騬	20
sfhdw	䮳	0
sfher	駱	51
sfhgu	駪	20
sfhhl	駠	52
sfhhw	騮	51
sfhi	騩	20
sfhjd	駯	51
sfhjm	䮔	0
sfhjx	䮢	0
sfhkb	驕	492
sfhml	馸	20
sfhni	颿	20
sfhni	䭵	0
sfhp	馲	52
sfhq	䭽	0
sfhqi	騀	0
sfhqo	䭿	0
sfhqu	䭷	0
sfhsb	騙	51
sfhsm	騸	51
sfhvl	䭹	0
sfhwp	驄	51
sfhxe	騪	20
sfhxu	䮘	0
sfiav	駺	20
sfice	駿	51
sfihu	馻	20
sfiih	驂	51
sfij	駥	20
sfijb	䮒	0
sfik	䭾	20
sfikk	䮂	0
sfiku	駀	0
sfill	駲	20
sfiok	騃	51
sfiop	𩥝	20
sfipf	䮽	20
sfir	駘	52
sfirm	䮙	0
sfis	馿	0
sfist	𩦝	20
sfit	駴	51
sfit	䮁	0
sfitc	𩧉	20
sfiuh	駹	51
sfiv	䮅	0
sfixp	騼	20
sfj	䭴	0
sfjb	馷	0
sfje	馶	0
sfjfe	䮟	0
sfjig	驖	51
sfjmc	驞	20
sfjmf	騌	51
sfjon	䮮	0
sfjp	駝	343
sfjto	䮿	0
sfjv	𩣑	20
sfjyj	䮨	0
sfk	馱	80
sfki	駄	20
sfkk	駁	392
sfkkb	䮎	20
sfkkk	騻	20
sfkmr	騎	360
sfkn	䮊	0
sfl	馽	20
sflbk	駚	20
sflbu	馾	0
sflk	駛	52
sflll	馴	52
sfllv	䮫	0
sflmo	駣	20
sflmy	騑	51
sflpc	驥	51
sflq	䮇	0
sflw	駎	20
sflws	騁	51
sflx	驌	51
sfmbu	驦	51
sfmfj	駍	20
sfmfj	䮆	0
sfmfm	駓	20
sfmgi	𩢤	20
sfmhf	騵	20
sfmig	駤	20
sfmj	馯	52
sfml	䭶	0
sfmlm	𩤃	20
sfmlw	驑	0
sfmml	䭼	0
sfmmp	驪	51
sfmmr	䮏	0
sfmnn	䮋	0
sfmrb	䮥	0
sfmrw	䮠	0
sfmtb	𩧃	20
sfmvm	𩣪	20
sfmwf	驃	51
sfmwj	驔	51
sfmwv	騕	51
sfmx	駵	51
sfnhb	驈	51
sfnhd	騥	20
sfnhe	馺	20
sfnin	䮈	0
sfniq	䑞	0
sfnkq	騝	20
sfnkv	駳	0
sfnl	䣕	0
sfnli	䮛	0
sfnoe	驋	0
sfnok	騤	51
sfnoo	騛	20
sfnot	䮴	0
sfnqd	䮪	0
sfoae	䮡	0
sfobg	䮤	0
sfod	䮌	0
sfodi	駙	52
sfog	騅	51
sfogd	䮶	0
sfohh	駗	52
sfohv	䮉	0
sfoii	駖	20
sfoip	騐	20
sfok	駇	20
sfom	駈	20
sfomd	駼	20
sfomg	駩	20
sfomn	騟	20
sfomo	驗	51
sfomr	騇	51
sfopd	駞	0
sfpa	駨	0
sfpd	馳	52
sfph	駜	52
sfpi	馰	20
sfpkp	騘	51
sfpou	騊	20
sfpr	駒	341
sfpru	䮀	0
sfptd	䮜	0
sfpuu	騶	51
sfqjr	騞	20
sfqka	䮞	0
sfqsk	䮯	0
sfrau	䣖	0
sfrb	駽	51
sfrrj	驒	51
sfrye	騢	51
sfseo	驟	51
sfsfd	䯂	0
sfsff	驫	51
sfshr	駋	52
sfsj	駬	52
sfsjj	䯀	20
sfsjr	𩤅	20
sfsk	駆	20
sfsma	騽	20
sfsmc	龮	20
sfsme	駸	51
sfsnd	驏	51
sfso	駅	20
sfsqf	騳	0
sfsrr	驅	68
sfss	駏	20
sfssr	駶	20
sfstv	𩥇	20
sft	馵	52
sftaj	騲	20
sftak	䮬	0
sftbn	騚	20
sftcd	驜	20
sftjd	驧	20
sftlf	驠	20
sftlm	騹	20
sftmc	騏	51
sftmc	䮲	0
sftmj	驊	51
sftrg	驩	20
sftt	駢	52
sfuce	騣	20
sfuhj	𩥪	20
sfumj	䮗	20
sfumt	𩥉	20
sfuob	驨	20
sfvne	騄	20
sfwc	駟	52
sfwd	騍	51
sfwk	駰	51
sfwli	䮷	0
sfwlj	驛	51
sfwp	騦	20
sfwtc	龭	20
sfwtj	驆	51
sfwvf	騾	342
sfyaj	䮓	20
sfybp	䮾	20
sfybs	騯	20
sfycb	䮰	0
sfyck	駮	20
sfydk	驐	20
sfyg	駐	52
sfyhn	䭺	0
sfyhv	褧	57
sfyhv	䮍	0
sfyjj	騈	20
sfyk	馼	20
sfymh	䮹	0
sfymo	䮱	0
sfynq	䯁	0
sfypm	驉	20
sfypt	驢	342
sfyrb	䮦	0
sfyrv	驤	51
sfytg	䮵	0
sfytj	騂	51
sfytj	騿	20
sfyvi	䮄	0
sfyvo	駭	173
sfywm	驙	51
sfyx	䮺	0
sghaf	鸐	51
sgi	戳	546
sgjwp	聽	797
sgks	劻	77
sgln	剭	20
sgnl	邼	0
sgwc	匵	77
sgye	㪬	0
sh	刀	77
shaf	鳲	51
shaf	䲩	0
shajv	䰋	0
shana	鬝	0
shanb	鬜	0
shaph	鬄	51
shau	䯲	0
shawe	鬘	51
shbb	鬅	51
shbd	䰂	0
shbm	䯶	0
shbmm	髥	20
shbqr	䯾	0
shbt	匴	77
shbu	㞒	0
shby	𩬅	20
shc	刅	20
shci	䯳	0
shcnh	鬀	0
shcwa	鬙	51
shd	髤	0
shdbn	鬎	51
shdci	鬆	481
shdhe	髲	51
shdoe	䰍	0
she	䯭	0
shefh	髿	20
shfb	髾	51
shfh	䯯	0
shfqu	鬈	51
shgb	髯	51
shgr	髻	51
shhaf	鷚	51
shhaf	鳭	20
shhdf	鬏	51
shhdn	鬁	51
shhdv	䰀	0
shhej	髼	20
shhet	䰔	0
shhg	𩬎	20
shhgr	䯻	0
shhhc	鬚	220
shhjr	髺	51
shhn	髠	51
shhne	䯴	0
shhoo	䰌	0
shhpr	䯺	0
shhqu	髦	51
shhuc	䰖	0
shhus	䰓	0
shhye	䰉	0
shi	刃	77
shi	戮	77
shibi	䰊	0
shiih	鬖	51
shij	䯷	0
shikk	髮	938
shimo	䯸	0
shio	㞏	0
shjbc	鬒	51
shjig	䰏	0
shjka	䰇	20
shjmc	鬢	51
shjmf	鬃	51
shjoc	鬓	51
shjpa	鬐	51
shjpn	鬡	0
shjrb	鬍	458
shjt	䯵	0
shjx	㞚	0
shke	髪	20
shkhf	䯼	0
shkmb	鬌	20
shks	勠	77
shlb	属	360
shlbu	髧	51
shlln	髴	20
shlmc	䰎	20
shln	剹	20
shmbb	䰑	0
shmbc	顟	20
shmbc	䰅	0
shmbl	髵	0
shmf	䯱	0
shmfm	髬	20
shml	匠	84
shmls	髩	51
shmmu	髨	51
shmu	髡	51
shn	凥	77
shnhd	䰆	0
shnhs	䯮	0
shnih	髳	51
shnl	鄝	20
shnmu	𩯕	20
shnr	㔯	0
shnsd	鬇	0
shoa	㞛	0
shob	屩	72
shod	屧	72
shod	髹	51
shoe	屐	72
shoe	履	72
shog	雡	20
sholl	䯰	0
shoma	鬠	51
shomc	鬂	20
shoo	屣	72
shoo	㞞	0
shoog	髽	51
shot	屜	310
shov	屨	72
shov	㞜	0
shpd	髢	51
shpru	髱	20
shpt	髰	0
shpym	鹨	51
shqka	鬊	20
shqu	尾	72
shr	召	360
shsb	匾	77
shshb	脋	0
shshh	刕	0
shshr	髫	51
shsit	䰐	0
shsj	髶	20
shsme	䯹	0
shtak	鬕	20
shtbn	鬋	51
shtbo	䰒	0
shtc	髸	0
shthu	䭮	0
shtlb	鬗	51
shtqm	䰈	0
shttc	䰃	0
shtw	髷	20
shtwv	鬞	20
shtxc	鬑	51
shuce	鬉	20
shue	㞙	80
shvne	䰁	0
shvvv	鬣	51
shwkv	鬛	0
shwlv	鬟	51
shwp	䰄	20
shxo	㔱	0
shyhj	鬔	20
shyhs	髣	51
shymp	髭	51
shyoj	䯿	0
shypt	䰕	0
shyrv	鬤	20
shytr	䯽	0
shyu	㔸	0
sibt	監	62
sibuu	覧	20
sic	鍳	20
sicvs	䦇	0
sif	熨	360
sihhh	髟	51
sihk	镺	20
sihml	斸	68
sihq	犚	20
sihqo	镻	53
sije	㞗	80
sikcf	镽	20
sikm	䦈	0
silmi	螱	20
siln	劚	20
silq	肆	59
sim	习	59
simbc	䫮	0
simfb	镾	0
simgi	𤧬	20
simgi	㻨	0
simrt	䜿	0
simvn	瓺	0
sinl	鄩	20
sino	镹	0
sip	慰	233
sip	忍	71
siqsk	䦋	0
sisuu	镼	20
sit	匥	0
sitoe	彠	71
siwc	䦉	80
siyhv	褽	57
siymf	䦊	0
siymm	歰	66
sj	耳	1
sjavf	䏉	0
sjb	臂	360
sjb	䎳	0
sjbac	䏃	0
sjbmm	耼	59
sjbof	䏅	0
sjbqr	䎻	0
sjc	屄	72
sjc	鐾	53
sjcim	聬	20
sjcip	聡	59
sjcrp	聪	59
sjcsh	聁	0
sjd	檗	66
sjdln	䏀	0
sje	取	574
sje	㵨	0
sjee	聂	59
sjenl	郰	54
sjf	耿	59
sjfd	糪	20
sjff	𦖠	20
sjg	壁	207
sjgb	聃	59
sjgr	聐	20
sjhaf	鷿	20
sjhbn	䎺	20
sjhdf	䎿	0
sjhgr	聕	0
sjhhj	聛	20
sjhhl	聊	59
sjhjd	䎷	0
sjhjr	聒	59
sjhlb	聥	0
sjhpa	䎽	0
sjhqu	毦	20
sjhui	聭	0
sjhwp	聰	59
sjhxe	䏂	0
sjhxu	聣	20
sji	聀	0
sjirm	聝	59
sjjbf	聺	0
sjjcg	䏄	0
sjjcm	聜	20
sjjmn	聍	59
sjjmo	聢	20
sjjn	匭	77
sjjpn	聹	59
sjjwp	聴	20
sjjyj	䏁	20
sjk	䢃	0
sjka	屠	72
sjkf	屪	72
sjki	耾	20
sjkoo	聗	0
sjlb	幦	71
sjlbu	耽	59
sjlmc	聵	59
sjlmo	聩	59
sjln	刵	77
sjlwl	䎶	0
sjlws	聘	255
sjmbc	顳	52
sjmbl	聏	20
sjmg	𤩹	20
sjmgi	璧	63
sjmmi	耺	0
sjmmr	䎸	0
sjmn	耵	59
sjmr	礕	0
sjmvn	甓	63
sjmwf	䏇	0
sjmym	聇	20
sjn	䎲	0
sjncr	聸	20
sjnd	孹	0
sjnl	耶	59
sjno	㱌	0
sjnok	聧	20
sjohh	聄	0
sjoii	聆	59
sjoin	耹	20
sjok	𣀳	20
sjok	聅	0
sjomb	䎾	0
sjomn	𦖭	20
sjomr	𦕲	20
sjp	恥	70
sjp	憵	20
sjph	䎵	0
sjpkp	聦	59
sjq	擘	69
sjqmb	聙	0
sjr	居	72
sjrc	职	59
sjrxu	鼊	20
sjryo	躄	55
sjsh	劈	547
sjsj	聑	20
sjsjj	聶	59
sjtk	联	59
sjtor	𦖿	20
sjtt	䎴	0
sjtwa	䏆	0
sju	耴	20
sjuu	聉	0
sjv	嬖	73
sjvff	䏈	0
sjvif	繴	20
sjvik	聫	0
sjvis	聈	20
sjvit	聯	59
sjvne	䎼	0
sjybp	䏊	0
sjyhv	襞	57
sjyia	職	59
sjyjj	聠	0
sjylm	耻	70
sjymr	譬	56
sjyrn	聤	20
sk	区	77
sk	尹	72
skcf	㞠	20
skhaf	鴎	20
skhne	殴	66
skm	丒	80
skmbc	䪳	0
skmvn	瓯	63
skn	尻	72
skni	㞍	0
skno	欧	66
skoo	匧	77
skp	悘	0
skpym	鸥	555
skqn	匦	77
skr	君	76
skrr	匲	20
sl	卩	76
slb	匝	77
sle	臤	20
sli	卪	76
slm	卫	398
slmbc	頤	52
slmbc	頣	20
slmbo	颐	52
slmc	匱	77
slmo	匮	77
slmvn	㼢	0
slmy	匪	693
slmy	屝	72
slnf	䑐	0
slnl	䢻	0
slo	臥	337
slorr	臨	59
slqmc	賾	56
slqmo	赜	56
slr	㠯	0
slru	巸	0
slsl	臣	59
slsll	臦	20
sltco	䑑	0
slvif	綤	20
slw	届	337
slwv	屢	72
sly	卧	59
slymr	䛗	0
sm	刁	77
smamo	翨	20
smbjj	翬	59
smbjj	𦑩	20
smbkq	翚	59
smblb	帚	72
smcsh	翂	20
smdhe	翍	20
smdi	寻	72
smea	䎓	0
smf	灵	52
smfht	彛	71
smg	匡	77
smgi	匤	20
smha	習	59
smhaf	翵	20
smhqo	翐	20
smhqu	毣	20
smht	𦐒	20
smi	镸	53
smi	𦐂	20
smibi	䎔	0
smig	屋	72
smihi	䎉	0
smii	䎒	0
smijb	䎍	0
smikk	翇	20
smip	𦏵	20
smiv	䎀	0
smje	翄	0
smk	㚑	0
smknj	翆	20
smkoo	翜	20
sml	翀	59
sml	𠁨	20
smlb	屚	0
smlwp	䎈	0
smm	羾	20
smmbc	頨	20
smmg	䍿	0
smmi	层	525
smmii	㝷	0
smmri	尋	72
smmv	㞡	0
smmv	屒	0
smnl	䣁	0
smnp	屍	72
smob	㔷	0
smog	翟	59
smohh	翏	59
smoii	䎆	0
smonk	翭	20
smpd	𦏸	20
smpr	翑	20
smpru	䎂	0
smqjm	𦒄	20
smqjp	䎚	20
smqmb	𦑊	20
smr	司	625
smryo	䎌	0
smsim	羽	59
smsju	䎎	0
smso	𡱰	20
smso	㞘	0
smt	羿	59
smuce	翪	59
smv	長	895
smvne	䎑	0
smwtc	翼	309
smyjj	翴	20
smyk	𦐐	20
smyoj	翠	213
smyrb	翯	59
smyrf	翞	20
smyt	翌	59
smyt	翋	20
smytv	翣	59
snd	㞌	0
sndd	孱	73
snin	㞔	0
sniy	㔰	0
snlr	屙	72
sno	匛	0
so	尺	72
soam	昼	68
sog	龨	20
soin	㔲	0
soin	㔳	0
soiv	䬤	0
sok	医	654
soln	㔌	0
somn	匬	20
somo	匳	20
somr	匼	20
sonl	鄹	54
sono	㰼	0
soog	𠥔	20
sop	㥦	0
sorc	咫	75
soy	尽	606
sp	尼	559
spa	㞓	0
spbuc	贒	20
spd	匜	77
spha	匫	0
sphaf	鵋	20
sphaf	䲿	0
sphh	匢	20
spp	屁	72
spt	屉	310
sptd	屟	0
spym	鸤	51
sqln	㓾	0
sqnl	那	971
sqsf	馬	782
sr	叵	76
sr	𡰪	20
srbt	盬	62
srbuu	覗	57
srbuu	䙼	0
srdi	尀	0
srf	焄	64
srf	𤍥	20
srhaf	鷗	555
srhaf	鵘	20
srhaf	鶋	20
srhaf	䳂	0
srhg	聖	75
srhne	毆	66
srhrf	𠥹	20
srks	劭	77
srlb	屌	72
srlii	䘌	0
srln	剧	529
srln	刟	20
srmbc	頵	20
srmvn	甌	63
srn	㐒	0
srnd	孠	0
srnl	郡	172
srnl	邵	54
srno	歐	66
srp	慝	70
srrau	𨛦	20
srrj	匰	20
srrr	區	77
srru	巶	0
srsl	卲	76
srsmm	䎄	0
srtq	群	454
srtq	羣	20
sruc	㔵	0
srye	敺	20
srye	㪊	0
sryhv	裠	0
sryjf	鸊	51
sryjm	䴙	51
srymr	䛐	20
srytj	辟	360
ss	巨	72
ssf	燛	20
sskll	臩	20
sslii	螶	20
ssn	乬	0
ssnl	䢹	0
ssr	局	494
ssu	凹	478
sthqu	㲯	0
stkr	匿	77
stkr	𡲢	20
stln	㔋	0
stox	匶	77
stqq	羼	59
stt	屏	360
stv	展	72
stwk	㞟	0
su	己	916
su	已	871
su	㔾	80
sudi	屗	0
suf	煕	64
suf	熙	64
suf	𤋮	20
sug	屆	337
suhaf	鶌	20
suhqm	𡲥	20
suhu	兕	78
sumbc	䪱	0
sumg	匩	0
sund	屘	72
sunl	邔	20
suok	改	68
sup	忌	71
sut	异	62
sutc	𢁉	20
sutmc	㠱	0
suu	屈	72
suu	㞯	0
suv	妀	20
suv	媐	20
svhaf	鶠	20
svmb	屫	72
svmg	匨	0
svnl	郾	54
svno	㰽	0
svryo	𨃨	20
sw	屇	72
swbt	鹽	51
swbuu	覽	57
swc	鑒	54
swd	㯺	0
swl	匣	187
swmvn	㽉	0
swq	擥	69
swtc	㔴	0
swymr	譼	0
syhn	匟	20
syhyn	䖙	0
syjc	㔶	0
syjj	屛	72
syoiv	䭆	0
syp	𢛶	20
syt	㞐	0
sytj	屖	72
syyi	屬	360
syyq	犀	63
syyu	𡲬	20
t	廿	71
ta	昔	68
ta	䒤	0
taa	菖	58
taaa	蕌	20
tab	萌	58
tabt	蒀	20
tabu	萺	20
tad	菒	0
tadhe	皵	20
tadi	莳	58
tagi	蒔	58
tahaf	鵲	559
tahml	斮	68
tahs	葃	20
tahu	葿	20
tail	莭	58
taiu	蔇	58
taj	草	58
tak	莫	253
taka	暮	207
takb	幕	71
takf	驀	51
takg	墓	171
taki	蟇	20
taki	𦻒	20
takm	蓦	51
takn	㱳	0
takp	慕	319
takq	摹	270
takr	謩	0
taks	募	378
talk	𦴤	20
taln	剒	77
tam	㠮	0
tamj	䓍	0
tan	菛	20
tana	蕳	58
tanb	蕑	58
tand	䔵	0
tang	藺	57
tanp	蕄	20
tanr	䕡	20
tanr	蔄	20
tanv	蔅	20
tanv	䕞	0
tanw	蘭	20
taog	䧿	0
taok	㪚	0
taph	䓪	20
tapp	菎	58
tapv	葛	58
tapym	鹊	559
tase	蕞	58
tau	芭	58
tav	茛	58
tawe	蔓	360
tbac	蓂	58
tbau	萉	20
tbav	﨟	20
tbb	萠	20
tbb	䒿	0
tbbb	蓇	58
tbbe	薆	58
tbbhu	觏	57
tbbk	䕧	0
tbbq	蕣	58
tbbr	萵	58
tbbu	薍	20
tbbuu	覯	57
tbc	典	78
tbc	蓥	54
tbcn	萴	58
tbcsh	黺	20
tbcv	蘡	20
tbd	菜	137
tbd	槊	66
tbd	荣	66
tbdh	𦹮	20
tbe	荥	64
tbf	荧	64
tbfe	藤	606
tbff	虅	20
tbff	䕨	0
tbfs	蕂	20
tbg	塑	272
tbgr	䓟	20
tbhf	蔿	20
tbhg	薶	57
tbhn	䒮	0
tbhq	荦	63
tbhs	葄	58
tbhu	苋	58
tbhu	藐	57
tbhx	蓞	20
tbib	䔕	0
tbijb	黼	51
tbikk	黻	51
tbjj	葷	58
tbkf	䔳	20
tbki	䒯	0
tbkk	䒽	20
tbkq	荤	58
tbks	劳	392
tbks	勱	77
tbli	繭	162
tbli	萤	57
tbln	前	910
tbln	蒯	58
tbm	苴	58
tbmbc	顜	52
tbmbc	顢	52
tbmbo	颟	52
tbme	萲	20
tbmg	莹	234
tbmig	䑓	0
tbmm	䒣	0
tbmo	蒙	370
tbmr	茼	58
tbms	莇	20
tbmv	䓻	0
tbmw	蒏	20
tbnd	莩	58
tbnd	㮍	0
tbnf	煎	553
tbnh	剪	77
tbni	蒬	20
tbnj	茕	64
tbnm	翦	59
tbof	蔡	58
tbok	散	80
tbon	荝	58
tbop	萞	0
tbou	䓨	20
tbou	䔄	20
tbp	愬	20
tbp	𦽳	20
tbpm	莺	51
tbpr	葋	20
tbq	苚	0
tbr	苘	58
tbrr	营	63
tbse	菔	58
tbtv	菵	20
tbu	苜	58
tbud	蔝	20
tbuf	蘨	20
tbui	萈	0
tbuk	藈	20
tbul	薡	20
tbut	萛	20
tbuu	莧	58
tbuw	䕎	0
tbv	荽	58
tbvf	萦	60
tbvk	蒵	0
tby	䒟	20
tbyj	斠	68
tbytp	䖁	0
tc	业	689
tc	共	78
tc	菳	20
tc	䒔	0
tca	普	68
tca	㫷	0
tcb	期	899
tcb	朞	20
tcb	䐌	0
tcbhu	觍	57
tcbt	益	62
tcbuu	覥	57
tcd	棊	20
tcd	㭟	0
tce	㳟	0
tcfb	黹	51
tcfb	䕥	0
tcfh	㝺	0
tcg	基	74
tcgg	黊	0
tchaf	鶼	51
tchaf	鷬	51
tchaf	䳍	20
tchaf	䳢	20
tche	夔	74
tche	䕫	0
tchml	斯	882
tcim	蓊	58
tcip	䓗	0
tcjl	蕲	57
tcjwj	輂	55
tckb	䵋	0
tckoo	䵌	0
tclbu	黆	20
tclmi	蛬	20
tcln	剘	0
tcmbc	䫏	80
tcmbc	䫡	0
tcmr	碁	20
tcmvn	甉	0
tcn	㐞	0
tcnl	邺	54
tcnl	䢼	20
tcno	欺	66
tcno	歉	66
tcnok	彂	0
tcoin	黅	0
tcok	敟	20
tcp	恭	70
tcp	惎	70
tcpi	䔙	0
tcpym	鹣	51
tcq	拲	20
tcrau	䢽	0
tcrrj	䵐	0
tcru	巷	360
tcru	莌	20
tcsd	棻	67
tcsh	芬	58
tcsmh	䵏	0
tcst	葐	20
tctd	業	689
tcte	叢	76
tctj	丵	80
tcto	菐	58
tctu	凿	53
tcumb	䵎	0
tcvif	綦	60
tcwm	酋	54
tcye	㪠	0
tcyg	黈	51
tcyj	斢	68
tcyj	㪸	0
tcymr	諅	20
tcyr	黇	51
tcyrd	䵍	0
td	㭉	0
tdav	𦶠	20
tdb	茦	58
tdbb	蕀	20
tdbk	蓛	20
tdbn	莿	58
tdbu	葙	58
tdci	菘	58
tdd	菻	58
tddh	䖇	0
tdfb	䔠	0
tdg	荰	0
tdgg	蓕	0
tdhaf	鷋	20
tdhaf	鸈	0
tdhl	菥	58
tdj	茉	58
tdje	䓩	20
tdk	芵	20
tdkf	䕩	0
tdlc	藾	57
tdlk	䔩	0
tdln	䓶	0
tdlo	蔌	58
tdlu	萙	0
tdm	苯	58
tdmq	葦	596
tdnl	鄴	54
tdno	㱉	0
tdof	藮	20
tdon	䕆	0
tdoo	萊	58
tdoy	䔦	0
tdqt	𧄧	20
tdr	莕	58
tdrd	𦹂	20
tdsr	藲	20
tdt	莱	58
tdte	𧁒	20
tdw	菄	20
tdwf	萰	58
tea	䓠	0
teae	䕕	20
teah	蕩	62
teap	𦹲	20
teat	蕰	58
teav	䔽	20
tebd	𦷰	20
tebm	菹	58
tebv	𦷪	20
tec	鑿	53
ted	莯	20
tede	菠	3
teev	蔢	0
tefd	糳	20
tefh	莎	241
tege	蔆	20
teha	萡	20
tehl	䓅	20
tehm	䓜	0
tehn	䓷	0
tehp	𦿞	20
tehp	䓋	0
tehr	落	607
tehr	萿	20
tehr	𦶡	20
teht	蘯	20
tehv	蒎	58
tehv	䓾	0
tehw	藩	57
teib	蒲	58
teii	薄	361
teii	䔐	0
teir	菭	20
teiv	蒗	58
teln	劐	77
telq	葏	0
telu	莐	20
tem	茳	58
temf	薸	57
temj	萍	58
temj	藫	20
temn	𦭑	20
temr	菏	58
temt	䓑	0
tend	蒅	0
tene	莈	20
tenh	荡	62
teod	蒤	20
teom	虃	20
teon	蕍	58
teot	蒞	65
teoy	𦷫	20
tepa	𦴥	20
tepu	萢	20
teqb	蔳	58
terd	藻	57
tesd	蕖	58
tese	蓡	20
tesr	菬	20
tess	菃	58
test	蘫	0
tesu	范	60
tetc	葓	20
tett	蓱	58
tevd	薻	57
tewb	蕅	20
tewj	䕪	20
tewt	薀	58
teyb	薃	58
teye	蔋	58
teym	鿊	20
teyp	𦴢	20
teyr	𦹃	20
teyt	𦲷	20
teyu	蓅	20
teyv	茫	352
tf	苂	20
tf	䒕	0
tfa	㬫	20
tfaj	蔊	58
tfb	莦	58
tfbe	蕿	0
tfbk	蔽	58
tfbn	萷	20
tfdv	蒌	58
tff	菼	58
tfff	藀	20
tfh	䒚	0
tfhaf	䴏	0
tfhw	䕰	0
tfk	𡙡	20
tfkc	蘱	20
tfku	虌	20
tfmbc	䫞	0
tfmc	薠	58
tfmu	茪	20
tfnl	酀	20
tfpi	䓎	20
tfqu	菤	20
tfvk	薮	57
tfyj	𦻐	20
tg	芏	58
tg	𦍌	20
tgb	苒	58
tgbt	盖	376
tgbuu	觀	608
tgce	菱	58
tgcw	蔷	58
tgdi	對	951
tgdi	䓁	0
tgea	𧅥	20
tgeno	羨	290
tgf	羔	59
tgf	㸐	0
tgfo	羮	59
tgfo	䕀	0
tgftk	羹	227
tgg	茥	58
tggf	䕭	80
tggi	葑	58
tggi	蓺	58
tggu	蕘	58
tghaf	鸛	51
tghds	羲	59
tghi	羗	20
tghi	𦍑	20
tghml	𣂷	20
tghml	𣂼	20
tghni	飌	52
tghqi	義	59
tghu	羌	59
tgi	䒧	0
tgif	爇	63
tgii	藝	57
tgimo	羡	318
tgine	羕	20
tgir	䕋	0
tgit	蓋	376
tgjd	䕮	0
tgje	蕔	58
tgji	蓻	20
tgk	美	921
tgks	勸	329
tglc	䓇	0
tglln	羛	20
tglmi	𧕴	20
tgmbc	顴	1
tgmbo	颧	1
tgmj	𦱾	20
tgni	薵	20
tgnl	酄	20
tgno	歡	669
tgno	羑	59
tgno	莰	58
tgobo	臡	20
tgow	薔	58
tgp	恙	70
tgp	戁	70
tgp	䓌	0
tgpm	荺	20
tgpym	鹳	51
tgq	𢺋	20
tgr	䓀	20
tgrf	䕵	0
tgrg	薹	57
tgrr	䕒	20
tgsk	蔜	20
tgte	薣	20
tgtr	善	75
tgum	𧄍	20
tgv	姜	598
tgwc	藚	57
tgyr	𦹷	20
tgyv	蘾	20
tha	苩	58
thaa	藠	57
thaa	䔤	0
thae	葲	20
thae	𧄦	20
thaf	蔦	58
thaf	蘤	20
thag	葟	20
thai	菂	58
thaj	䔌	0
thau	葩	58
thbh	虋	20
thbk	薁	58
thbt	䒸	0
thbu	首	579
thcn	藰	20
thd	䒩	0
thda	萫	20
thdb	藊	57
thdb	蕱	20
thdb	䕝	0
thdd	䔉	20
thde	薐	58
thdf	萩	58
thdf	䕴	0
thdg	𦻓	20
thdg	䕌	0
thdh	菞	20
thdh	蕛	20
thdj	萪	20
thdk	萟	0
thdm	蒩	20
thdn	莉	58
thdn	䔟	0
thdr	萂	0
thds	莠	58
thdu	蘒	0
thdu	蘒	0
thdv	萎	193
thdv	藒	57
thdw	蕃	58
the	䒘	0
thej	莑	20
ther	茖	58
they	苳	20
thfd	苸	20
thfs	蘍	20
thg	𦯀	20
thgf	薰	57
thhaf	鶜	20
thhc	蕦	20
thhd	蔾	58
thhe	藜	57
thhj	萆	58
thhl	茆	58
thhl	𦺄	20
thhq	𦺙	20
thhw	蒥	0
thi	蒐	58
thio	䒦	0
thj	芊	58
thjd	孽	73
thjd	糵	60
thjd	茱	58
thjd	蘖	57
thje	葮	20
thjg	董	58
thjm	菙	20
thjo	躠	55
thjp	䓙	0
thjr	䒷	20
thk	芺	20
thkb	蕎	58
thkl	荞	58
thkp	菾	58
thlb	萭	20
thlf	蘌	20
thlo	𦲽	20
thmb	蘬	20
thml	芹	4
thmr	茩	20
thmy	𦭐	20
thn	芁	0
thnd	䔧	20
thne	芟	58
thni	芃	58
thnq	䔣	0
thod	蒣	20
thoe	蕧	20
thoe	䓈	0
thok	薇	58
thok	藢	20
thok	𦱿	20
thok	𧃸	20
thol	蓹	20
thom	䓚	0
thon	荇	58
thon	蘅	57
thon	葕	20
thon	𦸇	20
thon	䕔	0
thoo	蓏	58
thoo	蓯	58
thoo	蓰	58
thoo	蓗	20
thoq	葎	58
thov	䓳	0
thpl	茚	58
thpm	茋	20
thq	䒜	0
thqi	莪	58
thqm	苼	20
thqo	苵	20
thqu	芼	58
thrb	蒒	20
thrj	薛	58
ths	苲	58
thsb	菺	58
thsb	萹	58
thse	蒑	20
thsk	薂	20
thsu	蔰	20
thuc	蘈	0
thul	䕗	0
thup	蒠	20
thvi	蘶	20
thvl	䒢	20
thvo	苽	20
thvp	芪	58
thvu	蔸	58
thwp	蔥	598
thwp	蓖	58
thxc	藇	57
thxc	䕟	0
thxe	蓃	0
thxf	蕮	58
thxo	萸	58
thxu	萖	20
thye	蒰	20
thyn	𦶢	20
thyr	䓘	0
tiav	莨	58
tibi	蒪	58
tic	𨮝	20
tice	荾	20
tidd	蔴	20
tidf	䕷	20
tidq	藦	57
tidr	蘑	601
tidy	蘼	57
tifm	䔃	20
tifq	䔗	0
tifw	䕐	0
tih	茂	58
tihaf	鷀	51
tihaf	鷷	20
tihaf	䴊	0
tihc	蕆	58
tihi	荗	20
tihi	䕇	0
tihm	菧	58
tiho	蒇	58
tihr	葴	58
tihr	蒧	20
tihs	荿	20
tihv	葳	58
tii	菚	0
tiib	蓢	20
tiih	蔘	58
tiil	蓈	0
tiit	𦾟	20
tij	茙	20
tijb	莆	58
tije	莍	20
tik	芆	0
tikf	蒍	20
tikk	茇	58
tikk	䔸	0
tikp	茏	57
tikt	莽	58
tiku	𦬓	20
tiku	蓭	0
tilo	菮	20
tilr	蓎	20
time	蓤	20
timo	茨	58
tims	藏	360
tine	䕠	0
tinl	䣡	0
tino	芝	58
tioc	薋	20
tiod	薬	20
tiog	蓙	20
tip	懟	70
tip	芅	20
tipd	蘪	20
tipf	藨	57
tipg	薼	0
tipym	鹚	51
tir	苔	603
tird	葈	20
tis	芦	596
tisk	䓞	20
tist	𦼦	20
tit	䒪	0
titb	蓆	20
titc	薕	20
titf	蔗	58
tivv	蔼	57
tixf	薦	58
tixp	蔍	20
tiyf	䕲	0
tj	卅	76
tjabt	鞰	0
tjam	靼	52
tjamo	鞮	52
tjanw	䪍	0
tjapv	鞨	52
tjau	靶	52
tjav	鞎	20
tjavf	韅	52
tjb	芾	58
tjb	䩗	0
tjbc	蒖	20
tjbd	荸	58
tjbf	䕓	0
tjbhx	鞱	20
tjbj	萳	20
tjbjj	䩵	0
tjblb	带	732
tjbm	萓	20
tjbm	靻	20
tjbuu	䩤	0
tjbv	鞖	0
tjbvk	鞵	0
tjc	茓	58
tjcim	䩺	0
tjck	葖	58
tjcn	藭	57
tjcr	蓉	58
tjcs	䓖	57
tjd	苿	20
tjdbb	䪂	0
tjdhe	鞁	52
tjdj	靺	52
tjds	葧	58
tje	芰	58
tjea	鞜	20
tjef	蘻	57
tjei	靫	20
tjfb	鞘	52
tjfbg	鞺	20
tjfbn	鞩	0
tjfbr	鞝	52
tjfh	䩖	0
tjfq	靽	20
tjg	靯	0
tjgg	鞋	52
tjgr	鞊	20
tjgwc	韇	20
tjhaf	鷨	20
tjhaf	䳬	0
tjhd	鞂	20
tjhdf	鞦	512
tjhf	藛	0
tjhhj	鞞	52
tjhkb	鞽	52
tjhkl	鞒	52
tjhml	靳	52
tjhne	䩔	0
tjhqu	㲨	0
tjhr	𦴦	20
tjhvi	䩚	0
tjhvl	䩕	0
tjhvo	䩝	0
tjig	䕙	0
tjii	蓴	58
tjip	蕙	58
tjite	䩲	0
tjitf	䩾	0
tjixf	韀	52
tjjcm	鞚	52
tjjfe	䩳	0
tjjj	蓒	58
tjjl	蔪	20
tjjnu	䩩	0
tjjrb	䩴	0
tjjrp	䪀	0
tjjrr	䩪	0
tjjtc	䩿	0
tjjv	鞍	52
tjka	著	58
tjkd	䓔	0
tjkf	藔	0
tjkmr	䩭	0
tjkn	䩟	0
tjkoo	䩡	0
tjkp	荖	20
tjks	勒	287
tjlbk	鞅	52
tjlmc	鞼	0
tjlmo	鞉	52
tjlo	萐	58
tjlv	萋	58
tjlw	䩜	0
tjlwv	鞻	20
tjm	苎	58
tjmc	蔩	20
tjmc	𧅤	20
tjmd	荢	20
tjmd	䩒	0
tjme	蔻	58
tjmf	萗	0
tjmj	靬	52
tjmk	蔲	0
tjmlb	䩫	0
tjmlk	鞕	0
tjmm	萱	58
tjmn	苧	57
tjmn	靪	52
tjmo	萣	58
tjmob	鞆	20
tjmr	菪	58
tjmrb	䩹	0
tjmu	莞	360
tjmu	靰	52
tjmv	𦸅	20
tjmvi	䩘	0
tjmw	䔰	0
tjmwm	韁	60
tjn	䩑	0
tjnau	鞔	20
tjncr	韂	52
tjnem	䩯	0
tjng	靵	0
tjnhd	鞣	52
tjnhe	靸	52
tjni	鞃	52
tjnkg	䩠	0
tjnkq	鞬	52
tjnkv	䩥	0
tjnl	鄿	54
tjnl	靷	52
tjnri	䪌	0
tjnu	菀	58
tjoa	蓿	58
tjob	靹	20
tjoin	靲	52
tjomd	䩣	0
tjomk	鞭	52
tjomn	䩱	0
tjomr	鞈	20
tjomt	鞥	52
tjon	䩐	0
tjop	靴	52
tjpa	蓍	58
tjpb	䔭	0
tjpfd	鞠	52
tjph	䩛	0
tjpi	靮	52
tjpi	䩓	0
tjpn	薴	57
tjpru	鞄	52
tjpt	靾	20
tjptd	鞢	20
tjpu	蔤	20
tjpyr	鞫	52
tjqhl	䩢	0
tjqkq	䩬	0
tjqp	藼	20
tjqyt	鞡	52
tjr	苦	638
tjrb	葫	58
tjrb	鞙	52
tjrmg	鞓	0
tjrr	菅	58
tjrsj	䩰	0
tjsh	㔑	0
tjshi	靭	20
tjshr	鞀	52
tjsk	靱	20
tjsmv	䩨	0
tjsqf	䩻	0
tjsrr	䩽	0
tjtaw	韊	0
tjtc	蕡	58
tjtco	䪁	0
tjtcw	鞧	52
tjthb	鞴	52
tjtif	韉	52
tjtii	䪇	0
tjtkd	鞯	52
tjtmc	䪄	0
tjtmj	鞾	20
tjtoe	韄	20
tjtor	鞳	20
tjtq	藆	20
tjtsj	䩸	0
tjttb	鞲	52
tjtwm	韈	20
tjtwt	䪆	0
tjumi	䩶	0
tjuob	䪎	0
tjv	荌	20
tjv	㜸	0
tjvii	鞿	20
tjvis	靿	52
tjvne	䩮	0
tjvvv	䪉	0
tjwj	莗	20
tjwk	鞇	52
tjwli	䪅	0
tjwtj	鞸	20
tjybp	䪊	0
tjybs	䩷	0
tjydk	䪃	0
tjydl	鞹	52
tjygq	韃	52
tjyhj	䩼	0
tjyj	䔂	0
tjyk	鞑	52
tjylc	䪋	0
tjylr	䪈	0
tjymr	䩧	0
tjymu	韆	20
tjymy	鞐	20
tjyr	䩞	0
tjyrd	鞟	20
tjytr	鞛	20
tjyvi	䩙	0
tk	关	753
tk	艾	58
tkb	䒴	0
tkbuu	䚆	0
tkce	蔱	20
tkd	檠	66
tkdn	䓭	0
tke	苃	20
tkha	蕏	0
tkhaf	鴱	20
tkhaf	鶧	20
tkhaf	𪅐	20
tkhaf	𪆴	20
tkhf	荻	58
tkhg	莥	20
tkhg	䔆	0
tkhi	藱	20
tkhk	获	63
tkhl	䓄	0
tkhqu	㲟	0
tkhr	𦸒	20
tkhu	莸	58
tkhw	蕕	58
tkit	葢	20
tkjt	莾	20
tkk	䒝	0
tkkb	莃	20
tkkk	䔪	0
tkld	荐	58
tklg	茬	58
tklmi	蟼	20
tkln	苅	20
tklu	菴	20
tkmf	萘	58
tkmr	䓫	20
tkms	荂	20
tkmvn	㽀	0
tkn	艽	58
tkn	荑	58
tkni	芄	58
tknl	鄭	141
tknl	鄚	54
tknl	䣐	20
tkok	蒺	58
tkoo	莢	58
tkp	憼	20
tkpb	蔕	20
tkpu	䓐	0
tkq	擎	69
tkr	若	58
tkri	蠚	57
tkrp	惹	70
tks	艻	58
tksc	苏	491
tksqf	驚	487
tksr	茄	73
tkss	荔	587
tkt	荚	58
tkt	㢣	0
tkymr	警	474
tl	𦬕	20
tlav	䕣	0
tlb	芇	20
tlb	䒥	0
tlbk	英	743
tlbo	㒼	20
tlbo	䓣	0
tlbr	萜	58
tlbu	䒞	0
tlim	虄	0
tlit	蓝	57
tlj	革	52
tlkf	𩤯	20
tlkf	𪃳	20
tlll	䔥	0
tllmi	蟴	20
tlln	茀	58
tlmc	蕢	58
tlmg	荘	20
tlmi	茧	162
tlmi	蒋	58
tlmm	韮	20
tlmo	蒉	58
tlmp	苝	0
tlmt	藎	57
tlmvn	㽄	0
tlmy	菲	58
tlpf	燕	63
tlpf	㷼	20
tlpf	鷰	20
tlpv	嬊	0
tlq	茟	0
tlqm	堇	74
tlsg	蔺	57
tlvk	藪	57
tlw	苖	20
tlwc	黄	51
tlwk	茰	0
tlwp	䒶	0
tlwv	蔞	58
tlx	蕭	58
tlyd	䕁	0
tlyk	𦻔	20
tlyp	蕜	0
tm	甘	225
tm	㐀	0
tm	龷	0
tmam	荁	58
tmbb	薷	57
tmbc	䔈	0
tmbf	虉	0
tmbg	藿	57
tmbhu	觐	57
tmbi	蕓	58
tmbi	蕶	58
tmbk	䓴	20
tmbl	荋	20
tmbm	䖅	20
tmbr	蘦	20
tmbr	虂	20
tmbu	蘎	0
tmbuu	覲	57
tmbw	蕾	605
tmce	蘷	0
tmcw	茜	58
tmcw	莤	20
tmd	某	67
tmd	芋	10
tmdhe	㿷	0
tmdm	藶	57
tmf	芣	58
tmfb	薾	57
tmff	蒜	599
tmfh	㝻	0
tmfj	苹	444
tmfm	苤	58
tmfo	䕯	0
tmfr	䓏	0
tmgf	蘸	369
tmgn	薽	57
tmgn	菿	20
tmgn	䔷	0
tmgr	蘁	57
tmgt	䔊	0
tmhaf	䲺	0
tmhf	蒝	20
tmhg	蕥	20
tmhjr	甛	63
tmhl	䓉	0
tmhml	斳	20
tmig	荎	20
tmj	芉	0
tmjo	𦮖	20
tmjwj	䡨	0
tmks	勤	77
tmku	芜	58
tmlb	𦲸	20
tmlii	䗣	0
tmlk	莄	0
tmlm	菫	58
tmm	兰	469
tmmc	其	869
tmmf	䒬	0
tmmi	芸	58
tmmp	䕻	0
tmmr	䓊	0
tmms	葝	20
tmmu	芫	58
tmmv	甚	500
tmmvn	㽍	0
tmmwj	㽑	0
tmn	艼	20
tmnf	𦶣	20
tmnh	薚	20
tmnj	茿	20
tmnl	邯	54
tmnl	鄞	54
tmnm	薤	58
tmnn	茢	58
tmno	歏	0
tmnr	苛	254
tmnv	蒆	20
tmnv	薞	20
tmoa	藸	20
tmob	苪	58
tmom	蕤	58
tmoo	莁	20
tmoq	蕐	58
tmpg	塟	20
tmpt	葬	74
tmrb	蒚	20
tmrm	䕢	20
tmrr	藞	20
tmrr	䔅	0
tmrt	荳	20
tmrw	葍	58
tmsu	苊	58
tmt	茾	0
tmtc	䕱	0
tmtj	華	568
tmtn	荊	607
tmto	蕨	58
tmtxc	㽐	0
tmue	𦷜	20
tmvb	䔚	0
tmvh	芽	58
tmvi	蓐	58
tmvm	莖	265
tmvs	䒓	0
tmwc	黃	51
tmwd	䔁	0
tmwf	蔈	20
tmwg	䓰	0
tmwj	蕈	58
tmwm	薑	598
tmwr	䔯	0
tmwt	𧂯	20
tmwu	蓜	0
tmwv	葽	58
tmwv	䖆	0
tmy	芐	20
tmyf	蔫	58
tmym	𦭒	20
tmymu	齹	20
tn	芎	58
tn	艺	57
tnau	莬	20
tnbc	萯	20
tnbe	藑	20
tnbj	蔛	0
tnbn	葪	0
tnbq	薢	58
tncr	薝	20
tnd	芓	20
tndf	蓀	58
tndo	菰	58
tndt	䓝	20
tndu	芤	58
tnef	蒸	550
tnem	䒱	0
tnem	䓧	0
tnet	䕄	0
tnfd	蘇	491
tnfn	薊	58
tnfq	蘚	57
tnhd	葇	58
tnhe	芨	58
tnhk	䓮	0
tnhs	艿	58
tnhs	蓩	20
tnhx	萏	58
tni	苰	20
tnih	茅	172
tnii	蔃	58
tnil	茒	0
tnin	芧	58
tnin	茤	20
tniq	荈	58
tnir	茗	58
tniu	苑	58
tniv	蕵	20
tniw	䓿	0
tnj	䒖	0
tnkg	莛	58
tnkm	莚	58
tnl	䒡	0
tnlb	荫	71
tnlb	䔺	0
tnlc	藬	20
tnld	蒢	58
tnle	䔖	20
tnlh	萨	57
tnlh	苐	20
tnli	蔭	71
tnli	䕃	20
tnlm	薩	57
tnlm	蕯	20
tnlo	䔹	0
tnlp	蘟	20
tnlp	𦻕	20
tnlr	䔒	0
tnlu	𦶤	20
tnlw	蔯	58
tnmb	䔫	0
tnmb	䕳	0
tnmbc	顭	0
tnmi	䒭	0
tnmm	蒻	58
tnmm	䕬	0
tnmn	蓟	58
tnmq	藓	57
tnmu	蔬	604
tnnc	蕷	58
tnnl	鄸	20
tnno	蓣	58
tno	芡	58
tnoe	蕟	20
tnok	葵	58
tnom	茎	265
tnoo	𦴧	20
tnot	䔲	0
tnqd	𦵴	20
tnsd	䒳	0
tnsj	葞	20
tnsp	莻	0
tnst	萾	20
tntg	虇	20
tnue	菡	58
tnui	菟	58
tnup	葾	20
tnus	葂	20
tnwf	䔡	0
tnyk	荬	58
toav	艱	58
tob	芮	58
tobg	蒮	20
tocu	䓲	0
tod	茶	432
tod	茠	58
todi	苻	58
todj	䔑	0
todv	藵	0
tof	苶	58
tog	茌	58
tog	萑	58
tog	雈	53
toge	蒦	58
togf	蕉	594
togg	龿	0
togrr	囏	0
togx	舊	419
tohaf	鸏	51
tohaf	䴆	0
tohg	荏	58
tohj	𦭛	20
tohqm	㽔	0
tohqu	氋	20
tohqu	㲫	0
tohs	莋	20
tohv	䔀	0
toi	茷	58
toi	㕗	0
toiav	養	498
toibp	㔮	0
toic	䕘	20
toie	葰	20
toii	苓	58
toik	茯	58
toin	芩	58
toip	菍	20
toip	䒫	0
toir	蒼	400
toiv	䓹	0
tok	䒨	0
tokf	蘩	57
tokg	薙	20
tokp	𧁋	20
tokr	䓡	20
tol	茽	58
tolb	蓨	20
told	蓧	58
tolh	蓚	20
tolk	莜	58
toll	养	498
toll	芥	360
tom	茊	58
toma	薈	58
tomb	菕	58
tomb	蘥	20
tomd	荼	58
tomg	荃	58
tomi	荟	58
tomk	蔹	57
tomm	芢	20
tomn	芞	58
tomn	萮	58
tomo	薟	58
tomr	荅	58
tomr	荷	58
tomt	葊	20
ton	䒗	80
tonk	葔	20
tono	歎	20
tons	芿	58
tonwf	鯗	51
too	苁	58
tooe	蓌	58
toog	難	777
toog	莝	58
took	蘞	57
toom	葅	58
tooo	蘝	57
toos	䔢	80
top	花	773
topp	蒊	0
topym	鹲	51
toqb	蒨	58
tord	葆	58
tose	葠	20
tosp	㗡	0
tosr	𦴨	20
tosu	苍	400
totf	蕪	58
totv	𧁓	20
tou	苮	20
touk	蒛	20
toum	䔘	0
towy	莓	17
toym	𦮳	20
toyr	蓓	58
toyr	𦴩	20
toyt	莅	65
toyv	𦲤	20
tp	芯	58
tpa	荀	58
tpa	𦮂	20
tpdc	蘔	20
tpfc	蘏	20
tpfd	菊	38
tph	苾	58
tphh	芴	58
tpho	㒸	80
tphp	䓤	20
tpi	芍	58
tpi	芶	20
tpib	葡	19
tpir	𦲀	20
tpkk	茐	0
tpko	薿	57
tpkp	葱	598
tpmc	䔛	20
tpmw	蔔	76
tpo	苌	58
tpou	萄	18
tpp	芘	58
tppa	蒈	20
tppd	蘂	20
tppj	荜	58
tppp	蕊	265
tpr	苟	58
tpr	茍	58
tpru	苞	58
tpsh	苆	0
tpt	𦭓	20
tptd	葉	76
tpu	芚	58
tpua	萅	58
tpuu	蒭	58
tpw	䓒	0
tpym	茑	58
tpyv	蘹	20
tpyv	𦮝	20
tq	羊	48
tq	𦍋	20
tqao	䔶	20
tqapv	羯	59
tqau	羓	20
tqav	䔾	0
tqbd	𧂮	20
tqbu	着	973
tqcsh	羒	20
tqd	䒹	0
tqda	藉	57
tqdb	藕	600
tqdi	𦶮	20
tqdi	𧂭	20
tqdj	䍪	0
tqdmq	䍷	0
tqdw	䍶	0
tqeee	䍳	0
tqeq	萚	57
tqfh	莏	20
tqhaf	鴹	20
tqhdv	䍴	0
tqhdw	羳	20
tqhhh	羏	20
tqhk	葜	58
tqhl	䓆	0
tqhne	羖	59
tqhpm	羝	59
tqhr	葀	20
tqhuk	䍹	80
tqhxu	䍲	0
tqiav	羪	0
tqib	蒱	58
tqibi	䍸	0
tqice	羧	59
tqihr	羬	20
tqii	兿	0
tqij	羢	59
tqik	菝	58
tqixe	羻	20
tqj	䒠	20
tqjb	䍨	0
tqjcm	羫	0
tqjm	蔧	20
tqjmn	羜	59
tqjmu	羦	20
tqjo	蓵	0
tqjp	䍫	0
tqjtc	羵	59
tqka	萶	20
tqkd	蓁	58
tqki	䓓	0
tqkn	羠	20
tqkq	菶	58
tqks	劷	0
tqllp	䍺	0
tqlmo	䍮	20
tqlw	菗	20
tqm	差	360
tqmb	菁	58
tqmbb	羺	20
tqmc	蔶	0
tqmf	㷢	0
tqmfj	䍬	0
tqmhf	羱	59
tqmhm	䍽	0
tqmua	䍼	0
tqmvm	羥	59
tqmy	䓯	0
tqng	羞	471
tqnmu	䍯	0
tqnom	羟	59
tqnsd	䍵	0
tqnwf	鮺	51
tqnwm	鲝	51
tqo	芙	58
tqog	蓷	58
tqoii	羚	59
tqok	䍩	0
tqomd	䍱	0
tqomn	羭	59
tqomo	羷	20
tqpu	菢	58
tqqo	荴	20
tqrd	𧂈	20
tqrj	䔱	0
tqruc	䍻	0
tqs	苇	596
tqsmm	翔	316
tqsr	萔	20
tqsyq	𦎾	20
tqtqq	羴	20
tqumf	羰	59
tqwj	蘀	57
tqwk	䍰	0
tqwyi	䍭	0
tqyrr	譱	56
tqyt	菈	20
tqywm	羶	20
tr	𦬅	20
trau	䓃	20
trbc	蒷	0
trhr	莒	58
trjd	菋	20
trji	蕺	58
trjl	蘄	57
trjl	䕤	0
trln	剳	77
trlr	苢	58
trmi	䕽	0
trmr	蕗	58
trnl	鄀	54
trnl	鄯	54
trno	歚	0
trob	莴	58
trog	蓶	20
trok	敬	68
tron	荶	20
trrg	雚	53
trrj	蕇	20
trrk	䕾	0
trrr	虈	20
trrr	䓵	0
trrr	䖀	0
trrs	萼	264
trrs	蕚	20
trsj	葺	58
trsn	莂	0
trtrr	䖃	0
tru	𦬊	20
trvk	茣	20
trvp	苠	58
trye	葭	58
trye	㪨	0
tryo	莡	0
tsc	苉	58
tsec	藖	20
tsem	蘙	20
tseo	藂	20
tsew	鿀	0
tsfi	蔚	58
tsh	芀	58
tshh	茘	20
tshr	苕	58
tshu	荱	0
tsic	蕻	58
tsim	䔼	0
tsip	荵	58
tsip	藯	20
tsiq	蕼	20
tsit	藍	57
tsj	茸	58
tsja	蘵	57
tsjb	䔜	0
tsjd	蘗	57
tsje	菆	58
tsjl	𦳃	20
tsk	芛	20
tskr	莙	58
tsl	节	550
tslc	䕚	0
tsle	菣	58
tsll	茝	58
tsll	茞	58
tsm	䒒	0
tsmb	菷	58
tsmg	藋	57
tsmg	䒰	20
tsmh	蓼	58
tsmi	蕁	58
tsmj	䕜	20
tsmv	萇	58
tso	𦬨	20
tsoy	荩	57
tsp	懃	20
tsp	苨	20
tsqf	䔍	0
tsql	𦰡	20
tsrf	蔒	20
tsrj	薜	58
tsrr	蓲	20
tss	苣	58
tsu	芑	58
tsuu	䓛	20
tt	并	824
tt	井	435
tt	卌	76
ttbc	䓦	0
ttbn	葥	58
ttbuu	䚊	0
ttc	並	824
ttce	䕺	0
ttcf	藄	57
ttcg	蘣	20
ttcg	蘳	20
ttcg	𦸀	20
ttcl	䔮	20
ttcnh	豑	56
tte	汬	0
ttg	坓	74
ttgb	冓	78
ttgf	蓔	58
ttgf	䖄	0
ttgi	薱	20
ttgi	䕏	0
ttgk	䓺	0
ttgv	葁	0
tthaf	鷁	51
tthaf	鵧	20
tthhh	㣋	0
tti	丼	80
ttjd	蘜	20
ttjl	龩	20
ttks	㔙	0
ttlm	蓳	20
ttln	荆	607
ttln	㓝	0
ttm	苷	58
ttmbc	頩	20
ttmc	萁	58
ttmd	𦳑	20
ttmv	葚	58
ttmvn	瓶	198
ttnau	艵	20
ttnau	艶	20
ttnau	䒎	0
ttnl	郱	20
ttof	䕿	0
ttog	䕼	0
ttp	㤣	0
ttpym	鹢	51
ttq	𦭵	20
ttqm	蒫	20
ttshi	刱	77
ttshi	剙	20
ttt	荓	20
tttt	㐩	0
ttub	蒴	58
ttvb	蘛	20
ttw	䒼	0
ttwa	蓸	58
ttwi	䔿	20
ttwli	蠲	57
ttwv	蕽	0
ttxc	蒹	58
tu	屰	0
tub	朔	67
tuce	葼	0
tufe	䔴	0
tuirm	馘	52
tujt	蘴	20
tumbc	䭭	0
tumt	䔇	0
tumvn	㼹	0
tunau	䒐	0
tuno	欮	0
turu	䒻	0
tuu	茁	58
tvfa	𦻖	20
tvfb	蒳	0
tvfd	虊	0
tvfe	藧	0
tvff	蕬	20
tvfh	䔋	20
tvfh	尠	20
tvfh	蒶	20
tvfh	𦯷	20
tvfi	葯	528
tvfi	葤	58
tvfj	蘕	0
tvfm	葒	58
tvfp	𧄉	20
tvfq	䖂	0
tvfr	𦹄	20
tvfr	𦿟	20
tvft	蘊	57
tvfu	蒓	58
tvfu	蕝	58
tvfv	䕑	20
tvfy	蔠	20
tvhe	䕅	0
tvhg	䔨	0
tvhi	𦶥	20
tvhl	薌	58
tvhp	䒲	0
tvi	戡	70
tvid	藥	528
tvid	孳	73
tvid	孶	73
tvif	鶿	20
tvif	䒺	0
tvih	䓼	0
tvii	兹	58
tvii	茲	58
tvin	甆	0
tvio	苡	58
tvip	慈	465
tvip	慈	20
tvis	苭	20
tvis	䒛	0
tvj	卙	0
tvjd	𦳀	20
tvjr	菇	602
tvju	𦹅	20
tvks	勘	77
tvks	㔦	0
tvlbu	㽎	0
tvlk	荍	20
tvmbc	䫖	0
tvmd	䕈	0
tvmg	莊	71
tvmi	药	528
tvmi	蔣	58
tvmi	薅	58
tvmm	荭	58
tvmt	蕴	57
tvmu	莼	58
tvmw	葘	20
tvmw	蘠	20
tvnd	䒵	0
tvne	菉	58
tvnin	夦	0
tvno	歁	66
tvr	茹	58
tvrf	蕠	58
tvrq	蒘	20
tvsl	𦶦	20
tvsp	𦲁	20
tvuk	𦾡	20
tvvh	芗	58
tvvj	䓸	0
tvvv	葌	20
tvvw	菑	58
tvye	㪛	0
tvyj	斟	68
tvyv	𦴣	20
tw	苗	452
tw	曲	67
twa	曹	67
twbi	蠆	57
twbi	䘍	0
twbo	躉	55
twbo	𧄌	20
twcb	莔	58
twd	菓	58
twdi	尊	72
twf	㷕	0
twfr	䕸	20
twfu	蔨	20
twg	荲	0
twgv	薗	20
twhaf	鶓	51
twhd	菌	602
twik	猷	63
twiku	𨠫	20
twim	蔮	20
twirm	䤋	0
twjr	䓢	0
twk	奠	73
twk	茵	58
twkp	蒽	58
twks	莮	20
twla	薯	11
twlb	萬	731
twlc	蕒	58
twle	蘉	20
twlg	蘿	57
twli	蔑	58
twli	薎	20
twlii	蠤	20
twlj	䕉	0
twln	夢	74
twln	甍	63
twln	藅	20
twln	蘮	20
twlo	䠢	0
twlp	薨	57
twlp	藣	20
twlu	瞢	62
twmgi	㻃	0
twmmv	農	55
twmrt	豊	56
twmv	葨	20
two	苬	20
twot	蒕	0
twp	葸	58
twp	㤟	0
twpym	鹋	51
twr	茴	58
twtc	䔬	0
twtj	蓽	58
twv	𦮗	20
twvf	蔂	58
twwd	蘽	0
twwf	虆	58
twwg	蘲	20
twww	藟	57
twyi	苺	58
txc	兼	78
tyaj	䓬	80
tybb	蒂	115
tybb	薖	58
tybg	蘺	57
tybo	藃	20
tybp	蘢	57
tybs	蒡	58
tybu	𦾾	20
tycb	蔏	20
tycb	蔐	20
tycj	𧅵	20
tyck	茭	58
tycu	萒	20
tycv	蔉	58
tycv	𦶧	20
tydg	䕹	0
tydk	䔻	20
tydl	薪	57
tydl	䔎	0
tydo	藗	20
tydu	藽	20
tyed	薒	0
tyfd	蒾	20
tyfe	菽	12
tygq	薘	58
tygv	薳	57
tyhc	蘋	378
tyhj	蓬	604
tyhl	菦	0
tyhn	苀	20
tyhr	䔏	0
tyhs	芳	58
tyhv	䒾	0
tyib	𦱀	20
tyij	䔞	0
tyiu	茺	20
tyiv	䕂	0
tyjj	蓮	600
tyk	芠	20
tykl	荠	57
tykq	莲	600
tylh	荹	0
tylm	芷	58
tyln	㔈	0
tym	䒙	0
tymd	蘃	0
tymf	茮	0
tymh	薉	58
tymm	蕋	20
tymo	蓫	58
tymp	茈	58
tymr	䓂	0
tymu	䓕	57
tynb	蓪	58
tynf	䕖	0
tynv	䕦	0
tyoe	藙	57
tyog	𦻗	20
tyoj	萃	58
typd	䓱	0
type	𧃍	20
typf	䔝	20
typm	蔖	20
typp	藘	57
typt	蘆	596
typu	萀	0
tyr	苫	58
tyra	藷	20
tyrb	蒿	597
tyrb	𧀎	20
tyrd	藁	57
tyrd	藳	57
tyre	蔎	58
tyre	蕸	58
tyre	蘐	20
tyre	𦻑	20
tyre	䕶	0
tyrj	䔓	0
tyrl	蔀	58
tyrn	葶	58
tyro	䕛	0
tyrp	薧	57
tyru	䓽	0
tyrv	藹	57
tyrv	蘘	57
tysd	葹	58
tysk	蔟	58
tysm	虀	57
tyso	蔙	58
tysp	𦴪	20
tysy	菸	58
tyt	苙	58
tyta	萻	58
tytb	𦽴	20
tytg	蕫	20
tyti	𦲂	20
tyti	𦵑	20
tytj	莘	58
tytp	薏	58
tytr	菩	58
tytr	蒟	58
tytu	䔔	0
tytv	菨	20
tyub	蓠	57
tyue	𡖂	20
tyue	䕫	0
tyv	芒	595
tyvb	䕍	0
tyvg	蕹	58
tyvo	荄	58
tyvp	莣	20
tyvu	荒	58
tyvw	蓄	58
tywi	蓾	20
tywm	䕊	0
tywv	蓑	60
tyx	薺	57
tyy	苄	58
tyyb	藡	20
tyyo	蘧	57
u	山	735
ua	㞱	0
uagi	嵵	0
uahu	嵋	72
uamh	崵	20
uamo	崼	20
uana	𡼏	20
uang	㠈	0
uapp	崐	20
uapp	崑	20
uapv	嵑	20
uau	岜	72
uav	峎	20
ub	岄	0
ubac	㟰	0
ubb	崩	536
ubcn	崱	72
ubcv	巊	0
ubhaf	䳪	0
ubhu	岘	72
ubjj	㟦	0
ubk	岗	639
ubln	剬	20
ubln	剻	20
ubln	㔒	0
ubm	岨	72
ubmbc	顓	52
ubmbo	颛	52
ubme	嵈	20
ubmp	嶾	0
ubmr	峒	72
ubmvn	㼷	0
ubnd	㟊	0
ubnl	酅	54
ubnl	䣙	0
ubno	歂	20
ubqr	㟘	0
ubsd	崢	72
ubtu	崗	639
ubtu	㟠	0
ubuu	峴	72
ubuu	𡷹	20
ubv	㟎	0
ubvk	嵠	0
ubye	㪜	0
uc	崟	72
uc	崯	72
uche	㚇	0
uchh	㟗	0
ucim	嵡	72
ucno	嶔	72
ucor	峪	636
ucru	㟋	0
ucsh	㞣	0
ucsh	岎	0
ucwa	嶒	72
udam	嵖	72
udci	崧	72
udci	㟣	0
udd	崊	0
uddi	㠨	0
udhe	岥	20
udii	嶘	0
udmq	𡺨	20
udoo	崍	72
udsmg	糶	60
udt	崃	72
udw	崠	72
udw	崬	72
udyg	嵀	20
ue	凼	77
ue	汖	0
uea	崉	0
ueg	埊	0
ueq	峄	72
ufb	峭	640
ufcb	嵴	72
ufdq	嶙	72
ufdv	嵝	72
uffd	嶸	72
uffr	巆	20
uffs	嶗	72
ufgi	巀	20
ufhaf	䳳	0
ufku	㞊	0
ufln	㓽	0
ufmk	巌	20
ufno	㱁	0
ufok	𪑛	20
ufqu	㟡	0
ufru	䄐	0
ufua	𡾡	20
ug	凷	0
ugce	崚	72
ugdi	峙	72
uggi	崶	72
uggu	嶢	72
uggu	嶤	20
ughaf	䳽	0
ugk	㞿	0
ugni	嶹	20
ugno	崁	72
uh	匕	77
uha	岶	20
uhae	㟫	0
uhaf	嶋	72
uhag	崲	20
uhaj	㟸	20
uhbk	㠗	0
uhdj	嵙	72
uhdn	峲	0
uhdp	嵊	72
uhdv	崣	20
uhdw	嶓	72
uhe	岅	20
uhej	峰	643
uhej	峯	20
uheq	𡶶	20
uher	峈	20
uher	峉	20
uhey	峂	72
uhgr	峼	20
uhhe	㠟	0
uhhj	崥	20
uhhl	峁	72
uhhw	嵧	20
uhi	嵬	72
uhiv	㠢	0
uhjm	崜	0
uhk	岆	20
uhkb	嶠	72
uhkb	㠐	0
uhkl	峤	72
uhmb	巋	72
uhml	岓	20
uhn	㞦	0
uhnb	𡶺	20
uhni	嵐	72
uhni	𡺤	20
uhni	㞩	0
uhnk	岚	72
uhoe	㠅	0
uhoi	崻	0
uhok	嶶	20
uhok	𡽪	20
uhoo	嵷	20
uhoq	嵂	72
uhpa	崏	72
uhqi	峨	634
uhqi	峩	20
uhrf	嵨	20
uhrj	嶭	72
uhs	岝	72
uhs	岞	72
uhuc	巑	20
uhud	嵲	20
uhui	㟴	0
uhvi	巍	632
uhvl	岇	0
uhvp	㞴	0
uhxc	嶼	637
uhxc	㠘	0
uhxe	㟬	0
uiav	崀	72
uiav	㟍	0
uice	峻	633
uidy	㠧	0
uihaf	䳥	0
uihf	𡻕	20
uihh	嵗	20
uihr	嵅	20
uihs	峸	20
uihs	𡷫	20
uihv	崴	72
uii	㟞	0
uiih	嵾	72
uiih	㠁	0
uijb	峬	20
uije	㟈	0
uikh	㟥	72
uilb	㟾	0
uile	嵻	20
uilr	嵣	20
uimbc	䫜	0
uimo	𡷑	20
uino	㞫	0
uip	鬯	51
uit	峅	20
uiuh	㟌	0
uiv	㞽	0
ujbc	嵮	0
ujbd	㟑	0
ujbm	𡸜	20
ujbm	𡸽	20
ujc	岤	20
ujcc	巔	72
ujck	㟮	0
ujcm	崆	72
ujco	巅	72
ujcr	嵱	20
ujd	櫱	66
uje	岐	72
ujfd	糱	60
ujhq	㟉	0
ujhr	㟯	0
ujig	嶻	0
ujjl	嶄	72
ujki	峵	20
ujkp	峔	20
ujlmi	蠥	20
ujlo	崨	20
ujmf	崇	72
ujmrt	豐	80
ujnd	孼	20
ujp	岮	20
ujpu	峣	72
ujr	岵	72
ujsh	㔎	0
ujv	峖	20
uk	凶	322
ukb	峟	20
ukcf	嶚	20
ukcf	嶛	0
ukd	岽	72
ukg	峚	72
ukhk	嶽	20
ukhu	兇	20
ukjj	輋	20
ukkb	崤	72
ukkb	㟓	0
uklu	崦	72
ukmr	崎	635
ukmr	㟢	0
ukn	峓	72
ukoo	峽	641
ukpb	嵽	20
ukql	崭	72
uks	屴	72
uksr	𡶐	20
ukt	峡	641
ul	屮	72
ul	屮	20
ul	㞲	0
ulbk	岟	20
ulln	岪	20
ulls	岿	72
ullv	㟺	0
ulq	峍	0
ulw	岫	72
ulwv	嶁	72
um	屸	20
um	㞢	0
um	㞬	0
uma	旹	0
umam	峘	20
umbb	嶿	0
umbc	崸	20
umbl	峏	20
umbl	耑	20
umbs	嶀	20
umce	巎	0
umf	炭	333
umf	㞸	0
umfj	岼	20
umfm	岯	20
umfn	㠒	0
umg	㞷	0
umgg	崖	642
umgg	崕	20
umgt	㟖	20
umhf	㟲	20
umhf	㟶	0
umhl	峫	0
umhm	㠣	0
umig	峌	20
umj	屽	0
umli	蚩	57
umlk	峺	20
umm	亗	0
ummj	岸	80
ummj	㟁	0
ummr	峿	72
ummu	岏	20
umnc	嵿	20
umnn	峛	20
umnr	岢	72
umnr	㞹	20
umog	嵟	0
umoo	豳	56
umr	岩	639
umrt	豈	56
umt	岍	72
umtb	巁	20
umtj	崋	72
umto	嶡	72
umu	屼	72
umua	嶜	20
umv	妛	20
umvh	岈	72
umvn	㼘	0
umwd	㟳	0
umwf	㟽	0
umwg	𡺉	20
umwv	崾	72
unao	嶑	0
unbq	嶰	72
uncr	嶦	20
und	㞨	0
unhe	岌	72
unhe	岋	20
unhs	㞧	0
unhs	屷	0
uni	岁	739
uni	㞮	0
unii	嵹	20
unl	邖	0
unli	㠕	0
unlm	嶐	20
unln	刿	77
unmbc	䫈	0
unme	㟤	0
unmm	嵶	20
unmu	峞	72
unmu	峗	20
unne	凾	20
unnf	㟜	0
uno	㰞	0
unot	嶝	72
unqd	嵥	20
unri	巉	72
unsd	峥	72
unsmm	翙	59
uo	㞤	0
uo	㞥	0
uog	崔	72
uogb	巂	72
uogb	雟	53
uogd	㠍	0
uogd	㠎	0
uogf	嶕	20
uogs	嶲	72
uogs	𡼕	20
uoic	嶺	643
uoii	岭	643
uoii	岺	20
uoin	岑	72
uoin	岒	72
uoir	嵢	20
uoir	㟏	0
uoir	㟔	0
uoj	㞰	0
uok	㞺	0
uolk	峳	0
uoll	岕	20
uom	岴	0
uomb	崘	20
uomb	崙	20
uomg	峑	20
uomm	崄	72
uomn	崳	72
uomn	嵛	72
uomo	嶮	72
uomr	峇	72
uomr	峆	20
uon	屹	72
uoog	㟇	0
uopj	㟆	0
uorm	嶖	72
uoym	峜	0
upa	峋	72
upcc	巓	72
uphh	岉	20
upko	嶷	72
upko	㠜	0
upr	岣	72
uqkd	𡻈	20
uqmb	崝	20
uqoc	㠝	0
uqog	嶊	20
uqsk	㟼	0
uqsk	㠂	0
uqtm	㟛	0
urhu	岲	0
urji	嶯	20
urms	㞻	0
urog	嶉	20
urpa	㟭	0
urrj	㠆	0
urrk	巖	20
urrk	巗	20
urrr	嵓	72
urrs	崿	72
urrs	㟧	0
urrs	㠋	0
uru	𡵆	20
urvp	岷	72
uryj	㟕	0
urytj	辥	20
usfi	嶎	20
ush	屶	20
ushi	屻	20
ushi	岃	20
ushr	岧	72
usjl	㟹	0
usjr	崌	72
usk	岖	634
uskr	峮	20
uskr	㟒	0
usma	嶍	20
usma	㠄	0
usmh	嵺	72
usmr	㟃	80
usp	㞾	20
usrj	㠔	0
usrr	嶇	634
uss	岠	20
usu	屺	72
usu	岂	56
usuu	崛	72
uta	㟙	0
utav	嶱	20
utbd	嵘	72
utbo	㠓	20
utbs	崂	72
utbuu	覬	57
utcd	嶪	72
utcd	嶫	72
utce	巙	0
utcnh	豒	0
utco	㠌	0
utcu	㟟	0
utcw	崷	20
utgf	㟱	0
utgi	嶬	20
utgi	㠖	0
utgi	㠚	0
utgit	豔	20
utgk	嵄	72
utgs	𡾞	20
uthn	凱	77
uthni	颽	52
uthv	巕	20
utik	獃	20
utit	㟿	0
utjd	巈	0
utkit	豓	0
utln	剴	77
utmbc	顗	20
utmc	𡸷	20
utmj	㠏	20
utmo	嵌	72
utmv	嵁	20
utnau	艷	58
utnl	酆	54
utoe	㠛	0
utok	敳	68
utor	㟷	0
utq	㟄	0
utqm	嵯	72
utrg	巏	20
utvi	嵫	72
utwa	嶆	20
utwi	嶟	72
utwv	嶩	20
utxc	嵰	20
utye	敱	0
utyv	㟐	0
uu	出	967
uu	屾	72
uu	艸	20
uubhu	觊	57
uuce	嵕	20
uufd	粜	60
uuhml	㪿	0
uuhn	凯	77
uujt	㠦	0
uuks	㔘	0
uuku	㟅	0
uuln	剀	77
uumb	㟨	0
uumbc	䪼	0
uummf	祟	61
uumt	嵦	0
uune	崡	20
uunl	䢺	80
uuno	欪	0
uuok	𣁋	20
uuu	芔	58
uuuu	茻	58
uuyhs	芳	20
uuypu	䖓	0
uvii	幽	71
uvis	岰	20
uvmi	嶈	20
uvvw	崰	20
uwjr	崓	72
uwjr	崮	72
uwl	岬	72
uwlb	嵎	72
uwlj	嶧	72
uwlm	㟵	0
uwly	嶵	20
uwly	㠑	0
uwmv	㟪	0
uwmv	嵔	0
uwp	崽	72
uwwg	㠥	0
uwyi	㟂	0
uya	峕	20
uybb	崹	20
uybk	巘	20
uybp	巃	72
uybs	嵭	0
uybt	巐	0
uycb	㠃	0
uyck	峧	72
uyfu	㠇	80
uyhh	嵃	20
uyhm	嵼	20
uyj	㞳	0
uyk	㓙	0
uyk	㞵	0
uyk	㞶	0
uymr	訔	0
uymy	峠	20
uyoj	崒	72
uypm	㠊	0
uypt	㠠	20
uyr	岾	20
uyrb	嵩	72
uyrd	崞	72
uyrn	嵉	20
uyro	㠙	20
uyrv	㠤	0
uysd	崺	20
uysm	屿	637
uysv	㠡	0
uyt	岦	20
uytg	㠉	0
uyti	巇	72
uytj	嶂	72
uytj	峷	20
uytr	嵜	20
uytr	㟝	0
uytr	﨑	0
uyvo	峐	20
v	女	913
vaa	娼	73
vab	𡝭	20
vabt	媪	73
vabu	媢	73
vahm	𡟙	20
vahu	媚	73
vam	妲	73
vamh	婸	20
vamj	娨	0
vamo	媞	73
vana	𡢃	20
vanb	嫺	20
vand	嫻	73
vank	𡢄	20
vanw	孄	73
vaph	㛫	0
vapp	婫	20
vau	妑	0
vawe	嫚	73
vayf	𡡡	20
vbac	嫇	20
vbbe	嬡	73
vbbm	姗	73
vbbq	𡡞	20
vbbr	媧	73
vbcv	孆	20
vbd	婇	20
vbgb	㛵	20
vbgr	婤	73
vbhf	嬀	73
vbhg	婬	73
vbhn	㚮	0
vbhx	嫍	20
vbjj	媈	20
vbkf	㜣	20
vbm	姐	73
vbme	媛	73
vbmm	㚩	0
vbmr	姛	20
vbnd	娐	0
vbou	媱	20
vbq	𡛾	20
vbsd	婙	73
vbt	姍	73
vbuc	㛝	20
vbug	㜹	0
vbuu	娊	20
vbuv	𡢞	20
vbv	娞	20
vbvk	㜎	0
vbvnb	㣈	0
vbwd	𢑥	20
vby	𡛓	20
vci	妐	20
vcim	𡟸	20
vcnh	娣	73
vcru	娧	20
vcsh	妢	20
vcwj	婵	73
vdam	㜁	20
vdbu	㜀	0
vdd	㛦	20
vddf	𡢾	20
vddo	𡢟	20
vdhml	断	68
vdj	妺	73
vdk	妜	0
vdks	勦	20
vdl	娕	20
vdlc	嬾	20
vdlk	嫩	485
vdln	剿	360
vdlo	嫰	20
vdmf	𡞫	20
vdmq	媁	73
vdnl	鄛	20
vdoo	婡	20
vdp	恏	70
vdr	𡜺	20
vdw	娻	0
vdwf	媡	20
ve	奴	695
vea	㛥	20
vebt	盝	62
vebuu	䚄	0
vec	𨥬	20
veee	娺	0
vehaf	鴑	0
veks	努	77
velb	帑	72
veln	剝	360
vemr	砮	61
ven	弩	276
ven	㐐	0
vend	孥	73
venvm	驽	52
veobo	胬	59
vep	怒	71
veq	拏	20
vesqf	駑	52
vevif	䋈	0
veye	㪖	0
vfa	曫	20
vfabs	𦄡	20
vfabt	緼	60
vfafu	縨	0
vfam	䋎	0
vfamo	緹	60
vfanb	繝	20
vfanx	䌪	0
vfaph	緆	60
vfapp	緄	60
vfapv	䋵	0
vfase	繓	20
vfasm	䌈	0
vfau	紦	0
vfawe	縵	60
vfb	娋	20
vfbb	嫦	73
vfbb	綳	60
vfbbb	縎	20
vfbbe	綬	60
vfbbr	緺	20
vfbbu	䌐	0
vfbcr	綗	60
vfbcv	纓	60
vfbd	綵	60
vfbd	𡡢	20
vfbg	𡠠	20
vfbgr	綢	310
vfbhx	縚	60
vfbjj	緷	20
vfbk	䋄	0
vfbkf	繎	0
vfbkk	䋞	0
vfbm	組	60
vfbme	緩	482
vfbmp	䌥	0
vfbmr	絧	20
vfbnd	綒	20
vfbof	縩	60
vfbou	䌊	20
vfbr	絅	60
vfbsh	絼	20
vfbtu	綱	243
vfbtv	網	60
vfbu	矕	20
vfbuh	緲	60
vfbuo	繉	20
vfbuu	絸	0
vfbv	綏	60
vfbv	𡣖	20
vfbvk	縘	0
vfbw	㜭	20
vfc	鑾	53
vfc	䋮	0
vfcip	総	20
vfcnh	綈	60
vfcor	綌	60
vfcrp	縂	60
vfcru	綐	0
vfcsh	紛	429
vfcwa	繒	60
vfd	欒	66
vfd	䊾	0
vfdbu	緗	60
vfdd	綝	20
vfddf	䌝	0
vfdh	䊷	0
vfdhe	紴	0
vfdi	紂	60
vfdk	䊽	0
vfdl	綀	20
vfdm	絊	20
vfdmq	緯	60
vfdoo	䋱	0
vfdq	嫾	20
vfdv	𡞱	20
vfdwf	練	60
vfe	灓	0
vfeed	縔	20
vfeee	綴	60
vfeg	経	20
vff	婒	20
vff	𤓖	20
vffb	綃	60
vffbn	䌃	0
vffbr	緔	60
vffd	嬫	73
vffd	䋛	0
vffdq	繗	20
vfff	緂	20
vffff	𦇝	20
vffh	紗	308
vffmu	絖	60
vffq	絆	60
vffqu	綣	60
vffv	䋝	0
vfgbu	続	20
vfgce	綾	60
vfgg	絓	60
vfggi	䋽	0
vfggu	繞	505
vfgi	紶	20
vfgni	䌧	0
vfgow	繬	20
vfgp	綕	20
vfgr	結	772
vfgrc	纈	60
vfgrr	繥	20
vfgtj	緈	0
vfgwc	續	60
vfh	妙	282
vfha	絈	0
vfhab	綿	60
vfhae	線	591
vfhaf	鷥	51
vfhaf	鸞	51
vfhaf	𪆓	20
vfhce	繌	20
vfhdf	䋺	0
vfhdj	䌀	0
vfhds	綉	60
vfhdv	緌	60
vfhdw	繙	60
vfhej	綘	60
vfheq	絳	60
vfher	絡	360
vfhey	終	657
vfhg	紝	60
vfhgf	纁	20
vfhhj	綼	20
vfhj	䊹	20
vfhjd	絑	20
vfhje	緞	309
vfhjg	緟	20
vfhjm	綞	20
vfhjr	䌣	0
vfhjr	絬	0
vfhju	䋸	0
vfhkb	繑	20
vfhml	紤	0
vfhon	絎	60
vfhoo	縱	88
vfhoo	縰	60
vfhor	綹	60
vfhpa	緍	20
vfhq	䋅	0
vfhqo	紩	60
vfhqu	䋃	0
vfhsb	編	60
vfhsk	繳	60
vfhsk	綟	20
vfhuc	纘	60
vfhui	䌆	0
vfhvp	紙	416
vfhwp	總	920
vfhxu	䋩	0
vfibi	縛	448
vfid	絉	0
vfidd	䌕	0
vfihf	縬	0
vfihr	緘	66
vfihs	絾	0
vfihv	縅	20
vfii	綫	60
vfiih	縿	60
vfij	絨	308
vfijb	䋠	0
vfije	絿	60
vfik	紁	20
vfik	紎	20
vfikk	紱	60
vfiku	紌	20
vfill	絒	20
vfilr	䌅	0
vfimo	絘	60
vfir	紿	60
vfirm	緎	60
vfirp	緿	0
vfis	䋆	0
vfish	𦆲	20
vfitc	纊	60
vfiv	䋐	0
vfiwg	纏	506
vfixp	䌒	0
vfj	卛	76
vfjbc	縝	60
vfjbd	綍	60
vfjbf	䌇	0
vfjbj	䋻	20
vfjc	䋉	0
vfjcm	𦁈	20
vfjic	繊	20
vfjii	縳	60
vfjim	纎	60
vfjip	繐	60
vfjka	緒	60
vfjki	綋	20
vfjlo	緁	60
vfjlv	緀	20
vfjmc	繽	60
vfjmc	縯	20
vfjmf	綜	360
vfjmm	縇	20
vfjmn	紵	60
vfjmn	𦅜	20
vfjmo	綻	60
vfjmu	綄	20
vfjnu	綩	20
vfjoa	縮	360
vfjp	紽	60
vfjpn	𦆭	20
vfjpu	䌏	0
vfjqr	縖	20
vfjrr	綰	60
vfjyj	縡	60
vfk	奱	20
vfkb	絠	0
vfkcf	繚	190
vfki	紘	60
vfkk	䋂	0
vfkkb	絺	20
vfkmr	綺	60
vfkms	絝	60
vfkn	䊵	20
vfkni	紈	60
vfknj	紣	0
vfknn	䋾	0
vfkoo	綊	0
vfkpb	𦄂	20
vfks	糼	20
vflb	㡩	0
vflbi	𥿢	20
vflbk	紻	20
vflbu	紞	20
vflgm	繣	60
vflll	紃	20
vflln	紼	60
vflmc	繢	60
vflmi	蠻	57
vflmo	絩	20
vflmy	緋	402
vflpb	䋳	0
vflq	䋖	0
vflw	紬	60
vflwl	紳	60
vflwp	絏	20
vflwv	縷	60
vflx	繡	283
vfm	紅	603
vfma	絔	20
vfmam	絙	0
vfmbb	繻	20
vfmbc	䋶	0
vfmbe	纋	20
vfmbe	䌄	0
vfmbi	繧	20
vfmbi	䌢	0
vfmbi	䌳	0
vfmbk	緛	60
vfmbk	𦅙	20
vfmbm	絚	60
vfmbu	䌮	0
vfmcw	絤	0
vfmd	紆	60
vfmf	紑	60
vfmfb	䌤	0
vfmfm	䋔	0
vfmgk	緻	20
vfmhf	縓	20
vfmia	縉	60
vfmig	絰	60
vfmkp	䋬	0
vfmlb	緉	20
vfmlk	綆	60
vfmmi	紜	60
vfmmp	纚	60
vfmms	䊸	0
vfmn	糽	20
vfmnr	䋍	0
vfmob	䋑	0
vfmre	𦂥	20
vfmrw	䋹	0
vfmu	姯	20
vfmvi	縟	60
vfmvm	經	896
vfmvm	䊺	0
vfmvn	㽋	0
vfmwd	䌚	0
vfmwf	縹	60
vfmwg	纒	60
vfmwg	緾	20
vfmwg	緸	0
vfmwl	緬	248
vfmwm	繮	60
vfmwv	䌁	0
vfmym	䋊	0
vfn	彎	193
vfnau	絶	60
vfnau	絻	60
vfnbq	繲	20
vfnd	孿	73
vfndd	㝈	0
vfng	紐	444
vfnhb	繘	60
vfnhd	䋴	20
vfnhe	級	60
vfni	紭	0
vfnih	䋒	0
vfnii	繈	20
vfnin	紓	60
vfnkf	繺	20
vfnkg	綎	60
vfnkm	綖	20
vfnl	紖	20
vfnlr	䋪	0
vfnme	緑	360
vfnmo	縁	20
vfno	䊻	0
vfnob	縃	60
vfnri	纔	817
vfnsd	䋫	0
vfnsm	䋓	0
vfnst	䋼	20
vfoae	緮	20
vfob	納	368
vfobo	臠	59
vfodi	紨	20
vfog	維	60
vfogd	䌖	0
vfohg	絍	60
vfohh	紾	60
vfoii	紷	0
vfoik	絥	0
vfoim	纖	360
vfoin	紟	60
vfoip	𦁤	20
vfok	變	719
vfold	縧	60
vfoll	紒	20
vfoma	繪	271
vfomb	綸	60
vfomd	䋡	0
vfomg	絟	20
vfomi	絵	20
vfomk	緶	60
vfomn	緰	20
vfomo	䌞	0
vfomr	給	886
vfon	紇	60
vfonk	緱	60
vfooo	緃	0
vfopd	絁	60
vford	緥	20
vfos	䋏	0
vfotf	䌗	0
vfoto	纀	20
vfowy	䋦	0
vfp	戀	70
vfpa	絢	60
vfpd	䊶	0
vfpi	約	668
vfpkp	緫	60
vfpmm	緪	60
vfpou	綯	60
vfpp	紕	60
vfpr	絇	20
vfpt	紲	60
vfptd	緤	60
vfpu	純	436
vfpuu	縐	60
vfq	姅	73
vfq	攣	69
vfqd	䋘	0
vfqjl	綁	503
vfqkd	縥	20
vfqmb	綪	20
vfqmc	績	60
vfqmf	縤	20
vfqo	䊿	0
vfqoc	纉	60
vfqu	婘	20
vfqu	𡡀	20
vfr	轡	55
vfr	㘘	20
vfrb	絹	60
vfrbc	縜	20
vfrhr	絽	20
vfrlu	䋲	0
vfrpa	緡	60
vfrrd	繰	60
vfrrj	繟	20
vfrse	縀	0
vfrsj	緝	60
vfruc	繏	0
vfrvp	䋋	0
vfrxu	繩	60
vfseg	䌑	0
vfsei	䌵	0
vfsh	糿	0
vfshi	紉	60
vfshr	紹	60
vfshu	絕	60
vfsip	綛	20
vfsit	繿	20
vfsiu	䌫	20
vfsj	䋙	0
vfsje	緅	60
vfsje	𦀩	20
vfsjj	䌰	0
vfsjr	䋧	0
vfsll	䋗	0
vfsma	䌌	0
vfsme	綅	60
vfsmg	䌂	0
vfsmg	䌦	0
vfsmh	繆	360
vfsmi	𦅛	20
vfsmm	䋚	0
vfso	䋇	0
vfsp	𥿡	20
vfsrj	䌟	0
vfsrr	䌔	0
vfss	䋌	0
vfstt	𦂤	20
vfsu	紀	60
vfsup	䋟	0
vfswu	纜	60
vftak	縸	20
vftbf	䌨	0
vftbk	繖	20
vftcd	䌜	0
vftct	縊	60
vftcw	緧	20
vftgr	繕	60
vfthf	䌲	0
vftlj	緙	60
vftlk	緓	20
vftlm	䌍	0
vftm	紺	60
vftmc	綨	20
vftmc	䌙	0
vftof	䌭	0
vftor	䌋	0
vftpp	繱	0
vftq	絴	0
vftqm	縒	20
vftrg	䌯	0
vftsj	縙	0
vftt	絣	60
vftw	緢	0
vftwi	繜	20
vftwi	䌩	0
vftwt	䌡	0
vftwv	繷	20
vftxc	縑	60
vftyj	纄	0
vfu	巒	644
vfubb	繃	60
vfuce	緵	20
vfufk	𦆮	20
vfuob	纗	20
vfuog	繀	20
vfuu	絀	60
vfv	孌	73
vfvfd	継	20
vfvfp	纞	0
vfvid	纅	0
vfvif	絲	60
vfvl	糾	277
vfvne	綠	360
vfvno	緣	60
vfvvd	繅	60
vfvvi	繼	60
vfvvw	緇	60
vfw	細	60
vfwb	緭	0
vfwd	綑	20
vfwg	䋥	0
vfwgg	纆	20
vfwk	絪	20
vfwlg	纙	60
vfwlj	繹	60
vfwlm	䌉	0
vfwlu	縄	20
vfwlv	繯	60
vfwml	綥	60
vfwmv	䋿	0
vfwot	縕	60
vfwp	緦	60
vfwr	絗	0
vfwtj	縪	20
vfwvf	縲	60
vfwwf	纝	0
vfyaj	綽	60
vfybb	締	60
vfybc	緽	20
vfybp	䌬	0
vfybs	縍	20
vfyck	絞	60
vfyg	紸	20
vfygq	繨	60
vfyhj	縫	60
vfyhn	䋁	0
vfyhr	縋	60
vfyhs	紡	60
vfyia	織	60
vfyib	䋭	0
vfyij	繂	20
vfyiu	統	60
vfyj	紏	20
vfyj	㪻	0
vfyjj	縺	20
vfyk	紋	60
vfykc	纐	20
vfykl	緕	20
vfylm	䊼	20
vfylr	繾	60
vfymp	紪	0
vfynq	䌴	0
vfynt	䌱	0
vfyoj	綷	60
vfypt	纑	60
vfyrb	縞	60
vfyrd	綧	20
vfyrf	綡	20
vfyrf	䜌	0
vfyrf	龻	0
vfyrn	𦂃	20
vfyro	㱍	0
vfyru	綂	60
vfyrv	纕	20
vfyso	縼	20
vfyto	繸	60
vfytp	繶	20
vfytr	䋨	0
vfytu	縌	20
vfyub	縭	60
vfyvi	絃	60
vfyvo	絯	20
vfyvq	縴	20
vfywm	繵	20
vfywv	縗	60
vfyx	纃	20
vgb	姌	20
vgbt	嬄	0
vgc	銺	20
vgce	婈	20
vgcg	㛬	0
vgcw	嫱	73
vgf	焋	20
vgg	娃	695
vggp	㜇	0
vggu	嬈	73
vgk	奘	73
vgk	奊	20
vglmi	䗽	0
vgni	嬦	73
vgow	嬙	73
vgp	娡	20
vgp	㥨	0
vgr	姞	73
vgrg	嬯	20
vgrr	嬉	73
vgrr	𡣗	20
vgrt	㛸	0
vgrv	媴	20
vgsk	㜜	20
vgt	弉	20
vgtj	婞	73
vgv	娤	20
vgwc	嬻	0
vgyhv	裝	564
vhab	婂	20
vhaf	𡡅	20
vhag	媓	20
vhail	郷	20
vhat	孂	0
vhau	㛂	80
vhav	嬝	20
vhbk	㜩	0
vhbr	姠	20
vhbu	𡜍	20
vhcn	嬼	20
vhcq	𡤒	20
vhd	姀	20
vhdn	娳	20
vhds	㛢	20
vhdv	婑	20
vhdw	嬏	20
vhej	㛔	20
vhey	㚵	20
vhg	妊	73
vhgu	姺	73
vhhj	婢	73
vhhl	㚹	20
vhhpl	鄕	54
vhhw	媹	20
vhi	媿	20
vhi	𡚸	20
vhiil	鄉	456
vhio	姂	0
vhj	奷	20
vhjd	姝	73
vhjg	媑	20
vhjm	娷	20
vhjr	姡	20
vhjx	㛼	0
vhk	妖	179
vhkb	嬌	73
vhkl	娇	73
vhkp	婖	20
vhlc	㜱	0
vhlmi	蚃	57
vhml	妡	20
vhmr	姤	73
vhnb	姵	73
vhnd	㛊	0
vhnh	𡠨	20
vhni	㜄	0
vhnk	㚯	0
vhoiv	飨	52
vhok	㜫	0
vhoo	㜡	0
vhp	奼	73
vhpa	婚	617
vhqi	娥	73
vhqm	姓	402
vhqo	妷	20
vhqu	㚪	20
vhs	妒	474
vhs	妰	20
vhsb	媥	20
vhsjl	鄊	0
vhsk	嬓	20
vhuc	㜺	20
vhul	嬶	20
vhup	媳	73
vhwp	媲	73
vhxc	嬹	73
vhxe	嫂	698
vhxh	㛛	0
vhxs	𡞲	20
vhxt	㜒	0
vhxu	婗	20
vi	幺	80
vi	厶	76
vi	㚧	0
viapv	㡫	0
viav	娘	694
vib	姢	0
vibul	䵼	0
vic	𨫥	20
vice	㛖	20
vid	樂	771
vid	槳	281
vidd	嫲	20
vidi	嬤	73
vidi	嬷	73
vidy	孊	20
vie	漿	64
vif	糸	60
vif	糹	60
vif	𢇃	20
vifd	䊢	20
vig	㛇	20
vig	墏	20
vihe	发	938
vihi	幾	852
vihi	𡜐	20
vihml	斷	68
vihq	㛌	0
vihr	㛾	0
vihs	娍	20
vihs	㡬	0
vihv	媙	20
viih	㜗	0
viik	獎	425
viil	嫏	73
vij	娀	73
vije	㛏	0
vik	奬	73
vikf	媯	73
vikk	妭	73
viks	幼	71
viksf	鴢	20
viku	㚭	0
vilb	嫞	20
vile	嫝	20
vilmi	螿	57
viln	劙	77
vilr	㜍	20
vimcw	醬	338
vine	𡛻	20
vio	以	961
viok	娭	73
viomn	㡮	0
vip	㚤	0
vir	始	700
vis	幻	71
vish	㓜	0
vit	㢡	0
vitc	嬚	20
vitf	嫬	73
viu	乣	79
viuh	娏	20
viv	𡛟	20
viw	畿	62
vixp	㜙	0
vjb	姉	20
vjbc	嫃	20
vjbd	㛘	0
vjbj	婻	20
vjbm	𡝮	20
vjcb	𡢠	20
vjcr	嫆	20
vjd	妹	73
vjd	𡜻	20
vje	妓	73
vjfd	㛽	0
vjfe	㛮	0
vjhp	姹	73
vjhw	嬸	699
vjii	嫥	20
vjjo	㜛	0
vjka	媎	20
vjkp	姥	73
vjks	㛈	20
vjll	婶	699
vjlo	婕	73
vjmc	嬪	73
vjmc	𡤧	20
vjmf	婃	20
vjmi	𡝬	20
vjmm	媗	20
vjmo	嫁	73
vjmo	婝	20
vjmu	㛡	20
vjnu	婉	73
vjoa	㜚	0
vjoc	嫔	73
vjpn	嬣	20
vjpu	娆	73
vjr	姑	700
vjrb	媩	73
vjrj	嫴	20
vjrr	婠	20
vjru	娔	0
vjtc	𡤐	20
vjuc	𡣑	20
vjv	姲	20
vk	夨	0
vkb	姷	20
vkbt	盭	62
vkcf	嫽	73
vke	𡛀	20
vkgg	㛻	0
vki	𡛕	20
vkk	𡘾	20
vkkb	㛓	20
vklb	㚴	0
vklu	㛪	0
vkmb	媠	73
vkmr	婍	20
vkms	姱	73
vkn	姨	699
vkni	𡚺	20
vkok	嫉	475
vkoo	㛍	0
vkpb	𡠹	20
vksr	㚳	0
vl	凵	77
vl	妕	0
vlbk	姎	20
vlbu	妉	73
vle	収	76
vle	𡝯	20
vlgm	嫿	73
vlhbr	嚮	836
vlllm	丱	80
vllmi	蠁	57
vlm	爿	63
vlmc	嬇	20
vlmo	姚	73
vlmt	嬧	20
vlmy	婔	20
vloiv	饗	52
vlok	收	580
vlr	㗽	0
vlsa	㛠	0
vlsd	娴	73
vlw	妯	73
vlwl	妽	73
vlws	娉	73
vlwv	㜢	20
vlxh	姊	73
vlxl	婣	20
vlyta	響	52
vm	妅	73
vmabt	缊	60
vmam	姮	73
vmamo	缇	60
vmapp	绲	60
vmawe	缦	60
vmbb	嬬	73
vmbb	㛤	0
vmbbe	绶	60
vmbc	㛲	0
vmbd	䌽	60
vmbdi	將	840
vmbe	𡤕	20
vmbgr	绸	310
vmbi	𡢅	20
vmbk	纲	243
vmbk	媆	20
vmbl	䎟	0
vmbm	组	60
vmbm	𡠭	20
vmbme	缓	482
vmbov	缨	60
vmbr	䌹	60
vmbs	嫮	73
vmbu	孀	73
vmbuh	缈	60
vmbv	绥	60
vmbwd	彙	77
vmcnh	绨	60
vmcor	绤	60
vmcru	䌼	0
vmcsh	纷	429
vmcwa	缯	60
vmd	㚥	20
vmd	牀	20
vmdbu	缃	60
vmdh	䌶	0
vmdi	纣	60
vmeee	缀	60
vmeq	绎	60
vmf	妚	73
vmfb	嬭	20
vmfbr	绱	60
vmfdv	缕	60
vmfft	彝	71
vmfh	纱	308
vmfhk	𢑱	20
vmfht	彜	20
vmfj	㛁	20
vmfm	㚰	20
vmfq	绊	60
vmfqu	绻	60
vmfr	娝	0
vmg	壯	177
vmgce	绫	60
vmgg	娾	20
vmgi	𡛼	20
vmgk	𡟹	20
vmgow	牆	74
vmgr	结	772
vmgro	缬	60
vmgt	㛞	0
vmhab	绵	60
vmhae	缐	20
vmhds	绣	60
vmhed	绦	60
vmheq	绛	60
vmher	络	360
vmhey	终	657
vmhf	嫄	73
vmhg	纴	60
vmhj	纤	360
vmhje	缎	309
vmhjm	缍	20
vmhml	斨	68
vmhon	绗	60
vmhsk	缴	60
vmhuo	缵	60
vmhvp	纸	416
vmhyr	绺	60
vmi	戕	70
vmi	纩	60
vmibi	缚	448
vmig	姪	20
vmig	𤕸	20
vmihr	缄	66
vmij	线	60
vmik	狀	63
vmike	绂	60
vmilb	牅	0
vmir	绐	60
vmisb	编	60
vmiwg	缠	506
vmj	奸	73
vmjbc	缜	60
vmjbj	䌾	0
vmjcm	㸜	0
vmjj	姸	73
vmjka	绪	60
vmjm	纻	60
vmjmf	综	360
vmjmo	绽	60
vmjnk	续	60
vmjoa	缩	360
vmjoc	缤	60
vmjpu	绕	505
vmjrr	绾	60
vmkcf	缭	190
vmki	纮	60
vmkmr	绮	60
vmkms	绔	60
vmkni	纨	60
vmku	妩	73
vmkvc	练	60
vml	㚦	0
vmlii	蠿	20
vmlit	䍀	0
vmliu	缆	60
vmlk	㛐	0
vmlln	绋	60
vmlm	婭	73
vmlmo	缋	60
vmlmy	绯	402
vmlw	䌷	60
vmlw	㛉	0
vmlwl	绅	60
vmm	红	603
vmmca	缙	60
vmmd	纡	60
vmmi	妘	73
vmmig	绖	60
vmmlk	绠	60
vmmmi	纭	60
vmmnr	牁	63
vmmp	孋	20
vmmr	娪	20
vmmrw	䌿	0
vmmu	妧	20
vmmv	娠	73
vmmvi	缛	60
vmmwf	缥	60
vmmwl	缅	248
vmmwm	缰	60
vmn	奵	20
vmnau	绝	60
vmng	纽	444
vmnhe	级	60
vmnin	纾	60
vmnl	纼	20
vmnme	绿	360
vmnom	经	896
vmnr	妸	73
vmnsm	绉	60
vmob	纳	368
vmob	𡛦	20
vmog	维	60
vmoir	牄	63
vmomi	绘	271
vmomk	缏	60
vmomr	给	886
vmon	纥	60
vmonk	缑	60
vmoo	纵	88
vmop	纶	60
vmpa	绚	60
vmpi	约	668
vmpm	娬	20
vmpop	彘	71
vmpou	绹	60
vmpp	纰	60
vmpt	绁	60
vmptd	牃	0
vmpu	纯	436
vmqjl	绑	503
vmqmo	绩	60
vmqni	䌸	60
vmqs	纬	60
vmr	妬	20
vmrb	绢	60
vmrc	织	60
vmrlu	绳	60
vmrpa	缗	60
vmrr	𡟵	20
vmrrd	缲	60
vmrsj	缉	60
vmrt	㛒	0
vmshi	纫	60
vmshr	绍	60
vmshr	㸛	0
vmsj	䌺	0
vmsmh	缪	360
vmsmm	䌻	0
vmsu	纪	60
vmt	妍	73
vmtc	娅	73
vmtct	缢	60
vmtlj	缂	60
vmtlk	绬	0
vmtm	绀	60
vmto	㜧	0
vmtq	牂	63
vmttr	缮	60
vmtxc	缣	60
vmue	𡟺	20
vmuu	绌	60
vmuw	婳	73
vmv	妝	73
vmvfd	继	60
vmvi	媷	20
vmvl	纠	277
vmvm	娙	20
vmvno	缘	60
vmvvd	缫	60
vmvvw	缁	60
vmw	细	60
vmwf	嫖	73
vmwj	㜤	0
vmwl	媔	20
vmwlv	缳	60
vmwp	缌	60
vmwv	婹	73
vmwvf	缧	60
vmyaj	绰	60
vmybb	缔	60
vmyck	绞	60
vmyf	嫣	73
vmyhj	缝	60
vmyhr	缒	60
vmyhs	纺	60
vmyiu	统	60
vmyk	纹	60
vmylr	缱	60
vmym	姃	20
vmyrb	缟	60
vmyto	䍁	60
vmyub	缡	60
vmywv	缞	60
vnai	婏	0
vnau	娩	73
vnbc	媍	0
vnbk	𡞵	20
vnbk	㛟	0
vnbp	嫓	20
vncr	㜬	20
vnd	好	941
vnf	妳	20
vng	妞	73
vnhd	媃	20
vnhe	㚫	0
vnhs	奶	73
vnib	㛚	20
vnin	妤	73
vnin	姼	20
vnir	姳	20
vnj	㚨	0
vnjk	㜟	0
vnkg	娗	20
vnkm	娫	20
vnl	邚	0
vnlb	嫷	20
vnlr	婀	73
vnm	彑	71
vnmb	㣇	0
vnme	彔	20
vnmm	嫋	20
vnmo	彖	71
vnmu	姽	73
vno	奺	0
vnob	婿	697
vnok	𡞳	20
vnot	嬁	20
vnri	㜶	0
vnsd	㚺	0
vnsd	㛆	0
vnsm	㛀	73
vnst	𡟚	20
vnum	嬎	73
vnum	嬔	73
vnus	㛯	0
vnvm	妈	720
vnxu	䶯	0
vnyi	娹	20
vo	乆	80
vob	妠	20
vobt	盠	0
vof	㚷	0
vog	婎	0
voge	孇	20
vogf	嫶	20
vohaf	鶨	20
vohg	姙	20
vohh	𡛧	20
voii	姈	73
voim	孅	73
voin	妗	73
voir	娢	0
voiw	㜝	0
volii	蠡	57
voll	妎	20
volmi	䗍	0
voln	剶	0
vom	㚱	20
voma	嬒	0
vomb	婨	73
vomc	娦	0
vomg	姾	20
vomk	㛹	20
vomn	媮	73
vomo	嬐	20
vomr	姶	73
vomt	媕	73
vomv	婾	20
voog	㛗	0
vop	㛋	0
voq	姩	20
vord	媬	73
vorm	嬆	0
votf	嫵	73
vovo	娰	0
vowy	娒	73
voyr	㜃	20
vp	㣽	0
vpa	姰	20
vpd	她	968
vpfd	婅	20
vph	妼	20
vphh	𡛁	20
vpi	妁	73
vpim	㚬	20
vpkp	𡟟	20
vpp	妣	73
vppa	媘	0
vpr	姁	73
vpru	㚿	0
vptd	媟	73
vpuu	媰	73
vqj	妦	20
vqjp	𡣺	20
vqka	媋	20
vqkd	嫀	20
vqmb	婧	73
vqmc	嫧	0
vqmf	嫊	20
vqmv	婊	73
vqo	妋	0
vqyt	𡝰	20
vr	如	933
vrau	㛕	0
vrb	娟	73
vrbc	㜏	0
vrbo	㛣	0
vrd	桇	20
vrhaf	鴽	51
vrhu	㚾	0
vrlb	帤	20
vrlr	㚶	0
vrmk	娱	73
vrob	娲	73
vrp	恕	70
vrpa	㛰	0
vrq	挐	69
vrq	𢳉	20
vrr	㛎	0
vrrd	嬠	20
vrrj	嬋	73
vrrk	孍	20
vrrp	㖲	0
vrrp	㗠	0
vrvc	娯	20
vrvif	絮	353
vrvk	娛	73
vrvp	姄	73
vrye	婽	73
vryhv	䘫	0
vryo	娖	20
vsbt	𥁒	20
vseg	𡠩	20
vseq	㜨	0
vshaf	鶭	20
vshr	妱	20
vshu	娓	73
vsit	㜮	0
vsj	㛅	20
vsje	娵	73
vsjr	婮	73
vsk	妪	73
vsk	𡛂	20
vskp	嫕	73
vskr	𡝗	20
vsll	姬	73
vsll	姫	20
vsm	妇	73
vsmb	婦	73
vsmg	嬥	20
vsmh	嫪	73
vsmi	㜦	0
vsmr	㚸	0
vsnd	孧	0
vsp	妮	73
vsqf	媽	720
vsql	娜	73
vsrp	嬺	0
vsrq	𡢡	20
vsrr	嫗	73
vss	姖	20
vstr	嫟	20
vstt	𡟛	20
vstv	㜊	20
vsu	妃	73
vsuf	㜯	0
vsyi	孎	20
vta	㛭	0
vtab	𡤃	20
vtad	𡤄	20
vtak	嫫	73
vtaw	孏	73
vtbc	婰	20
vtbn	媊	73
vtc	娂	73
vtch	𡝱	20
vtcl	𡡒	20
vtco	𡣘	20
vtct	㜋	0
vtcw	媨	0
vtge	𡡷	20
vtgi	嬟	20
vtgk	媄	73
vtgr	嫸	20
vtgu	㛨	0
vtgv	𡟜	20
vtgw	𡤑	20
vthg	嬞	20
vtio	𡝳	20
vtjb	㛿	0
vtkr	婼	73
vtlb	𡠪	20
vtlf	嬿	73
vtlk	媖	73
vtlm	嫤	20
vtlo	嫨	20
vtm	姏	20
vtmc	娸	73
vtmc	嫹	20
vtmd	媒	73
vtmj	嬅	73
vtmj	𡞴	20
vtmu	𡝴	20
vtmv	媅	73
vtnu	𡟃	20
vtoe	嬳	0
vtop	婲	0
vtor	㜓	0
vtpd	𡡣	20
vtqm	嫅	0
vtrg	孉	0
vtsj	媶	20
vtt	姘	73
vttb	媾	73
vtvi	𡞰	20
vtvp	嬨	20
vtw	媌	20
vtwa	㜖	0
vtwk	𡟻	20
vtwu	㜴	0
vtwv	𡢿	20
vtxc	嫌	73
vu	奾	20
vuau	𡡻	20
vugk	嬍	20
vuhi	𡟶	20
vuhml	㫁	0
vuks	㔢	0
vumb	媏	73
vumf	㛶	0
vumi	媸	73
vumj	婩	20
vumr	㛧	0
vumt	㜐	0
vuob	孈	20
vuog	雝	20
vuog	㜠	0
vush	㔃	0
vuuk	媺	73
vv	奻	20
vv	㚣	0
vvf	災	312
vvfb	嬵	0
vvff	𡤻	20
vvfp	㜻	0
vvh	乡	456
vvid	㜰	20
vvii	𡡤	20
vvii	㡭	0
vvio	姒	73
vvm	丝	60
vvm	纟	60
vvmbu	𩠐	20
vvmj	姧	73
vvmpm	鸶	51
vvnd	㜽	0
vvne	娽	20
vvno	𡟇	20
vvno	𡟼	20
vvrau	邕	54
vvv	姦	73
vvv	巛	72
vvvu	㜉	0
vvvw	㛴	0
vvw	甾	63
vvwd	巢	72
vvwkv	巤	72
vw	㚼	20
vwb	媦	20
vwd	婐	73
vwg	娌	73
vwgf	嫼	0
vwhaf	鶅	20
vwjlo	疀	20
vwjr	婟	20
vwk	姻	73
vwkp	𡟯	20
vwks	娚	73
vwlb	媀	0
vwlc	㜥	20
vwlg	𡤢	20
vwlj	嬕	20
vwlk	嬽	20
vwln	㓯	0
vwlv	嬛	73
vwmv	㛱	0
vwnl	䣎	0
vwot	媼	73
vwp	媤	20
vwsv	嫐	73
vwvf	嫘	73
vwwm	㜼	0
vwyi	姆	73
vwyl	𡜼	20
vx	卐	76
vyaj	婥	73
vybb	媂	20
vybc	媜	20
vybs	嫎	20
vycb	嫡	73
vyck	姣	73
vycv	嬢	20
vydu	𡤅	20
vyfd	㜆	0
vyfe	婌	20
vyg	妵	73
vyhn	妔	20
vyhr	𡠻	20
vyhs	妨	263
vyhv	㛄	20
vyia	嬂	20
vyib	㛩	0
vyiw	㜅	0
vyjj	㜕	0
vyk	妏	73
vymr	娮	20
vymy	𡛨	20
vypd	嫭	73
vypk	𡢢	20
vypm	㜘	0
vypu	婋	0
vyr	㚲	0
vyrf	婛	20
vyrn	婷	73
vyrn	㜲	20
vyrv	孃	20
vyso	嫙	73
vyso	媫	20
vysv	㜵	0
vyta	㛺	0
vytd	媇	0
vytj	嫜	73
vytj	㛙	0
vyto	嬘	0
vytp	嬑	20
vytr	婄	20
vytu	㜔	0
vyvi	妶	20
vyvo	姟	0
vywm	嬗	73
vywv	㜳	20
vyx	𡣙	20
w	田	502
wamh	畼	0
wb	胃	654
wbb	朙	67
wbbm	畳	20
wbdi	㽟	0
wbmbc	顒	52
wbmbo	颙	52
wbmvn	㼴	0
wbp	愚	70
wbuf	㘥	20
wc	四	713
wcb	囧	75
wcbuu	䚑	0
wcg	囶	75
wchaf	鷶	20
wche	畟	62
wcmw	圙	75
wcwa	㽪	0
wcys	圀	75
wd	果	842
wd	困	493
wdh	团	75
wdhv	褁	20
wdi	団	20
wdmbc	顆	52
wdmbo	颗	52
wdmq	圍	409
wdmvn	㼫	0
wdnin	夥	74
wdok	㪙	0
wdye	敤	20
we	囦	75
we	㘝	0
weee	畷	62
weee	瑆	20
well	㘤	0
wfam	䵣	0
wfamh	䵮	0
wfapp	䵪	0
wfdq	疄	20
wfea	䵬	0
wfemd	䵦	0
wfgr	黠	51
wfgrr	䵱	0
wfgwc	黷	51
wfhaf	䳴	0
wfhjg	䵯	0
wfice	黢	51
wfihr	黬	0
wfiih	黲	51
wfik	默	450
wfikh	黪	51
wfikh	䵨	0
wfip	黓	51
wfjbc	黰	51
wfjd	䵢	0
wfjka	䵭	0
wfjnk	黩	51
wfjnu	黦	51
wfklu	黤	20
wflbu	黕	51
wfln	䵞	0
wfmj	䵟	0
wfmu	㘢	0
wfmvu	黖	20
wfmwg	黫	20
wfnau	䵥	0
wfncr	黵	20
wfnin	黟	51
wfno	㱄	0
wfno	㱎	0
wfoah	䵰	0
wfoin	黔	51
wfoma	䵳	0
wfomt	黭	20
wfowy	黣	0
wfpi	䵠	0
wfpu	黗	51
wfq	畔	323
wfqg	畻	0
wfqu	圈	506
wfrrd	䵲	0
wfrxu	䵴	0
wftm	黚	20
wftmv	黮	51
wfu	䵝	0
wfuu	黜	51
wfvis	黝	51
wfyg	𪐴	20
wfypt	黸	20
wfyr	點	854
wfyrf	黥	51
wfyta	黯	51
wg	里	964
wgb	畘	0
wgdi	畤	62
wgf	黑	51
wgfg	墨	269
wgg	畦	62
wgit	圔	20
wgni	疇	62
wgnin	野	74
wgrv	園	75
wgtj	圉	75
whaf	鴫	20
whd	囷	75
whe	畈	63
wher	略	443
wher	畧	20
whey	图	542
whgi	𤴆	20
whjg	畽	62
whnd	𡇙	20
whq	㽚	0
whvo	畖	20
whwj	㽡	0
wi	囜	0
wibc	圎	0
wibi	圑	0
wice	畯	62
wihaf	鸀	20
wihu	㽙	20
wiih	㽩	0
wijb	圃	75
wijw	圗	0
wik	畎	63
wiln	劅	0
wimbc	䫳	0
wino	歜	66
wiog	塁	20
wiom	疂	20
wir	囼	0
wirm	國	975
wirm	㽣	20
wiye	斀	20
wiyj	斣	0
wj	毋	66
wj	毌	66
wjbo	贯	266
wjbuc	貫	266
wjhaf	鷝	20
wjhaf	鸅	20
wjii	團	75
wjno	歝	0
wjnu	瑂	63
wjnu	畹	62
wjok	斁	68
wjok	㪤	0
wjr	固	75
wk	因	888
wk	龱	20
wkb	囿	75
wkbt	盢	0
wkbu	䁿	0
wkf	黙	20
wklu	㽢	0
wkmr	畸	62
wkno	欭	20
wkoo	㽠	0
wkp	恩	80
wks	男	730
wks	㘞	0
wks	㽖	0
wl	甲	483
wlbi	禺	61
wlbm	罝	60
wlbnd	罦	60
wlbuc	買	553
wlcnh	罤	0
wlcwa	罾	60
wld	䍒	0
wldd	罧	20
wlea	䍝	0
wleee	罬	20
wlfd	䍘	0
wlff	眔	0
wlga	圕	75
wlgg	罣	60
wlggy	罫	60
wlgi	罢	388
wlgif	罴	59
wlgrv	瞏	62
wlgtj	睪	62
wlhaf	鴨	557
wlhhw	罶	60
wlhui	㝶	0
wlhvi	䍕	0
wlhvo	罛	60
wliav	䍚	0
wlibp	罷	388
wlipf	羆	59
wlirm	罭	60
wlivn	罚	60
wlixp	䍡	0
wljbj	罱	60
wljbm	置	60
wljka	署	462
wljr	罟	60
wlki	䍔	0
wlklu	罨	60
wll	罒	60
wlll	甽	63
wllmy	罪	536
wlln	𠝹	20
wlmbw	䍣	0
wlmc	圚	20
wlmf	罘	60
wlmfn	罽	60
wlmhm	䍥	0
wlmj	䍐	0
wlmrv	睘	62
wlmvh	䍓	0
wlmym	罡	60
wlni	罗	682
wlnih	罞	20
wlog	䍜	0
wloi	罖	0
wlooo	眾	62
wlotf	䍢	0
wlowy	䍙	0
wlpli	蜀	57
wlpog	罹	60
wlpru	䍖	0
wlpym	鸭	557
wlrb	罥	60
wlrvp	罠	60
wlsfi	罻	60
wlsmm	翈	20
wlsqf	罵	350
wltab	羃	60
wltjf	羈	59
wltjm	羁	59
wltjr	羇	59
wluce	䍟	0
wlvfb	羂	60
wlvff	羉	20
wlvfg	羅	682
wlvfj	羄	0
wlvvd	罺	20
wlwjr	䍛	0
wlwp	罳	60
wlwtj	罼	20
wlwwk	奰	73
wlwww	𦌵	20
wlyaj	罩	60
wlybg	䍦	0
wlyg	罜	20
wlymr	詈	56
wlyri	罸	20
wlyrn	罰	60
wlyta	罯	0
wlytg	罿	60
wlyub	䍠	0
wlyvi	䍗	0
wlyx	䍤	0
wmbb	㽭	0
wmf	囨	75
wmg	囯	75
wmgi	国	975
wmhaf	䴑	0
wmhlo	爴	0
wmhqu	㲲	0
wmhqu	氎	0
wml	畀	63
wmln	㓻	20
wmmi	囩	0
wmmr	圄	75
wmmu	园	75
wmn	町	63
wmso	圂	75
wmv	畏	127
wmwm	疅	0
wmym	囸	75
wnd	囝	75
wng	墅	74
wng	㙒	0
wnhd	㽥	0
wno	畂	20
wo	囚	75
wo	㽗	0
wohh	畛	62
woii	囹	75
wok	畋	63
woll	界	802
woll	畍	20
womb	圇	75
womd	畭	20
wop	囮	75
wop	囵	75
wop	慁	70
wowy	畮	20
wp	思	688
wpfd	㽤	0
wph	㘠	0
wphh	囫	75
wpim	畇	63
wpks	㔥	0
wpmbc	顋	20
wpp	毗	66
wpp	毘	20
wpr	㽛	0
wpu	囤	75
wqki	畴	62
wqmb	圊	75
wqmb	𤲟	20
wqo	畉	20
wqs	围	409
wr	回	893
wrb	㘣	20
wrbc	圓	75
wrbo	圆	75
wrf	㸃	0
wrq	㨼	0
wrvif	䌎	0
wrvp	囻	75
wryw	圖	542
ws	囙	0
wshqm	㽒	0
wsl	囬	75
wsmh	疁	20
wsp	㤙	0
wsvws	嬲	73
wt	㘟	0
wtc	異	62
wthvo	㼔	0
wtj	畢	62
wtju	𤳙	20
wtlo	𤳉	20
wtqm	㽨	0
wtt	囲	20
wtt	畊	20
wtvi	㽧	0
wumb	圌	75
wuob	㽯	0
wv	㚻	80
wv	囡	75
wvfd	圞	75
wvff	圝	20
wvhaf	䴉	80
wvif	累	60
wvpym	鹮	80
wvsmm	翾	59
ww	畕	20
wwhaf	鸓	51
wwks	㔣	0
wwl	㘡	0
wwlj	圛	75
wwls	圐	75
wwlv	圜	75
www	畾	62
wwwc	𨯔	20
wwwd	櫐	20
wwwf	纍	60
wwwf	䴎	0
wwwg	壘	74
wwwm	㽮	80
wwwm	疊	67
wwwr	礨	20
wwwu	罍	60
wwwwg	壨	20
wybuc	貫	20
wyhaf	䳇	0
wyhn	囥	75
wyhn	㽘	20
wyhv	畩	20
wyi	母	762
wyk	図	20
wymr	圁	20
wynd	㝀	20
wynd	𡥘	20
wypd	毑	66
wytg	疃	62
wyv	甿	63
wyvo	畡	0
wyyhv	袰	20
xaaa	晿	68
xaaam	曐	67
xab	冐	20
xabbe	暧	67
xabkq	晖	68
xahqm	甠	0
xaihs	晠	20
xaj	旪	68
xajka	暏	0
xalmo	晀	0
xambi	曧	20
xamru	鼌	0
xancr	閲	53
xatc	晎	0
xatmj	曅	0
xb	冂	78
xb	冖	78
xb	爫	63
xbb	肎	0
xbbm	冝	0
xbbyk	髄	51
xbcok	贁	0
xbcsh	肦	0
xbdi	寽	0
xbfqu	膡	0
xbgi	戵	0
xbkf	脄	0
xbkn	肍	0
xblwl	腗	0
xbmm	冃	78
xboij	贱	201
xbulm	瞆	0
xbund	觃	57
xbv	肗	0
xbybb	腣	0
xc	丷	80
xcaa	锠	54
xcahu	镅	54
xcam	钽	54
xcami	锝	54
xcaph	锡	323
xcapp	锟	54
xcau	钯	54
xcawe	镘	54
xcb	钥	360
xcbdi	锊	54
xcbme	锾	54
xcbms	锄	286
xcbu	钼	54
xcc	釡	54
xccnh	锑	54
xccru	锐	240
xcdhe	铍	54
xcdm	钵	153
xcei	钗	54
xcf	钬	54
xcfb	销	228
xcfbc	鑜	0
xcfbg	镗	54
xcfbu	镋	54
xcff	锬	54
xcfh	钞	54
xcfqu	锩	54
xcg	钍	54
xcha	铂	54
xchab	锦	121
xchag	锽	54
xchdf	锹	54
xchds	锈	194
xche	钣	54
xchej	锋	296
xcher	铬	54
xchgi	铥	54
xchgr	锆	54
xchgu	铣	54
xchhh	钐	54
xchhl	铆	428
xchhw	镏	54
xchj	钎	54
xchjd	铢	54
xchje	锻	54
xchjg	锺	53
xchjm	锤	429
xchjr	铦	54
xchjx	锸	54
xchni	钒	54
xchnr	铅	54
xchqi	锇	54
xchud	镍	54
xchxe	锼	54
xci	鈛	0
xciav	锒	54
xcibi	镈	54
xcihs	铖	54
xcihu	兊	0
xcii	鉱	20
xcijb	铺	406
xcike	钹	54
xcilb	镛	54
xcipf	镳	53
xcipp	铽	54
xcitc	镰	286
xcite	镀	54
xciv	钺	54
xcj	针	54
xcjcr	镕	54
xcjka	锗	54
xcjkp	铑	54
xcjks	铐	54
xcjp	铊	54
xcjr	钴	54
xcjv	铵	54
xckb	铕	54
xckcf	镣	54
xckjt	锛	54
xcklb	钸	54
xckmr	锜	54
xclll	钏	54
xclmi	锵	54
xclmo	铫	54
xcln	钊	54
xclw	铀	54
xcmbw	镭	54
xcmf	钚	54
xcmfe	錽	0
xcmgi	钰	54
xcmhl	铘	54
xcmig	铚	54
xcmmr	铻	54
xcmn	钉	114
xcmnr	钶	54
xcmrb	镉	54
xcmt	钘	54
xcmtn	铏	54
xcmto	镢	54
xcmwf	镖	54
xcmwj	镡	54
xcmym	钲	54
xcmys	钙	327
xcn	钇	54
xcnau	铯	54
xcndt	锰	54
xcng	钮	407
xcnhe	钑	54
xcnir	铭	54
xcnkg	铤	54
xcnkq	键	136
xcnlr	锕	54
xcnn	钌	54
xcno	钦	66
xcnot	镫	54
xcnri	镵	53
xcnsd	铮	54
xcnwa	镥	53
xcob	钠	325
xcog	锥	54
xcoin	钤	54
xcomg	铨	54
xcomr	铪	54
xcoog	锉	77
xcop	鈋	0
xcorq	镎	54
xcph	铋	54
xcphp	锪	54
xcpi	钓	54
xcpim	钧	54
xcppa	锴	54
xcpru	铇	54
xcpu	钝	156
xcqhk	锲	54
xcqki	铸	53
xcqmb	锖	54
xcrhu	兑	78
xcrlb	铞	54
xcrmg	锃	54
xcrr	铝	54
xcrrs	锷	54
xcsj	铒	54
xcsje	镊	53
xcsjr	锯	430
xcsme	锓	54
xcsmh	镠	54
xcsp	铌	54
xcsr	钷	54
xcss	钜	54
xcssr	锔	54
xcta	错	54
xctak	镆	54
xctca	镨	54
xctco	镤	54
xctct	镒	54
xctgk	镁	54
xctkr	锘	54
xctlk	锳	54
xctm	钳	54
xctoe	镬	53
xctvi	镃	54
xctw	锚	54
xctwi	鑖	0
xctyv	铓	54
xcu	钆	54
xcubb	镚	54
xcuce	鑁	20
xcuok	敚	68
xcv	钕	54
xcvr	铷	54
xcvvv	镴	53
xcvvw	锱	54
xcw	钿	54
xcwa	曽	20
xcwd	锞	54
xcwg	锂	54
xcwjr	锢	54
xcwk	铟	54
xcwl	钾	326
xcwli	镯	54
xcwlv	镮	53
xcwp	锶	54
xcwvf	镙	20
xcy	钋	54
xcybs	镑	54
xcycb	镝	54
xcyck	铰	54
xcydk	镦	54
xcyhn	钪	54
xcyhs	钫	54
xcyhv	铱	54
xcyiu	锍	20
xcyj	钭	54
xcylb	铈	54
xcyr	钻	53
xcyrb	镐	54
xcyrv	镶	53
xcysk	镞	54
xcyso	镟	54
xcytj	锌	325
xcytp	镱	53
xcytr	锫	54
xcytu	镜	54
xcyvi	铉	54
xdb	枂	20
xdc	朩	0
xdci	枩	20
xdcru	棁	67
xddbu	鬰	0
xddf	燓	0
xddg	壄	0
xdffr	檆	0
xdhap	梍	67
xdhsk	棙	0
xdje	叏	0
xdjpu	桡	66
xdmbb	欛	66
xdmbs	樰	0
xdn	朰	0
xdnau	梚	0
xdnlb	椭	66
xdno	杦	0
xdnwa	橹	80
xdo	杁	20
xdogs	槜	66
xdomo	検	20
xdoo	枞	66
xdrrr	楍	66
xdsmi	桪	0
xdsp	愸	0
xdtbo	赉	56
xdtge	様	20
xdtwi	櫗	0
xdu	杣	20
xdytu	槞	20
xe	氵	66
xe	氺	65
xeapp	渇	20
xebp	懑	70
xebuu	覌	57
xecru	涚	20
xeeee	涰	0
xehe	汷	65
xehf	烫	541
xehq	汼	0
xehxf	澙	64
xeikh	浝	0
xejjn	瀭	0
xelg	壍	0
xelmo	溃	64
xemwd	潥	0
xenbk	涣	65
xend	汓	0
xeno	汣	0
xenwa	澛	64
xeo	氼	65
xeqmb	淸	65
xesim	涩	615
xesmb	瀥	0
xesmi	浔	64
xesmj	瀈	0
xetlx	潇	64
xetub	満	20
xewlo	潈	0
xeycb	滳	0
xeyg	塰	20
xeykl	済	20
xeylh	渉	20
xeypp	滤	151
xeytu	滰	0
xf	灬	64
xfbha	鴬	20
xfbpy	鸴	51
xfcq	挙	20
xfdmb	糥	0
xfdok	敩	20
xfdtc	粠	0
xfdv	娄	73
xfff	尛	0
xffno	歘	66
xfg	尘	74
xfhby	炿	0
xfklb	幤	20
xfmbc	熕	20
xfnbk	焕	64
xfqsu	巻	20
xftwi	爡	0
xfw	畄	63
xfwd	焑	0
xfyrd	燺	0
xgbdi	埓	20
xgblm	壷	20
xgbmc	壸	74
xgcwa	増	20
xggg	壵	0
xggks	劸	0
xgi	圹	74
xgig	堼	74
xgilb	幇	20
xgisq	驇	0
xgmwg	壥	20
xgtdh	皼	0
xgu	圸	20
xgyk	垯	74
xh	𠂆	20
xhahu	篃	60
xhap	皀	62
xhbks	勪	0
xhbnd	筟	0
xhdcr	税	61
xhdnw	穞	61
xhdwd	稇	0
xhfks	鳨	0
xhfnl	鄥	0
xhhha	鵢	0
xhhoo	篵	0
xhipy	鸱	51
xhir	啔	0
xhjd	筞	0
xhjha	鷱	0
xhka	晵	0
xhlmo	篑	60
xhln	乺	0
xhlx	箫	424
xhmbg	籱	0
xhnbm	飓	52
xhnff	飚	52
xhnhh	飗	52
xhnhx	飕	52
xhnik	颰	0
xhnma	凬	0
xhnp	悡	0
xhnpr	飑	52
xhnry	躛	55
xhnwp	飔	52
xhnym	讏	56
xhnyr	飐	52
xhocm	衔	302
xhoir	筨	0
xhojw	徳	20
xhomg	彺	0
xhoug	徴	20
xhpmb	顖	20
xhqi	牫	0
xhqr	吿	76
xhrks	劶	0
xhrok	敌	68
xhrpy	鸹	51
xhsk	戻	20
xhsyj	簈	0
xhunw	氇	66
xhuu	臫	0
xhvio	笖	0
xhvp	憄	0
xhwmv	粤	60
xhyhn	舧	0
xhyhs	舮	20
xhysc	簱	0
xhywv	簔	20
xi	丶	80
xi	广	71
xiebt	盋	62
xiedh	皳	0
xifwd	祵	0
xihhq	毵	66
xihi	庅	71
xiiim	亝	79
xij	戋	70
xiklu	奙	0
xiod	楽	20
xiogr	噟	0
xipg	垄	74
xir	戓	0
xirnl	鄌	20
xivop	讹	56
xivpa	诣	56
xj	宀	73
xjcmb	顮	0
xjcqo	窥	217
xjeq	撃	20
xjevi	繋	60
xjju	乹	0
xjjyj	輧	20
xjmmu	崈	0
xjpbn	寜	0
xjt	卋	76
xjtbu	宽	72
xjtd	枽	0
xjuha	鴧	0
xjuha	鵍	0
xjuks	勊	0
xk	疒	62
xk	𠂇	20
xkau	夿	0
xkbb	奟	0
xkd	杀	495
xkdi	疛	0
xkdln	刹	360
xkdlo	癞	62
xkhha	獆	0
xkhnd	狲	63
xkhup	瘪	80
xkhvi	奃	0
xki	厷	76
xkk	夶	73
xklg	堑	74
xknbk	痪	386
xknha	鴺	0
xknlp	瘾	62
xkog	奞	0
xkoo	疭	62
xkr	夻	0
xkyvo	奒	0
xl	丨	80
xl	丿	80
xl	衤	57
xl	肀	20
xlb	帇	0
xlibh	蚬	57
xlibt	蛊	57
xlicr	蜕	57
xlihw	螕	0
xlioi	蛿	0
xlitl	蟏	57
xlitw	蠴	0
xlnis	牑	0
xlsyk	闼	53
xltgi	襨	0
xlx	肃	312
xlykq	裢	57
xmbhh	彨	71
xmbhh	鬸	0
xmblm	蠒	0
xmbnl	郦	54
xmbo	贡	56
xmbog	靏	20
xmbpy	鹝	51
xmf	灭	305
xmg	圧	20
xmgbb	瑷	63
xmgc	兲	78
xmghe	臵	0
xmgi	压	74
xmh	丆	0
xmhaf	鳫	51
xmibb	叆	52
xmiyl	叇	52
xmjok	攼	68
xmklm	蝅	0
xmkq	厍	76
xmks	历	76
xml	丅	80
xmllm	亜	20
xmllw	畱	0
xmmln	刯	0
xmmmb	頙	0
xmmp	悪	20
xmmuu	鼋	51
xmmvs	亏	57
xmnc	銐	0
xmnf	烮	0
xmnhj	歼	66
xmnnl	邷	54
xmo	乀	80
xmod	橜	0
xmop	憠	0
xmri	戨	0
xmrii	砿	20
xmrsf	礟	0
xms	戸	70
xmsks	劢	77
xmtln	剅	77
xmumb	顽	52
xmumb	頋	0
xmwmb	酾	54
xn	乛	79
xn	亅	79
xnbha	鵤	20
xnbk	奂	73
xnfll	魸	51
xnfo	魞	0
xnfoi	鮘	0
xnlfh	隲	20
xnloi	阾	0
xnlom	険	20
xnm	弖	20
xnmei	鳋	20
xnmik	鲹	51
xnmir	鲐	51
xnmis	鳊	51
xnmlm	鳉	20
xnmmb	鲡	51
xnmmw	鳔	51
xnmod	鲋	51
xnmsu	鱾	51
xnmtm	鲯	51
xnmyi	巯	72
xnnm	孒	0
xnno	弞	0
xnog	坠	74
xnpd	櫽	66
xnsbt	盁	0
xnsf	熃	0
xnsll	弫	71
xo	亻	79
xob	内	744
xobhu	伣	79
xofd	侎	0
xoghq	犫	63
xogog	雦	0
xogp	俧	0
xoi	仏	20
xoiln	刢	0
xoini	侌	79
xoinl	郐	54
xoino	贪	126
xojbv	値	78
xojcr	僒	0
xojd	俕	0
xokkb	倄	0
xombb	俪	78
xomg	仼	0
xommm	佱	79
xommp	僫	0
xomnn	侴	79
xomno	欫	0
xomr	佦	0
xomvm	仾	0
xonln	刏	0
xonno	欦	0
xoo	仌	79
xoof	燞	0
xooln	剣	20
xoomo	倹	20
xoomr	倽	78
xoop	怂	70
xoosk	剱	20
xopbo	贷	205
xorij	舗	20
xormb	颌	52
xorsj	聟	20
xorsm	翖	59
xosk	伛	78
xov	兦	0
xoy	仒	0
xoyjj	倂	78
xoyks	勄	77
xp	勹	77
xp	忄	71
xp	㣺	20
xpaha	鴲	0
xpcru	悦	70
xpfmb	颎	64
xpfqu	慻	0
xpijb	悑	70
xpnin	忬	71
xpo	勽	0
xpomn	忾	70
xpomr	匌	0
xpp	匂	20
xppd	忚	0
xpr	吢	0
xptbo	贳	56
xpvvw	匘	77
xpyv	匄	0
xq	扌	70
xqapp	掲	20
xqbou	摇	69
xqc	捦	0
xqcno	揿	69
xqcru	捝	20
xqfbu	撹	20
xqhjl	揷	20
xqhuo	攒	69
xqi	扩	69
xqif	焘	63
xqjcn	摉	0
xqjco	攨	0
xqke	抜	20
xqkn	扏	0
xqks	劧	0
xqlf	烲	0
xqlln	扸	0
xqnbk	换	69
xqnri	摾	0
xqnsd	挅	0
xqnwa	撸	508
xqo	扖	0
xqogs	擕	0
xqpmm	搄	0
xqsje	摄	69
xqsmi	挦	69
xqtkl	掷	523
xqud	椝	67
xqumr	鬶	20
xqyk	挞	69
xqymy	挊	69
xqypp	摅	69
xqyps	掳	69
xrbbe	嗳	75
xrbln	剈	0
xrbo	呗	75
xrhaj	噑	0
xrjbo	嚔	75
xrlx	啸	75
xrmlm	唖	20
xrmmp	囇	0
xrmsj	蹑	55
xrmtk	踯	55
xrnbk	唤	410
xrnwa	噜	75
xrob	呐	76
xrpa	昬	0
xrr	吅	76
xrrmc	嚻	0
xrrwm	鼍	51
xrsh	叧	0
xrsln	别	823
xrspy	鸮	51
xrtmj	哶	0
xrvfi	嚩	0
xryk	哒	75
xrymu	啮	75
xs	𠃌	20
xsfe	叞	0
xsfom	験	20
xshov	屦	72
xsito	彟	71
xsjha	鵈	20
xsjlm	聎	59
xsjvi	聨	59
xsjvi	聮	59
xskhn	殹	66
xsrbu	覠	0
xsrlb	帬	0
xsrno	欩	0
xssn	巪	20
xt	卝	76
xt	艹	58
xtbg	茔	74
xtbks	荕	0
xtbmi	蒄	58
xtbuf	繤	0
xtclm	蜝	0
xtese	薓	20
xtf	炗	64
xtgf	羙	0
xthai	莵	20
xthdf	蘓	20
xthdj	薭	0
xthgf	薫	20
xthni	葻	0
xtihs	蔵	20
xtj	丗	80
xtjbl	帯	20
xtjmc	薲	0
xtjnd	茡	0
xtjpi	藌	0
xtjpu	荛	58
xtknl	郑	141
xtlx	萧	58
xtmce	虁	0
xtmks	苈	57
xtmms	芌	0
xtmmv	莀	0
xtndf	荪	58
xtni	芕	58
xtoir	莟	20
xtomm	莶	58
xtop	芲	0
xtq	芈	59
xtrok	敾	20
xtsmi	荨	58
xttnl	鄷	54
xttsh	剏	20
xtvfe	蘰	20
xtvft	藴	57
xtvno	蒃	0
xtwln	萝	57
xtycv	蓘	0
xtyk	荙	58
xtykl	萕	58
xtytj	蔁	0
xu	乚	20
xubmr	峝	0
xucno	嵚	72
xuhaf	嶌	72
xuhoo	嵸	20
xuhvi	岻	20
xujjl	嶃	0
xulw	峀	72
xum	屵	0
xummu	嶏	0
xumnn	峢	0
xumog	嶳	0
xumto	嶥	0
xunbq	崅	0
xuogf	嶣	0
xushr	岹	72
xusuu	崫	0
xutqm	嵳	20
xuuce	嵏	0
xuybk	巚	72
xuybp	巄	0
xuyoj	崪	0
xuyrb	嵪	0
xvbbe	嫒	73
xvend	媣	0
xvfii	絋	20
xvfjk	緖	60
xvfll	繍	20
xvfmc	綇	0
xvfnr	繦	20
xvfpm	縆	0
xvfu	糺	60
xvfwd	綶	0
xvhxc	嬩	0
xviks	妫	73
xvmbb	绷	60
xvmfb	绡	60
xvmij	绒	308
xvmr	辔	55
xvnf	煭	0
xvsmg	媉	0
xvtt	妌	0
xvv	巜	72
xwfqu	圏	20
xwgf	黒	20
xwmn	甼	20
xwwwm	疉	20
xxana	晩	68
xxano	閄	0
xxbub	瞐	0
xxccr	鋭	240
xxchl	锨	54
xxcjb	镲	53
xxcki	钛	54
xxcnl	鈟	0
xxcog	镌	54
xxcsh	兺	0
xxdkp	慭	70
xxdmw	樮	20
xxdyt	櫣	0
xxeee	渁	0
xxeg	汢	20
xxfbr	尙	72
xxgi	圡	0
xxgnh	殻	360
xxgok	垁	0
xxhbt	笽	0
xxhcl	劕	0
xxhdh	穒	0
xxhjs	翶	0
xxhnd	凩	20
xxhop	惥	0
xxhrm	頶	0
xxhro	敋	0
xxhsm	箼	0
xxhuf	焈	64
xxhuu	笜	0
xxhwp	恖	0
xxii	厸	0
xxikp	懯	0
xxip	応	20
xxipf	熋	0
xxjch	鴪	51
xxjju	軕	0
xxkf	夵	0
xxki	厺	76
xxku	乄	0
xxmbh	鳾	51
xxmbp	鸸	51
xxmgc	玐	0
xxmgh	鸖	51
xxmkp	懕	0
xxmks	亐	79
xxmmh	鵶	0
xxmmp	忈	0
xxmo	乁	0
xxmrm	碽	0
xxnbg	堕	74
xxnbk	勈	77
xxnn	弜	0
xxog	玍	63
xxogr	舎	20
xxoi	亽	79
xxoj	仐	0
xxop	仑	79
xxosk	仭	20
xxqi	払	70
xxqpm	抣	0
xxrha	唕	0
xxrob	呙	75
xxrom	哬	0
xxrym	噛	75
xxsk	刄	20
xxsm	匞	77
xxsrl	剾	0
xxtk	芖	0
xxtwl	薥	0
xxvfh	縦	60
xxvl	丩	80
xxxbf	鰧	0
xxxcj	镓	54
xxxcn	镪	54
xxxcp	钩	97
xxxcy	铳	54
xxxcy	锿	54
xxxdk	慗	0
xxxmm	忢	0
xxxmm	鴊	0
xxxmr	頢	0
xxxof	仦	0
xxxtg	羐	0
xxxtv	荮	58
xxxua	乢	79
xxxuu	岀	72
xy	亠	79
xy	辶	55
y	卜	76
ya	𨑨	20
yaayf	𩐿	20
yad	桌	400
yaf	亰	20
yahaf	鶕	51
yahag	韹	52
yahe	㚆	0
yahej	韸	20
yai	戠	70
yaitc	𩑈	20
yaj	卓	76
yajbd	䪬	0
yalb	𢂚	20
yam	䪦	0
yambc	𩐳	20
yamh	逿	55
yamlb	韴	0
yamo	遈	0
yamvm	䪫	0
yano	歆	66
yaog	暹	68
yaoin	䪩	0
yaok	㪟	0
yap	恴	0
yapd	䪧	0
yaph	逷	20
yapi	䪨	0
yapim	韵	274
yapr	𩐝	20
yapuu	䪮	0
yapv	遏	251
yarbc	韻	20
yashr	韶	52
yasm	遢	54
yatc	𩐠	20
yatlk	韺	52
yatoe	頀	52
yauu	韷	0
yav	退	55
yayhj	韼	0
yayta	䪭	0
yaytp	䪰	0
yb	迌	20
ybaht	髜	20
ybau	䯩	0
ybb	肻	0
ybbq	䢬	0
ybbr	過	955
ybbr	卨	76
ybcr	䢛	20
ybd	槀	20
ybe	㕟	0
ybelm	䪟	0
ybffs	髝	51
ybg	㙜	0
ybgr	週	20
ybhaf	鶙	20
ybhaf	鶮	0
ybhd	稾	20
ybhg	望	776
ybhne	毃	20
ybhu	邈	54
ybik	獻	63
ybikp	𢅛	20
ybjj	運	645
ybk	䯨	0
ybkb	𥜽	20
yblb	帝	72
yblbr	啻	75
yblbv	㛳	0
ybm	䢐	0
ybmbc	䫕	0
ybmbc	䯪	0
ybmcr	䜭	0
ybmcu	睿	76
ybmo	遯	20
ybmr	迵	20
ybmvn	甋	63
ybmvn	甗	63
ybnl	鄗	54
ybno	歊	66
ybno	欳	20
ybno	歒	20
ybo	贞	56
ybog	離	675
ybok	敵	68
ybok	㪣	0
ybou	遙	237
ybou	遥	237
ybr	迥	80
ybrf	邎	54
ybrrd	髞	51
ybskn	髛	0
ybt	盀	0
ybuc	貞	56
ybuc	䢙	0
ybue	䢲	0
ybye	敲	68
ybyhn	髚	0
ybyhs	旁	68
ybypp	龖	51
ybysp	龍	42
ybysp	㡣	20
yc	六	78
ycbhu	觑	57
ycbr	商	75
ycbr	啇	20
ycbt	䀍	0
ycc	銮	53
ycd	栾	66
yce	变	719
yce	㕢	0
ycelm	䪥	0
ychaf	鵉	20
ychaf	鶐	20
yche	変	20
ychhj	顰	52
yci	戯	20
yciu	兖	78
yciv	衮	57
yck	交	658
yck	奕	73
yclb	帟	72
yclmi	蛮	57
ycmo	亪	0
ycn	弯	193
ycnd	孪	73
ycnh	递	54
ycnl	𨜓	20
ycobo	脔	59
ycor	逧	20
ycorv	䘱	0
ycp	恋	70
ycp	戇	70
ycp	𢥫	20
ycp	戅	0
ycpym	鸾	51
ycq	挛	69
ycrhu	兗	78
ycrhv	袞	57
yct	弈	71
ycttv	㐮	0
ycu	峦	644
ycv	娈	73
ydbuc	䞄	0
ydbuu	親	870
ydcwj	亸	75
ydd	䢞	0
ydhaf	鶉	51
ydhhh	虨	20
ydhhh	㣓	0
ydhml	新	819
ydi	过	955
ydkni	孰	73
ydl	速	55
ydlk	遫	54
ydlmi	䗐	0
ydlo	遬	20
ydmq	違	54
ydnl	郭	54
ydno	歑	20
ydod	𨔼	20
ydog	雜	57
ydok	敦	80
ydok	敹	68
ydoo	逨	0
ydpu	㝄	80
ydpym	鹑	51
ydrrj	嚲	75
ydyrd	㝇	80
ye	攴	68
yebu	督	323
yebuc	䝳	0
yec	錖	20
yed	梷	0
yeee	逫	0
yefd	粲	60
yefh	逤	20
yeg	壑	638
yelmm	韰	20
yenwf	䱗	20
yeoiv	餐	52
yep	惄	70
yev	㛑	0
yeyhv	裻	20
yfb	逍	55
yfd	迷	55
yfdq	遴	54
yfe	叔	76
yffq	䢯	0
yfhaf	鶁	20
yfiku	就	972
yfks	勍	77
yfln	剠	20
yfok	䱷	20
yfr	㕻	80
yft	䢠	0
yfye	敊	20
yg	主	803
ygbuu	䚒	0
ygcg	逵	55
yge	﨎	0
ygg	䜃	0
yggu	遶	20
yghaf	䴀	0
yghne	殶	20
yghqu	氃	20
ygi	迲	20
ygiv	褻	57
ygiv	䙝	0
ygks	勭	0
ygmms	虧	57
ygmvn	㼿	0
ygpd	逇	0
ygr	迼	20
ygrv	遠	709
ygsk	遨	54
ygsmm	𦒍	20
ygtj	逹	20
ygtq	達	699
ygvv	逺	55
ygwc	䢱	0
yha	迫	71
yhaf	鳪	20
yhag	遑	54
yhbm	亹	79
yhbr	逈	20
yhdd	䢤	0
yhds	透	55
yhdv	褎	57
yhdv	逶	55
yhdv	襃	20
yhe	返	55
yhee	邍	20
yhej	逢	211
yheq	逄	55
yhg	𨑳	20
yhgr	造	586
yhgr	𨘥	20
yhgu	选	54
yhgv	𨘻	20
yhhe	邌	0
yhhhh	彥	71
yhhhh	彦	71
yhhqm	產	632
yhhqm	産	632
yhhv	裦	20
yhhw	遛	54
yhiv	褢	57
yhj	迁	54
yhjr	适	55
yhju	遁	55
yhk	迗	20
yhkb	䢪	0
yhln	劌	77
yhmbc	頻	52
yhmbc	顏	52
yhmbc	顔	52
yhmbc	顪	20
yhmbo	频	52
yhmbo	颜	52
yhml	近	634
yhmo	遾	20
yhmr	逅	55
yhn	亢	79
yhoo	䢨	0
yhqb	逓	20
yhqo	迭	55
yhqv	袠	20
yhrr	追	55
yhs	方	900
yhs	迮	55
yhsb	遍	503
yhsd	𨘋	20
yhsk	邀	128
yhsmm	翽	59
yhur	邉	54
yhus	邊	729
yhv	衣	549
yhvi	䢑	0
yhvj	䘚	0
yhvl	迎	475
yhwv	褏	57
yhxc	亷	20
yhxe	遚	0
yhxv	裒	57
yhym	𨒂	20
yhyu	遞	54
yib	育	59
yice	逡	55
yif	熟	360
yifh	玅	20
yig	塾	74
yihaf	䲻	0
yihm	䢕	0
yihu	充	461
yihu	㐬	0
yihxo	斔	68
yihxo	螤	20
yiih	遪	0
yijb	逋	55
yijc	述	55
yije	逑	55
yik	迖	20
yimr	䃞	0
yiohv	玈	63
yioj	率	360
yiok	逘	0
yir	迨	55
yirv	袬	20
yit	弃	445
yitd	棄	445
yitf	遮	496
yiwn	夣	74
yiyvi	玆	63
yj	斗	381
yj	辻	20
yjb	䢌	0
yjbj	遖	20
yjco	邃	54
yjdi	䢘	0
yjdl	辣	55
yjeyj	㵷	0
yjf	㷭	80
yjhaf	鵫	51
yjhec	贛	64
yjhee	竷	20
yjheo	赣	64
yjhhh	彰	71
yjhoj	瓣	263
yjhqu	㲔	0
yjhqu	㲞	0
yji	㦸	20
yjilj	辨	154
yjivj	辩	392
yjksj	辦	572
yjlii	蠭	20
yjllj	㸤	0
yjlmi	䗬	0
yjmbc	贑	20
yjmbc	顇	20
yjmd	䢓	0
yjmy	𠁎	20
yjn	㪲	0
yjn	乧	0
yjnl	鄣	54
yjno	㰵	0
yjp	㦁	0
yjp	迱	0
yjpyj	㦚	0
yjr	㪳	0
yjrp	㖍	0
yjrr	逭	55
yjrrj	䯬	0
yjshj	辧	20
yju	乵	0
yjvfj	辮	55
yjvmj	辫	55
yjwj	連	626
yjye	㪕	0
yjyj	幷	71
yjyjj	𣁾	20
yjyjn	甁	63
yjykj	辬	0
yjyrj	辯	392
yjytj	辡	0
yk	头	897
yk	文	853
yk	达	699
ykanw	斕	68
ykb	迶	55
ykbuc	䝺	0
ykbuu	斍	0
ykc	鐜	0
ykcf	遼	54
ykdhe	㿰	0
ykdi	対	20
ykfd	㪰	0
ykg	墪	20
ykhaf	鵁	51
ykhaf	鵺	51
ykhaf	鳼	20
ykhaf	鷟	20
ykhaf	鸆	20
ykhaf	鴍	0
ykhbm	斖	20
ykhf	逖	55
ykhg	逛	168
ykhhh	彣	20
ykhq	𣁄	20
ykhsb	斒	68
yki	迏	55
ykiav	斏	0
ykjt	逩	0
ykks	効	20
yklii	䘇	0
yklii	螡	0
ykll	齐	51
yklll	齑	51
yklm	斉	68
yklmi	蚉	57
yklml	斎	20
ykln	刘	77
ykln	㓺	0
yklsw	斓	68
ykmb	遀	0
ykmbc	頝	20
ykmbl	斋	79
ykmpm	斌	68
ykmr	䃦	0
ykn	㐎	0
yknbk	㪱	0
yknd	斈	68
yknl	郊	349
ykok	效	78
ykp	忞	71
ykp	憝	70
ykpb	遰	54
ykpym	䴔	51
ykq	连	626
ykq	撉	20
ykq	㪯	0
ykr	吝	491
yks	边	729
yksj	斊	0
yksmm	𦐑	20
yksr	迦	55
ykvif	紊	60
ykymu	齾	51
ykypu	虠	0
yl	迚	20
ylb	市	591
yle	逮	55
ylhv	衷	57
yll	亣	20
ylln	剂	77
ylln	剤	20
yllv	遱	0
ylm	止	66
ylmc	遺	527
ylmh	步	596
ylmh	歩	66
ylmo	遗	527
ylmo	逃	427
ylmo	歨	66
ylmr	遣	142
ylmv	裵	20
ylnc	亦	79
ylq	䢖	0
ylv	㜪	0
ylw	迪	55
ylwl	迧	0
ylyc	䥆	0
ym	上	988
ym	辷	20
yma	㫖	0
ymb	肯	367
ymbb	逦	54
ymbo	赟	56
ymbuc	贇	56
ymbuu	覰	57
ymbuu	覷	57
ymbw	䢮	20
ymcu	𥈠	20
ymcw	迺	55
ymcw	逎	20
ymd	迂	55
ymdhe	皻	62
ymdhe	皽	62
ymf	还	930
ymf	尗	72
ymfb	邇	54
ymg	迋	55
ymgc	𨘀	20
ymgdi	歭	20
ymhaf	鸇	51
ymhby	歬	0
ymhjg	歱	0
ymhqu	氈	66
ymhuk	㱗	0
ymhv	衺	0
ymi	戱	70
ymihf	歳	20
ymihh	歲	739
ymj	迀	0
ymje	歧	66
ymks	勯	77
yml	䢋	0
ymlb	迊	20
ymlk	䢚	0
ymlm	䢝	0
ymln	剷	20
ymln	㔊	0
ymmbc	顫	360
ymmbc	頉	0
ymmbo	颤	360
ymmi	运	645
ymmnr	㱒	0
ymmp	邐	54
ymmp	悥	0
ymmr	言	672
ymmr	訁	56
ymmr	逜	20
ymms	迃	0
ymmu	远	709
ymmu	䢥	0
ymni	㱑	0
ymnl	䣜	0
ymnn	迾	20
ymno	欤	66
ymno	歔	66
ymo	仧	0
ymog	䧳	0
ymoii	㱓	0
ymok	䲣	0
ymomg	𣁦	20
ymp	此	867
ymp	忐	71
ymphf	䳄	0
ympno	㰣	0
ympog	雌	53
ympym	鹯	51
ymqmc	歵	0
ymrk	䢩	0
ymrt	逗	55
ymrw	逼	221
yms	迈	54
ymsmb	㱕	0
ymso	逐	373
ymss	歫	66
ymt	䢎	0
ymufd	歯	20
ymuo	齿	1
ymuoo	齒	1
ymvh	迓	55
ymvm	逕	55
ymwu	遷	54
ymy	卡	360
ymye	㪥	0
ymymm	歮	66
ymyoj	㱖	0
ynbo	赢	56
ynbq	邂	54
ynd	䢊	0
yndf	逊	54
yndf	遜	54
ynf	迩	54
ynfd	䊨	0
ynhaf	䲳	20
ynhb	遹	54
ynhe	﨤	0
ynhs	辸	20
ynhv	袤	57
yni	歺	66
ynib	通	718
ynin	迻	55
ynir	䢣	0
yniv	袲	57
yniy	迯	20
ynj	迅	302
ynks	劥	0
ynlb	䢫	0
ynmbc	頏	52
ynmbo	颃	52
ynmvn	㼚	0
ynn	辽	54
ynnl	邟	20
ynno	㰠	0
ynom	迳	55
ynot	邆	54
ynqd	椉	20
ynui	逸	55
ynyt	䇔	0
yo	込	20
yo	龰	20
yoam	亱	0
yobuc	賌	56
yodv	褒	57
yof	㸂	0
yog	進	868
yohne	毅	246
yohne	㱾	80
yohne	𣫛	20
yohwj	颦	52
yoir	䢢	0
yoj	迕	55
yokr	㖱	0
yoks	劾	77
yoks	勮	0
yolmi	䗠	0
yoln	劇	529
yoln	刻	77
yombc	頦	1
yombc	顡	0
yombo	颏	1
yomd	途	55
yomn	逾	55
yomr	䢔	0
yon	迄	55
yonk	夜	615
yonl	郂	0
yono	欬	66
yooj	卒	80
yop	戆	70
yopd	迤	55
you	㐪	0
yov	嬜	0
yp	虍	57
ypa	迿	55
ypa	㫮	0
ypbm	虘	0
ypbo	赀	56
ypbu	眥	62
ypbuc	貲	56
ypc	鈭	20
ypd	柴	67
ypd	迆	55
ypd	㰍	20
ypdb	㭰	0
ypg	壟	74
ypg	㘹	20
yphaf	鷾	51
yphaf	鸗	20
yphaf	鴜	0
yphen	處	764
yphfd	虖	57
yphne	㲃	0
yphu	虎	288
ypihr	䖗	0
ypks	虏	57
ypks	勴	20
yplb	㠿	0
yplmi	蠪	20
yplmi	䖪	0
ypmd	䖉	0
ypmk	龑	51
ypmm	些	909
ypmmf	龒	51
ypmmf	祡	20
ypmr	礱	61
ypmr	砦	20
ypmrb	骿	20
ypmrt	䖒	0
ypmso	豦	56
ypnbg	觜	57
ypni	㱔	20
ypnwf	鮆	20
ypobo	胔	59
ypog	雐	0
ypoiv	飺	20
ypok	䖍	0
ypom	虗	57
ypp	虑	428
ypp	䖈	0
ypph	虙	57
yppkk	䖏	0
ypq	㧘	0
ypr	呰	75
yprr	啙	0
yprvk	虞	57
ypsj	聾	59
ypsm	虐	151
ypsqf	驡	0
ypt	衧	20
ypt	龏	0
yptc	虚	57
yptc	龔	51
yptd	䢡	0
yptm	虛	57
yptmc	虡	57
ypu	迍	55
ypuv	袌	20
ypv	姕	0
ypvif	紫	405
ypwb	膚	650
ypwbt	盧	62
ypwks	虜	57
ypwlb	歶	20
ypwp	慮	428
ypybp	龘	51
ypyhv	襲	57
ypyk	虔	57
ypymr	訾	56
ypymr	讋	56
yqhl	逝	175
yqiv	亵	57
yqmcw	䤗	0
yqod	逰	0
yqs	违	54
yr	占	79
yra	亯	0
yraa	誯	56
yrahm	謃	0
yram	詚	0
yramh	諹	20
yramj	䛞	0
yramo	諟	20
yrana	𧬘	20
yranb	譋	20
yranw	讕	56
yranx	讇	56
yrapp	䛰	0
yrapv	謁	56
yrav	裛	57
yrav	詪	0
yravf	䜙	0
yrawe	謾	56
yrb	䚴	0
yrbb	膏	59
yrbb	䯧	0
yrbbe	䛵	20
yrbbn	贏	56
yrbbr	諣	0
yrbcd	𧨾	20
yrbd	稁	0
yrbgr	調	360
yrbhn	鸁	51
yrbhu	觇	57
yrbhx	謟	20
yrbjj	諢	56
yrbln	蠃	57
yrbm	詛	56
yrbme	諼	56
yrbmm	䛁	0
yrbmr	詷	20
yrbn	亭	442
yrbn	亴	0
yrbo	豪	179
yrbou	謠	56
yrbou	謡	56
yrbp	亳	79
yrbr	高	872
yrbr	詗	56
yrbsd	諍	56
yrbsn	驘	20
yrbtn	羸	59
yrbtv	誷	0
yrbu	亮	79
yrbu	毫	66
yrbuu	覘	57
yrbuu	誢	0
yrbvk	謑	56
yrbvn	嬴	73
yrbwn	臝	20
yrci	訟	56
yrcms	䚷	0
yrcmt	諡	20
yrcor	䛦	0
yrcru	說	977
yrcru	説	977
yrcsh	訜	20
yrcwa	譄	0
yrdd	諃	20
yrdhe	詖	56
yrdi	討	524
yrdk	訣	56
yrdl	誎	0
yrdmq	諱	56
yrdoe	䜉	0
yrdoo	誺	20
yrdw	諌	56
yrdwf	諫	56
yre	㕡	20
yrea	誻	20
yreee	諁	0
yrei	訍	0
yrf	点	854
yrf	京	79
yrf	䚱	0
yrfb	誚	56
yrfbf	讜	56
yrfbg	㙶	0
yrfbw	譡	56
yrfd	詸	56
yrff	談	585
yrffs	䜎	0
yrfh	訬	56
yrfq	詊	56
yrfqr	𧬸	20
yrgbu	読	20
yrgcr	讟	20
yrgdi	詩	476
yrgg	詿	56
yrggu	譊	56
yrgi	詓	0
yrgni	譸	20
yrgp	誌	20
yrgr	詰	56
yrgrr	譆	20
yrgtj	䛭	0
yrgwc	讀	646
yrhab	䛲	0
yrhaf	䳝	0
yrhag	諻	20
yrhaj	䜂	0
yrhbk	䜒	0
yrhbu	詯	0
yrhd	訸	20
yrhdn	謻	20
yrhdn	䛢	0
yrhdn	誗	0
yrhds	誘	233
yrhdv	諉	56
yrhdw	譒	56
yrhe	䛀	0
yrhej	𧧽	20
yrher	詻	56
yrhg	逞	55
yrhg	䚾	0
yrhge	譭	20
yrhgr	誥	56
yrhgu	詵	56
yrhhh	㣌	20
yrhhh	䚲	0
yrhhi	謝	56
yrhhj	諀	20
yrhjd	誅	56
yrhjg	諥	0
yrhjm	諈	20
yrhjr	話	866
yrhju	䛻	0
yrhjx	䛽	0
yrhk	訞	20
yrhkb	譑	20
yrhlc	䜠	0
yrhml	訢	56
yrhmr	詬	56
yrhmy	訴	557
yrhne	設	56
yrhni	諷	56
yrhni	訉	0
yrhnr	䛇	0
yrhor	譗	20
yrhp	託	56
yrhpa	諙	20
yrhpm	詆	56
yrhpr	䛡	0
yrhqi	誐	20
yrhqo	詄	20
yrhqu	䚽	0
yrhs	詐	56
yrhsb	諞	56
yrhsk	譤	0
yrhsm	謆	56
yrht	䛂	0
yrhuc	讚	20
yrhui	謉	0
yrhv	哀	75
yrhwk	䛜	0
yrhwp	謥	20
yrhxe	謏	20
yrhxm	䛼	0
yrhxo	諛	56
yrhxu	誽	20
yrhyr	䛮	0
yrhyu	謕	20
yri	战	710
yriav	誏	20
yrice	誜	20
yrih	䛋	0
yrihr	諴	20
yrihs	誠	435
yrii	諓	20
yriih	謲	0
yrijb	誧	56
yrijc	訹	56
yrikf	譌	20
yrikk	詙	20
yriku	訧	56
yrill	詶	20
yrine	詠	20
yriok	誒	56
yrior	諮	56
yripm	試	56
yrir	詒	56
yrirp	䜗	0
yrit	誡	56
yritc	譧	20
yritf	謶	20
yriyr	䛸	0
yrj	計	566
yrjbc	謓	20
yrjbd	誖	20
yrjbj	諵	56
yrjbm	誼	453
yrjc	䛎	0
yrjcn	䛪	0
yrje	䚳	0
yrjhp	詫	174
yrjhw	讅	56
yrjim	䜟	0
yrjip	譓	20
yrjjb	謿	20
yrjka	諸	415
yrjkd	誟	0
yrjlo	誱	0
yrjmf	誴	20
yrjmm	諠	20
yrjmn	詝	0
yrjmo	諚	20
yrjmu	𧨎	20
yrjnu	䛷	20
yrjp	詑	56
yrjpn	𧭈	20
yrjqp	䜢	0
yrjr	詁	56
yrk	奌	73
yrkb	詴	20
yrkcf	䜍	0
yrkf	詼	56
yrkhg	誑	56
yrkja	譇	20
yrkk	訤	0
yrkkb	䛥	0
yrkkb	誵	0
yrklu	䛳	0
yrkmr	䛴	0
yrkms	誇	398
yrkn	訅	0
yrkni	訙	0
yrkoo	䛟	80
yrks	勏	0
yrl	訲	0
yrlbk	詇	0
yrlbu	訦	0
yrlll	訓	56
yrlln	䛍	0
yrlmc	䜋	0
yrlmo	誂	56
yrlmy	誹	56
yrln	剖	77
yrln	㓠	0
yrln	䚯	0
yrlp	䛱	0
yrlw	䛆	0
yrlwk	䛕	0
yrlwl	訷	0
yrlwp	䛖	0
yrlws	䛣	0
yrlwv	謱	20
yrm	訌	56
yrmbb	譳	0
yrmbc	頕	20
yrmbc	䫓	0
yrmbe	䜡	0
yrmbl	䛔	0
yrmbs	謣	20
yrmca	𧪽	20
yrmd	訏	20
yrmdm	讈	20
yrmfj	評	56
yrmgr	讍	0
yrmhf	謜	20
yrmhs	𧨊	20
yrmig	誈	0
yrmj	訐	56
yrmjj	詽	0
yrmjk	譀	20
yrmk	䚶	0
yrmlm	䛩	0
yrmmh	𧧝	20
yrmmp	䜑	0
yrmmr	語	679
yrmmu	䛃	0
yrmmv	誫	20
yrmn	訂	56
yrmnr	訶	56
yrmoo	誣	56
yrmrb	䛿	0
yrmrr	謌	20
yrmrt	䛠	0
yrmrw	諨	20
yrmso	諑	56
yrmsu	𧦠	20
yrmt	訮	0
yrmua	譖	56
yrmvh	訝	56
yrmvm	誙	56
yrmvn	瑀	63
yrmwc	䜖	0
yrmwf	謤	20
yrmwg	諲	20
yrmwj	譚	56
yrmym	証	522
yrn	㐔	0
yrnbe	讂	20
yrncr	譫	56
yrnd	享	79
yrndf	𧪾	20
yrnf	烹	64
yrng	䚼	0
yrngu	䛝	0
yrnhb	譎	56
yrnhe	訯	0
yrnhs	䚮	20
yrnhx	諂	56
yrnib	誦	56
yrnin	誃	56
yrnir	詺	20
yrniu	䛄	0
yrnj	訊	56
yrnkg	誔	20
yrnkm	誕	56
yrnkm	𧩙	20
yrnl	部	812
yrnl	訠	0
yrnlb	䜏	0
yrnlp	讔	20
yrnmu	詭	56
yrnn	亨	79
yrno	㰴	0
yrno	䚿	0
yrnob	諝	56
yrnoe	𧬋	20
yrnot	證	56
yrnqd	謋	56
yrnri	讒	56
yrnuu	䜛	0
yrnyi	誸	20
yrob	訥	56
yrod	䛙	0
yrodi	詂	0
yrog	誰	56
yroge	謢	20
yrogf	譙	56
yrohg	䛘	0
yrohh	診	56
yroii	詅	56
yroim	讖	56
yroin	訡	0
yroip	諗	56
yroir	謒	20
yroir	誝	0
yroj	許	790
yrok	敨	20
yrok	䚺	0
yrok	䛈	0
yroll	䚸	0
yroma	譮	0
yromb	論	659
yromb	讑	0
yromg	詮	393
yromn	諭	56
yromo	譣	20
yromr	詥	0
yron	訖	56
yrop	訛	56
yrotf	譕	20
yrovu	詤	0
yrowy	誨	56
yroyr	𧪄	20
yrp	訫	20
yrp	㤐	0
yrp	䚰	0
yrpa	詢	325
yrpa	詣	56
yrpd	訑	56
yrpfd	諊	0
yrph	䛑	0
yrphp	𧩓	20
yrpht	謐	56
yrpi	訋	0
yrpim	𧥺	20
yrpko	譺	20
yrpou	䛬	0
yrpp	䚹	0
yrppa	諧	452
yrpr	訽	20
yrpru	䛌	0
yrpt	詍	20
yrptd	諜	56
yrpu	訰	20
yrpuk	詾	20
yrpuu	謅	56
yrqd	誄	56
yrqjd	䛶	0
yrqjp	譿	20
yrqmb	請	655
yrqmc	謮	20
yrqmf	䛾	0
yrqmv	諘	20
yrqoa	譛	20
yrqoc	讃	20
yrqsk	謸	0
yrra	㐯	0
yrrau	郶	0
yrrc	䛊	0
yrrhu	詋	0
yrrp	㖜	0
yrrrd	譟	20
yrrrj	譂	20
yrrrk	讝	0
yrrrs	諤	56
yrrs	遌	20
yrrsj	諿	20
yrru	遻	54
yrru	𨕬	20
yrruc	譔	20
yrrv	襄	57
yrrvk	誤	56
yrrvp	䛉	0
yrrxu	譝	20
yrryo	䛤	0
yrseq	䜄	0
yrshi	訒	56
yrshr	詔	56
yrsim	譅	56
yrsim	䜀	0
yrsip	認	749
yrsj	誀	0
yrsje	諏	56
yrsjj	讘	56
yrsjr	䛯	0
yrsma	謵	20
yrsme	誛	0
yrsmg	誆	56
yrsmh	謬	56
yrsmm	詡	56
yrsmr	詞	535
yrsmv	䛫	0
yrso	訳	20
yrsp	䛏	20
yrsrr	謳	56
yrss	詎	56
yrsu	記	765
yrsup	誋	56
yrsuu	誳	0
yrsyj	謘	20
yrta	諎	0
yrtak	謨	56
yrtam	𧫴	20
yrtav	譪	20
yrtbh	謭	56
yrtbm	譾	56
yrtc	鿁	0
yrtca	譜	363
yrtct	謚	56
yrtgi	議	56
yrtgi	讛	20
yrtgi	譵	0
yrtgr	𧬆	20
yrtkr	諾	56
yrtlf	讌	56
yrtlj	諽	0
yrtlm	謹	237
yrtm	詌	20
yrtmc	諆	56
yrtmd	謀	690
yrtmj	譁	20
yrtmv	諶	56
yrtoe	護	56
yrtop	誮	0
yrtpd	䜓	20
yrtq	詳	465
yrtrg	讙	20
yrtrk	䜘	20
yrtt	誁	20
yrttb	講	577
yrttc	諩	0
yrtwa	䜊	0
yrtwb	䜕	0
yrtwi	譐	20
yrtwt	𧬹	20
yrtwv	譨	20
yrtxc	謙	56
yrtyb	𧬺	20
yrtyu	謊	56
yru	乩	79
yru	訕	56
yruc	選	54
yrue	詜	0
yruk	訩	20
yrumb	諯	20
yruob	讗	0
yruog	䜅	0
yruu	詘	56
yrve	詉	20
yrvfd	䛧	0
yrvgk	䜁	0
yrvii	譏	56
yrvis	詏	20
yrvl	訆	0
yrvno	䛹	0
yrvvd	䜈	0
yrvvi	䜝	0
yrw	畗	0
yrwb	謂	56
yrwc	訵	0
yrwce	謖	56
yrwd	課	501
yrwjc	謴	0
yrwl	䛅	0
yrwlj	譯	394
yrwlv	譞	20
yrwol	䛺	0
yrwp	諰	20
yrwr	䛛	0
yrwww	讄	20
yry	訃	56
yrybb	諦	56
yrybk	讞	56
yrybs	謗	56
yrybu	䜜	0
yrycb	謪	56
yrycb	謫	56
yryck	詨	56
yrycv	譲	20
yrycv	䜇	0
yrydk	譈	56
yrye	敁	68
yrye	遐	54
yrye	㪗	20
yryfd	謎	56
yryfe	諔	20
yryg	註	20
yryhh	諺	56
yryhs	訪	56
yryia	識	597
yryj	䚵	0
yryjj	謰	20
yrykb	䜔	0
yrylc	讉	0
yrylm	訨	0
yrylr	譴	56
yrymp	訿	20
yrymr	誩	20
yryoj	誶	56
yrypd	謼	56
yrypm	謔	56
yrypm	謯	20
yrypm	譃	20
yrypu	諕	56
yryr	詀	20
yryrb	謞	20
yryrd	諄	56
yryrf	諒	56
yryrn	諪	20
yryro	譹	56
yryrr	譶	56
yryrv	讓	763
yrysd	𧩹	20
yryta	諳	56
yrytj	䛨	0
yrytj	辪	0
yryto	譢	56
yrytp	譩	56
yryub	謧	20
yryvi	詃	0
yryvo	該	660
yrywf	䜚	0
yrywm	譠	20
yryx	䜞	0
yryyb	讁	20
ys	卢	62
ys	迉	20
ysbuu	覫	0
ysdhe	㿶	0
ysfv	褭	20
ysg	堃	74
ysg	𡑔	20
ysh	辺	20
yshaf	鴋	0
yshdw	旙	20
yshr	迢	55
ysif	旀	0
yskmr	旑	20
yskrc	䫯	0
yslb	髙	51
ysm	与	864
ysmb	䢜	0
ysmbo	颅	52
ysmg	䢰	0
ysmh	䢧	0
ysmvn	瓬	63
ysnau	䒍	0
ysnkq	旔	20
ysnl	邡	54
ysnmu	㫉	0
yso	迟	483
yso	㫃	0
ysob	䐡	0
ysobj	㫎	0
ysoby	旃	68
ysode	旇	0
ysof	㫆	0
ysofb	旓	68
ysogb	㫋	0
ysohc	旟	68
ysohl	旂	20
ysohm	旌	68
ysohn	斻	20
ysohu	旄	68
ysohv	旅	68
ysohw	旛	68
ysojb	旆	68
ysok	放	752
ysokr	旖	68
ysolb	斾	68
ysoll	斺	0
ysolo	旐	68
ysomf	旚	20
ysoml	㫅	0
ysomm	㫌	0
ysomn	旊	68
ysomr	㫊	0
ysomv	㫏	0
ysond	斿	68
ysono	旋	68
ysooa	旝	68
ysooi	旍	20
ysook	族	68
ysook	㫍	0
ysopd	施	68
ysosp	旎	68
ysotc	旗	68
ysoy	於	68
ysoym	旜	0
ysoyu	旒	68
ysp	迡	20
yspym	鸬	51
ysqf	遤	20
ysrj	避	426
ystmc	𣄃	20
ystq	遅	20
ysyhn	𣃚	20
ysyia	旘	0
ysyiu	旈	0
ysyj	遟	54
ysyoo	旞	20
ysyq	遲	483
yt	立	716
yt	𨑬	20
yta	音	706
yta	暜	68
yta	逪	0
ytahu	竟	61
ytaj	章	61
ytap	意	902
ytapv	竭	188
ytbsd	竫	20
ytbuu	覻	0
ytcsh	竕	20
ytcw	遒	54
ytcwa	竲	0
ytd	亲	870
ytdl	竦	61
ytdq	𨗨	20
yteg	䇈	0
ytfb	䇌	0
ytfh	竗	20
ytggu	𥪯	20
ytgo	䢭	20
yth	产	632
ythaf	鴗	51
ythaf	鸕	51
ythdl	𥪕	20
ythj	竏	20
ythlb	竬	0
ythn	竌	0
ythne	竐	0
ythni	颯	80
ythnk	飒	80
ythqu	竓	20
ytht	竔	0
ythu	道	926
ythwj	䇑	0
ythxh	竧	20
yti	戲	431
yti	䇅	0
ytice	竣	61
ytid	蒁	0
ytii	䇊	20
ytiok	竢	20
ytj	辛	420
ytj	竍	20
ytjbm	竩	20
ytje	攱	0
ytjii	竱	0
ytjki	竤	20
ytjmn	竚	20
ytjr	㖖	0
ytk	送	588
ytki	竑	61
ytkr	逽	20
ytkr	𨔽	20
ytks	㔧	0
ytl	䇂	0
ytle	䇐	0
ytma	竡	61
ytmbb	䇕	0
ytmbc	顱	52
ytmr	䇉	0
ytmrb	竵	0
ytmwg	竰	20
ytnin	䇋	0
ytnl	𨚪	20
ytno	㱆	0
ytnot	竳	0
ytnr	竒	20
ytog	遳	20
ytoii	竛	20
yton	䇄	20
ytpo	遂	55
ytpo	豙	0
ytpr	竘	20
ytqmb	靖	52
ytr	咅	75
ytrhu	竞	61
ytru	䇃	0
ytrvp	䇇	0
ytryo	䇍	0
ytsmm	翊	59
ytstt	竮	20
ytt	进	868
ytt	迸	55
ytt	竎	0
ytta	䇎	0
yttb	遘	54
yttwi	竴	0
ytu	逆	55
ytub	遡	20
ytumb	端	61
ytv	妾	73
ytw	䢗	0
ytwa	遭	199
ytwb	邁	54
ytwg	童	61
ytwi	遵	54
ytwu	竜	20
ytyaj	竨	0
ytye	㪭	0
ytyj	䇆	0
ytyr	站	61
ytyrd	䇏	20
ytyrn	𥪜	20
ytyt	竝	20
ytytj	𥪮	20
yu	辿	55
yua	䖑	0
yua	䖜	0
yuau	䶕	0
yuav	齦	221
yuav	龈	221
yubbb	䶤	0
yubcn	䶡	0
yubjj	齳	0
yubm	齟	51
yubm	龃	51
yubm	䖕	0
yubuc	贙	20
yubuu	覤	57
yuddf	齽	0
yuddo	齼	0
yudi	導	72
yue	叡	20
yue	𠮏	20
yueg	壡	74
yuemi	𤫀	20
yuggu	䶧	0
yuhaf	鷲	51
yuhd	䆃	0
yuhgr	䶜	20
yuhhh	彪	245
yuhlb	齲	51
yuhlb	龋	51
yuhml	齗	51
yuhml	龂	51
yuhne	㲊	0
yuhni	䬌	0
yuhrf	䖚	0
yuhs	齚	51
yuhsl	齭	0
yuhx	齨	0
yuhxu	齯	20
yuihr	䶢	0
yuii	虥	20
yuir	齝	20
yujbc	齻	20
yujbf	䖛	0
yujbm	𪘲	20
yujig	䶪	0
yuk	㐫	80
yukb	离	675
yukmr	齮	20
yukoo	䶝	0
yulmi	䶚	0
yuln	䖌	0
yulwp	齥	20
yumb	遄	55
yummr	齬	51
yummr	龉	51
yumnr	䶗	0
yumvh	齖	20
yunai	䖘	0
yunhx	䶟	0
yuo	䖋	0
yuoii	齡	51
yuoii	龄	51
yuoii	齢	20
yuoin	䶖	0
yuolf	虪	20
yuoll	齘	20
yuomo	䶨	0
yuomr	𪘁	20
yuon	齕	51
yuon	龁	51
yup	齔	51
yup	龀	51
yupd	䶔	0
yuphh	虝	0
yupr	齣	20
yupru	齙	51
yupru	龅	51
yupt	齛	20
yupuu	齺	20
yupym	鹫	51
yuqmc	䶦	0
yur	噵	0
yurc	齞	51
yurp	㘏	0
yurrk	䶫	0
yurrs	齶	220
yuryo	齪	51
yuryo	龊	51
yuryo	蹵	20
yushr	齠	51
yushr	龆	51
yusje	齱	20
yusmg	齷	51
yusmg	龌	51
yuss	䶙	0
yustr	𪙛	20
yuta	齰	51
yutct	齸	20
yutm	甝	63
yutm	瑎	20
yutmc	䶞	0
yutxc	𪙊	20
yuu	齓	20
yuumt	䶣	0
yuvml	鼑	0
yuwd	齫	20
yuwl	䖖	0
yuwlb	齵	20
yuyck	齩	20
yuye	㪫	20
yuyhh	齴	20
yuymp	齜	51
yuymp	龇	51
yuypm	䶥	0
yuypu	虤	20
yuyt	䶘	0
yuytu	競	61
yuytu	竸	20
yuyx	䶩	0
yv	亡	79
yvab	朚	0
yvb	肓	59
yvb	膂	59
yvbcr	裔	57
yvbq	牽	351
yvbu	盲	171
yvd	杗	67
yvgg	壅	74
yvgi	㻾	0
yvgi	䗸	0
yvgn	甕	20
yvgu	罋	20
yvgv	饔	52
yvgw	㽫	0
yvhbt	衁	57
yvhg	雍	53
yvhlu	巟	72
yvho	亥	79
yvho	𠀅	0
yvhqu	㲤	0
yvhvo	瓤	63
yvi	玄	63
yviw	畜	360
yvks	勷	77
yvlb	㠵	0
yvlii	蝱	20
yvlmi	䖟	80
yvne	逯	55
yvnl	邙	54
yvobo	膐	0
yvp	忘	71
yvr	吂	0
yvrvp	氓	360
yvsl	𠨑	20
yvv	妄	73
yvvv	巡	72
yvvv	邋	54
yw	亩	63
ywase	䴝	0
ywbuu	䚃	0
ywd	㮚	80
ywdv	裹	57
ywfb	䴛	0
ywgv	裏	964
ywhui	䴜	0
ywi	畆	20
ywihr	鹹	75
ywii	鹵	226
ywjc	遦	0
ywk	卤	226
ywkb	禼	0
ywkk	卥	0
ywlb	遇	55
ywle	遝	54
ywlg	邏	197
ywlg	𨗴	20
ywln	逻	197
ywlv	還	930
ywlv	褱	57
ywmmf	禀	185
ywmv	衰	57
ywni	𠧧	20
ywnl	鄐	54
ywno	畝	63
ywo	畒	63
ywoii	鹷	0
ywoin	鹶	0
ywomo	鹼	61
ywomo	鹸	20
ywr	迴	893
ywr	㐭	0
ywr	㔽	0
ywrd	稟	185
ywrm	亶	79
yws	卣	76
ywsl	逥	0
ywsmg	䴞	0
ywtqm	鹺	51
ywtqm	鹾	51
ywtxc	鹻	20
ywyhn	䴚	0
yx	齊	51
yxbt	齍	20
yxbuc	齎	56
yxf	齋	79
yxf	齌	51
yxlmm	齏	51
yxlmm	韲	20
yxln	劑	77
yxv	䶒	0
yxyhv	𪗋	20
yy	卞	76
yyaj	逴	55
yybb	遆	20
yybc	遉	20
yycb	適	55
yyck	䢒	0
yyg	迬	0
yyhh	遃	0
yyhn	迒	20
yyhs	䢍	0
yyib	逳	20
yyij	䢦	0
yyj	䢏	0
yyjj	逬	0
yyk	这	990
yylc	迹	243
yymr	這	990
yyn	㫇	0
yyn	乻	0
yypo	遽	54
yyr	迠	20
yyr	㫈	0
yyrp	旕	0
yysd	遊	20
yysk	䢟	0
yytj	遧	20
yywm	邅	54
yywn	𨔁	20
yyws	逌	55
yyyhv	𧜏	20
